group_type,group,total_files,NONE_count,NONE_percent,LZ4_count,LZ4_percent,ZSTD_count,ZSTD_percent,UNKNOWN_count,UNKNOWN_percent,compressed_count,compressed_percent,stored_bytes,known_original_size_files,known_original_bytes,minimum_original_bytes,maximum_original_bytes,average_original_bytes,compressed_stored_bytes,compressed_original_bytes,compressed_ratio_percent
pack,models_other.pack,1509,1509,100.00,0,0.00,0,0.00,0,0.00,0,0.00,395612730,1509,395612730,140,5185836,262168.81,0,,
pack,models.pack,15,15,100.00,0,0.00,0,0.00,0,0.00,0,0.00,1998468,15,1998468,4888,613712,133231.20,0,,
pack,models2.pack,3677,3677,100.00,0,0.00,0,0.00,0,0.00,0,0.00,897092684,3677,897092684,1210,4976352,243974.08,0,,
pack,models3.pack,4446,4446,100.00,0,0.00,0,0.00,0,0.00,0,0.00,1274178106,4446,1274178106,576,5773486,286589.77,0,,
pack,models4.pack,2475,2475,100.00,0,0.00,0,0.00,0,0.00,0,0.00,195319684,2475,195319684,576,3658992,78917.04,0,,
pack,terrain_camp_models.pack,520,520,100.00,0,0.00,0,0.00,0,0.00,0,0.00,10257576,520,10257576,1960,220864,19726.11,0,,
pack,terrain11.pack,45,0,0.00,45,100.00,0,0.00,0,0.00,45,100.00,6172794,45,10769526,140,2972240,239322.80,6172794,10769526,57.32
pack,terrain2.pack,10,0,0.00,10,100.00,0,0.00,0,0.00,10,100.00,400,10,1400,140,140,140.00,400,1400,28.57
pack,terrain3.pack,60,0,0.00,60,100.00,0,0.00,0,0.00,60,100.00,5565081,60,8407288,140,1332628,140121.47,5565081,8407288,66.19
pack,terrain4.pack,344,0,0.00,344,100.00,0,0.00,0,0.00,344,100.00,193548,344,307736,140,23224,894.58,193548,307736,62.89
pack,terrain5.pack,35,0,0.00,35,100.00,0,0.00,0,0.00,35,100.00,5405406,35,6306576,140,5321680,180187.89,5405406,6306576,85.71
pack,terrain6.pack,61,0,0.00,61,100.00,0,0.00,0,0.00,61,100.00,4922521,61,7819456,140,2949936,128187.80,4922521,7819456,62.95
pack,terrain7.pack,6,0,0.00,6,100.00,0,0.00,0,0.00,6,100.00,544960,6,670664,140,238320,111777.33,544960,670664,81.26
pack,terrain8.pack,54,0,0.00,54,100.00,0,0.00,0,0.00,54,100.00,17779618,54,33724952,140,2490968,624536.15,17779618,33724952,52.72
pack,terrain9.pack,35,0,0.00,35,100.00,0,0.00,0,0.00,35,100.00,6252744,35,10611364,140,7081380,303181.83,6252744,10611364,58.92
pack,tile001.pack,53,0,0.00,53,100.00,0,0.00,0,0.00,53,100.00,8651025,53,13521422,140,6759524,255121.17,8651025,13521422,63.98
pack,tile004.pack,1,0,0.00,1,100.00,0,0.00,0,0.00,1,100.00,609433,1,1266980,1266980,1266980,1266980.00,609433,1266980,48.10
pack,tile007.pack,1,0,0.00,1,100.00,0,0.00,0,0.00,1,100.00,578993,1,1165616,1165616,1165616,1165616.00,578993,1165616,49.67
pack,tile009.pack,56,0,0.00,56,100.00,0,0.00,0,0.00,56,100.00,7620241,56,12133378,140,4979536,216667.46,7620241,12133378,62.80
pack,tile010.pack,1,0,0.00,1,100.00,0,0.00,0,0.00,1,100.00,145272,1,292548,292548,292548,292548.00,145272,292548,49.66
pack,tile012.pack,1,0,0.00,1,100.00,0,0.00,0,0.00,1,100.00,93744,1,187384,187384,187384,187384.00,93744,187384,50.03
pack,tile018.pack,1,0,0.00,1,100.00,0,0.00,0,0.00,1,100.00,614786,1,1197196,1197196,1197196,1197196.00,614786,1197196,51.35
pack,tile020.pack,1,0,0.00,1,100.00,0,0.00,0,0.00,1,100.00,42804,1,86072,86072,86072,86072.00,42804,86072,49.73
pack,tile021.pack,1,0,0.00,1,100.00,0,0.00,0,0.00,1,100.00,385750,1,767816,767816,767816,767816.00,385750,767816,50.24
pack,tile022.pack,1,0,0.00,1,100.00,0,0.00,0,0.00,1,100.00,490247,1,1029044,1029044,1029044,1029044.00,490247,1029044,47.64
pack,tile025.pack,1,0,0.00,1,100.00,0,0.00,0,0.00,1,100.00,495122,1,1039320,1039320,1039320,1039320.00,495122,1039320,47.64
pack,tile027.pack,3,0,0.00,3,100.00,0,0.00,0,0.00,3,100.00,987489,3,2009552,190068,1008324,669850.67,987489,2009552,49.14
pack,tile028.pack,1,0,0.00,1,100.00,0,0.00,0,0.00,1,100.00,1481413,1,3084408,3084408,3084408,3084408.00,1481413,3084408,48.03
pack,tile029.pack,1,0,0.00,1,100.00,0,0.00,0,0.00,1,100.00,831851,1,1691144,1691144,1691144,1691144.00,831851,1691144,49.19
pack,tile030.pack,2,0,0.00,2,100.00,0,0.00,0,0.00,2,100.00,1756030,2,3631180,1795316,1835864,1815590.00,1756030,3631180,48.36
pack,tile031.pack,3,0,0.00,3,100.00,0,0.00,0,0.00,3,100.00,1652355,3,3379692,879676,1575628,1126564.00,1652355,3379692,48.89
pack,tile032.pack,6,0,0.00,6,100.00,0,0.00,0,0.00,6,100.00,3127605,6,6194152,243380,2909704,1032358.67,3127605,6194152,50.49
pack,tile033.pack,1,0,0.00,1,100.00,0,0.00,0,0.00,1,100.00,647209,1,1377652,1377652,1377652,1377652.00,647209,1377652,46.98
pack,tile035.pack,1,0,0.00,1,100.00,0,0.00,0,0.00,1,100.00,348457,1,716520,716520,716520,716520.00,348457,716520,48.63
pack,tile036.pack,3,0,0.00,3,100.00,0,0.00,0,0.00,3,100.00,1609234,3,3443636,626308,1997916,1147878.67,1609234,3443636,46.73
pack,tile037.pack,1,0,0.00,1,100.00,0,0.00,0,0.00,1,100.00,99607,1,199080,199080,199080,199080.00,99607,199080,50.03
pack,tile038.pack,1,0,0.00,1,100.00,0,0.00,0,0.00,1,100.00,1843,1,3904,3904,3904,3904.00,1843,3904,47.21
pack,tile042.pack,1,0,0.00,1,100.00,0,0.00,0,0.00,1,100.00,643674,1,1316344,1316344,1316344,1316344.00,643674,1316344,48.90
pack,tile043.pack,6,0,0.00,6,100.00,0,0.00,0,0.00,6,100.00,322400,6,383754,140,133616,63959.00,322400,383754,84.01
pack,tile044.pack,2,0,0.00,2,100.00,0,0.00,0,0.00,2,100.00,1830934,2,3832820,1654208,2178612,1916410.00,1830934,3832820,47.77
pack,tile045.pack,12,0,0.00,12,100.00,0,0.00,0,0.00,12,100.00,1153398,12,1383822,140,231120,115318.50,1153398,1383822,83.35
pack,tile047.pack,59,0,0.00,59,100.00,0,0.00,0,0.00,59,100.00,2392331,59,4882648,140,1568196,82756.75,2392331,4882648,49.00
pack,tile048.pack,46,0,0.00,46,100.00,0,0.00,0,0.00,46,100.00,498312,46,634024,140,46658,13783.13,498312,634024,78.60
pack,tile049.pack,6,0,0.00,6,100.00,0,0.00,0,0.00,6,100.00,124741,6,161146,140,74454,26857.67,124741,161146,77.41
pack,tile050.pack,77,0,0.00,77,100.00,0,0.00,0,0.00,77,100.00,2607024,77,4086428,140,503236,53070.49,2607024,4086428,63.80
pack,tile051.pack,2,0,0.00,2,100.00,0,0.00,0,0.00,2,100.00,2322047,2,4806800,1578564,3228236,2403400.00,2322047,4806800,48.31
pack,tile052.pack,2,0,0.00,2,100.00,0,0.00,0,0.00,2,100.00,716740,2,1424852,429964,994888,712426.00,716740,1424852,50.30
pack,tile053.pack,1,0,0.00,1,100.00,0,0.00,0,0.00,1,100.00,259859,1,521980,521980,521980,521980.00,259859,521980,49.78
pack,tile054.pack,36,0,0.00,36,100.00,0,0.00,0,0.00,36,100.00,2760951,36,3538822,140,228648,98300.61,2760951,3538822,78.02
pack,tile055.pack,2,0,0.00,2,100.00,0,0.00,0,0.00,2,100.00,895847,2,1832748,545956,1286792,916374.00,895847,1832748,48.88
pack,tile056.pack,4,0,0.00,4,100.00,0,0.00,0,0.00,4,100.00,1692454,4,3567212,145544,2078000,891803.00,1692454,3567212,47.44
pack,tile057.pack,5,0,0.00,5,100.00,0,0.00,0,0.00,5,100.00,32144,5,42218,140,16578,8443.60,32144,42218,76.14
pack,tile058.pack,1,0,0.00,1,100.00,0,0.00,0,0.00,1,100.00,637427,1,1344512,1344512,1344512,1344512.00,637427,1344512,47.41
pack,tile060.pack,17,0,0.00,17,100.00,0,0.00,0,0.00,17,100.00,935035,17,1141808,140,253600,67165.18,935035,1141808,81.89
pack,tile065.pack,2,0,0.00,2,100.00,0,0.00,0,0.00,2,100.00,52648,2,71668,140,71528,35834.00,52648,71668,73.46
pack,tile066.pack,5,0,0.00,5,100.00,0,0.00,0,0.00,5,100.00,3699354,5,7519148,876812,3316300,1503829.60,3699354,7519148,49.20
pack,tile067.pack,40,0,0.00,40,100.00,0,0.00,0,0.00,40,100.00,2395501,40,3243362,140,654992,81084.05,2395501,3243362,73.86
pack,tile068.pack,8,0,0.00,8,100.00,0,0.00,0,0.00,8,100.00,512578,8,656246,140,192434,82030.75,512578,656246,78.11
pack,tile069.pack,1,0,0.00,1,100.00,0,0.00,0,0.00,1,100.00,77020,1,139444,139444,139444,139444.00,77020,139444,55.23
pack,tile071.pack,6,0,0.00,6,100.00,0,0.00,0,0.00,6,100.00,6114984,6,12636904,799528,3704908,2106150.67,6114984,12636904,48.39
pack,tile072.pack,6,0,0.00,6,100.00,0,0.00,0,0.00,6,100.00,1294696,6,2738308,10384,1246444,456384.67,1294696,2738308,47.28
pack,tile073.pack,10,0,0.00,10,100.00,0,0.00,0,0.00,10,100.00,218045,10,300528,140,93408,30052.80,218045,300528,72.55
pack,tile074.pack,1,0,0.00,1,100.00,0,0.00,0,0.00,1,100.00,79481,1,197364,197364,197364,197364.00,79481,197364,40.27
pack,tile076.pack,2,0,0.00,2,100.00,0,0.00,0,0.00,2,100.00,637015,2,1275380,142540,1132840,637690.00,637015,1275380,49.95
pack,tile077.pack,1,0,0.00,1,100.00,0,0.00,0,0.00,1,100.00,43176,1,87820,87820,87820,87820.00,43176,87820,49.16
pack,tile078.pack,2,0,0.00,2,100.00,0,0.00,0,0.00,2,100.00,46425,2,113600,56800,56800,56800.00,46425,113600,40.87
pack,tile079.pack,2,0,0.00,2,100.00,0,0.00,0,0.00,2,100.00,1054066,2,2217784,706060,1511724,1108892.00,1054066,2217784,47.53
pack,tile082.pack,2,0,0.00,2,100.00,0,0.00,0,0.00,2,100.00,135258,2,294888,2392,292496,147444.00,135258,294888,45.87
pack,tile083.pack,2,0,0.00,2,100.00,0,0.00,0,0.00,2,100.00,535768,2,1104084,480800,623284,552042.00,535768,1104084,48.53
pack,tile084.pack,2,0,0.00,2,100.00,0,0.00,0,0.00,2,100.00,1152214,2,2271596,5200,2266396,1135798.00,1152214,2271596,50.72
pack,tile085.pack,1,0,0.00,1,100.00,0,0.00,0,0.00,1,100.00,254939,1,520632,520632,520632,520632.00,254939,520632,48.97
pack,tile086.pack,1,0,0.00,1,100.00,0,0.00,0,0.00,1,100.00,562133,1,1093972,1093972,1093972,1093972.00,562133,1093972,51.38
pack,tile087.pack,2,0,0.00,2,100.00,0,0.00,0,0.00,2,100.00,1034140,2,2183852,315976,1867876,1091926.00,1034140,2183852,47.35
pack,tile088.pack,1,0,0.00,1,100.00,0,0.00,0,0.00,1,100.00,1385637,1,2923336,2923336,2923336,2923336.00,1385637,2923336,47.40
pack,tile089.pack,2,0,0.00,2,100.00,0,0.00,0,0.00,2,100.00,781275,2,1633548,84688,1548860,816774.00,781275,1633548,47.83
pack,tile090.pack,2,0,0.00,2,100.00,0,0.00,0,0.00,2,100.00,81945,2,185688,72740,112948,92844.00,81945,185688,44.13
pack,tile091.pack,2,0,0.00,2,100.00,0,0.00,0,0.00,2,100.00,665308,2,1396620,690560,706060,698310.00,665308,1396620,47.64
pack,tile092.pack,1,0,0.00,1,100.00,0,0.00,0,0.00,1,100.00,329184,1,780412,780412,780412,780412.00,329184,780412,42.18
pack,tile094.pack,6,0,0.00,6,100.00,0,0.00,0,0.00,6,100.00,27262,6,55992,2392,34592,9332.00,27262,55992,48.69
pack,tile095.pack,3,0,0.00,3,100.00,0,0.00,0,0.00,3,100.00,844496,3,1729384,74032,1049808,576461.33,844496,1729384,48.83
pack,tile096.pack,3,0,0.00,3,100.00,0,0.00,0,0.00,3,100.00,1617447,3,3358452,12328,2916316,1119484.00,1617447,3358452,48.16
pack,tile097.pack,2,0,0.00,2,100.00,0,0.00,0,0.00,2,100.00,1147885,2,2265116,5200,2259916,1132558.00,1147885,2265116,50.68
pack,tile100.pack,1,0,0.00,1,100.00,0,0.00,0,0.00,1,100.00,274344,1,570824,570824,570824,570824.00,274344,570824,48.06
pack,tile101.pack,1,0,0.00,1,100.00,0,0.00,0,0.00,1,100.00,10323,1,20692,20692,20692,20692.00,10323,20692,49.89
pack,tile102.pack,2,0,0.00,2,100.00,0,0.00,0,0.00,2,100.00,1345230,2,2738616,1179700,1558916,1369308.00,1345230,2738616,49.12
pack,tile103.pack,2,0,0.00,2,100.00,0,0.00,0,0.00,2,100.00,1426236,2,3023436,235056,2788380,1511718.00,1426236,3023436,47.17
pack,tile104.pack,2,0,0.00,2,100.00,0,0.00,0,0.00,2,100.00,3329405,2,6808324,2923336,3884988,3404162.00,3329405,6808324,48.90
pack,tile105.pack,1,0,0.00,1,100.00,0,0.00,0,0.00,1,100.00,18285,1,35524,35524,35524,35524.00,18285,35524,51.47
pack,tile106.pack,1,0,0.00,1,100.00,0,0.00,0,0.00,1,100.00,220669,1,543268,543268,543268,543268.00,220669,543268,40.62
pack,tile108.pack,54,0,0.00,54,100.00,0,0.00,0,0.00,54,100.00,16229410,54,30267980,140,11434460,560518.15,16229410,30267980,53.62
pack,tile109.pack,6,0,0.00,6,100.00,0,0.00,0,0.00,6,100.00,390218,6,577136,140,295792,96189.33,390218,577136,67.61
pack,tile110.pack,14,0,0.00,14,100.00,0,0.00,0,0.00,14,100.00,2348138,14,4093186,140,1479060,292370.43,2348138,4093186,57.37
pack,tile111.pack,30,0,0.00,30,100.00,0,0.00,0,0.00,30,100.00,1362780,30,2156614,140,1237372,71887.13,1362780,2156614,63.19
pack,tile114.pack,2,0,0.00,2,100.00,0,0.00,0,0.00,2,100.00,277030,2,563604,140,563464,281802.00,277030,563604,49.15
pack,tile115.pack,1,0,0.00,1,100.00,0,0.00,0,0.00,1,100.00,2129277,1,4264204,4264204,4264204,4264204.00,2129277,4264204,49.93
pack,tile116.pack,18,0,0.00,18,100.00,0,0.00,0,0.00,18,100.00,2134405,18,3588204,140,1755772,199344.67,2134405,3588204,59.48
pack,tile117.pack,22,0,0.00,22,100.00,0,0.00,0,0.00,22,100.00,3754296,22,5970100,140,1795948,271368.18,3754296,5970100,62.88
pack,tile118.pack,3,0,0.00,3,100.00,0,0.00,0,0.00,3,100.00,827390,3,1670556,4552,1499308,556852.00,827390,1670556,49.53
pack,tile119.pack,1,0,0.00,1,100.00,0,0.00,0,0.00,1,100.00,1794283,1,3704908,3704908,3704908,3704908.00,1794283,3704908,48.43
pack,tiles_campaign.pack,842,0,0.00,842,100.00,0,0.00,0,0.00,842,100.00,3524955,842,5053372,140,258896,6001.63,3524955,5053372,69.75
pack,ui.pack,238,0,0.00,0,0.00,238,100.00,0,0.00,238,100.00,2640638,238,6429412,784,201344,27014.34,2640638,6429412,41.07
pack,variants.pack,1211,1211,100.00,0,0.00,0,0.00,0,0.00,0,0.00,941247170,1211,941247170,3424,8278834,777247.87,0,,
pack,variants2_bl.pack,86,86,100.00,0,0.00,0,0.00,0,0.00,0,0.00,2001632,86,2001632,10546,34878,23274.79,0,,
pack,variants2.pack,1582,1582,100.00,0,0.00,0,0.00,0,0.00,0,0.00,664594130,1582,664594130,3784,4809256,420097.43,0,,
pack,variants3_bl.pack,29,29,100.00,0,0.00,0,0.00,0,0.00,0,0.00,926502,29,926502,20798,41950,31948.34,0,,
pack,variants3.pack,2025,2025,100.00,0,0.00,0,0.00,0,0.00,0,0.00,918140858,2025,918140858,3636,5224826,453402.89,0,,
pack,variants4_bl.pack,40,40,100.00,0,0.00,0,0.00,0,0.00,0,0.00,936168,40,936168,20632,25140,23404.20,0,,
pack,variants4.pack,2545,2545,100.00,0,0.00,0,0.00,0,0.00,0,0.00,809025888,2545,809025888,3784,2782612,317888.36,0,,
pack,variants5.pack,67,67,100.00,0,0.00,0,0.00,0,0.00,0,0.00,51814652,67,51814652,26054,2208730,773353.01,0,,
pack,vfx_models.pack,593,593,100.00,0,0.00,0,0.00,0,0.00,0,0.00,42361780,593,42361780,1388,6007634,71436.39,0,,
pack,warmachines.pack,369,369,100.00,0,0.00,0,0.00,0,0.00,0,0.00,596803610,369,596803610,140,7253226,1617353.96,0,,
directory_depth_1,art,179,179,100.00,0,0.00,0,0.00,0,0.00,0,0.00,138117608,179,138117608,23164,5185836,771606.75,0,,
directory_depth_1,battleterrain,1191,1191,100.00,0,0.00,0,0.00,0,0.00,0,0.00,250382664,1191,250382664,140,3440500,210228.94,0,,
directory_depth_1,campaign_maps,10,10,100.00,0,0.00,0,0.00,0,0.00,0,0.00,152720,10,152720,15272,15272,15272.00,0,,
directory_depth_1,matte_planes,14,14,100.00,0,0.00,0,0.00,0,0.00,0,0.00,181900,14,181900,2556,59408,12992.86,0,,
directory_depth_1,projectiles,108,108,100.00,0,0.00,0,0.00,0,0.00,0,0.00,6357602,108,6357602,2656,794322,58866.69,0,,
directory_depth_1,rigidmodels,10613,10613,100.00,0,0.00,0,0.00,0,0.00,0,0.00,2368588942,10613,2368588942,576,5773486,223178.08,0,,
directory_depth_1,skyboxes,7,7,100.00,0,0.00,0,0.00,0,0.00,0,0.00,420236,7,420236,2556,154624,60033.71,0,,
directory_depth_1,terrain,2711,520,19.18,2191,80.82,0,0.00,0,0.00,2191,80.82,177367030,2711,310841848,140,11434460,114659.48,167109454,300584272,55.59
directory_depth_1,ui,238,0,0.00,0,0.00,238,100.00,0,0.00,238,100.00,2640638,238,6429412,784,201344,27014.34,2640638,6429412,41.07
directory_depth_1,variantmeshes,7585,7585,100.00,0,0.00,0,0.00,0,0.00,0,0.00,3388687000,7585,3388687000,3424,8278834,446761.63,0,,
directory_depth_1,vfx,593,593,100.00,0,0.00,0,0.00,0,0.00,0,0.00,42361780,593,42361780,1388,6007634,71436.39,0,,
directory_depth_1,warmachines,369,369,100.00,0,0.00,0,0.00,0,0.00,0,0.00,596803610,369,596803610,140,7253226,1617353.96,0,,
directory_depth_2,art\animated_rigids,1,1,100.00,0,0.00,0,0.00,0,0.00,0,0.00,201336,1,201336,201336,201336,201336.00,0,,
directory_depth_2,art\campaign,176,176,100.00,0,0.00,0,0.00,0,0.00,0,0.00,135006806,176,135006806,23164,5185836,767084.13,0,,
directory_depth_2,art\terrain_props,1,1,100.00,0,0.00,0,0.00,0,0.00,0,0.00,1647930,1,1647930,1647930,1647930,1647930.00,0,,
directory_depth_2,art\vfx,1,1,100.00,0,0.00,0,0.00,0,0.00,0,0.00,1261536,1,1261536,1261536,1261536,1261536.00,0,,
directory_depth_2,battleterrain\vegetation,1191,1191,100.00,0,0.00,0,0.00,0,0.00,0,0.00,250382664,1191,250382664,140,3440500,210228.94,0,,
directory_depth_2,campaign_maps\wh3_main_chaos_map_1,1,1,100.00,0,0.00,0,0.00,0,0.00,0,0.00,15272,1,15272,15272,15272,15272.00,0,,
directory_depth_2,campaign_maps\wh3_main_chaos_map_2,1,1,100.00,0,0.00,0,0.00,0,0.00,0,0.00,15272,1,15272,15272,15272,15272.00,0,,
directory_depth_2,campaign_maps\wh3_main_chaos_map_3,1,1,100.00,0,0.00,0,0.00,0,0.00,0,0.00,15272,1,15272,15272,15272,15272.00,0,,
directory_depth_2,campaign_maps\wh3_main_chaos_map_4,1,1,100.00,0,0.00,0,0.00,0,0.00,0,0.00,15272,1,15272,15272,15272,15272.00,0,,
directory_depth_2,campaign_maps\wh3_main_combi_map_1,1,1,100.00,0,0.00,0,0.00,0,0.00,0,0.00,15272,1,15272,15272,15272,15272.00,0,,
directory_depth_2,campaign_maps\wh3_main_combi_map_2,1,1,100.00,0,0.00,0,0.00,0,0.00,0,0.00,15272,1,15272,15272,15272,15272.00,0,,
directory_depth_2,campaign_maps\wh3_main_combi_map_3,1,1,100.00,0,0.00,0,0.00,0,0.00,0,0.00,15272,1,15272,15272,15272,15272.00,0,,
directory_depth_2,campaign_maps\wh3_main_combi_map_4,1,1,100.00,0,0.00,0,0.00,0,0.00,0,0.00,15272,1,15272,15272,15272,15272.00,0,,
directory_depth_2,campaign_maps\wh3_main_combi_map_5,1,1,100.00,0,0.00,0,0.00,0,0.00,0,0.00,15272,1,15272,15272,15272,15272.00,0,,
directory_depth_2,campaign_maps\wh3_main_prologue_map,1,1,100.00,0,0.00,0,0.00,0,0.00,0,0.00,15272,1,15272,15272,15272,15272.00,0,,
directory_depth_2,matte_planes,14,14,100.00,0,0.00,0,0.00,0,0.00,0,0.00,181900,14,181900,2556,59408,12992.86,0,,
directory_depth_2,projectiles,108,108,100.00,0,0.00,0,0.00,0,0.00,0,0.00,6357602,108,6357602,2656,794322,58866.69,0,,
directory_depth_2,rigidmodels\battle_props,13,13,100.00,0,0.00,0,0.00,0,0.00,0,0.00,1984988,13,1984988,36028,613712,152691.38,0,,
directory_depth_2,rigidmodels\buildings,7112,7112,100.00,0,0.00,0,0.00,0,0.00,0,0.00,2170687618,7112,2170687618,1210,5773486,305214.79,0,,
directory_depth_2,rigidmodels\campaign,2475,2475,100.00,0,0.00,0,0.00,0,0.00,0,0.00,195319684,2475,195319684,576,3658992,78917.04,0,,
directory_depth_2,rigidmodels\debuggeometry,2,2,100.00,0,0.00,0,0.00,0,0.00,0,0.00,13480,2,13480,4888,8592,6740.00,0,,
directory_depth_2,rigidmodels\decals,1011,1011,100.00,0,0.00,0,0.00,0,0.00,0,0.00,583172,1011,583172,576,1412,576.83,0,,
directory_depth_2,skyboxes,7,7,100.00,0,0.00,0,0.00,0,0.00,0,0.00,420236,7,420236,2556,154624,60033.71,0,,
directory_depth_2,terrain\campaigns,313,313,100.00,0,0.00,0,0.00,0,0.00,0,0.00,5923972,313,5923972,1960,220864,18926.43,0,,
directory_depth_2,terrain\tiles,2191,0,0.00,2191,100.00,0,0.00,0,0.00,2191,100.00,167109454,2191,300584272,140,11434460,137190.45,167109454,300584272,55.59
directory_depth_2,terrain\vegetation,207,207,100.00,0,0.00,0,0.00,0,0.00,0,0.00,4333604,207,4333604,3256,90242,20935.29,0,,
directory_depth_2,ui\3dui,238,0,0.00,0,0.00,238,100.00,0,0.00,238,100.00,2640638,238,6429412,784,201344,27014.34,2640638,6429412,41.07
directory_depth_2,variantmeshes\_variantmodels,33,33,100.00,0,0.00,0,0.00,0,0.00,0,0.00,9961978,33,9961978,7560,2885748,301878.12,0,,
directory_depth_2,variantmeshes\wh_variantmodels,7552,7552,100.00,0,0.00,0,0.00,0,0.00,0,0.00,3378725022,7552,3378725022,3424,8278834,447394.73,0,,
directory_depth_2,vfx\models,593,593,100.00,0,0.00,0,0.00,0,0.00,0,0.00,42361780,593,42361780,1388,6007634,71436.39,0,,
directory_depth_2,warmachines\aircraft,41,41,100.00,0,0.00,0,0.00,0,0.00,0,0.00,22728210,41,22728210,140,7061012,554346.59,0,,
directory_depth_2,warmachines\carriage,12,12,100.00,0,0.00,0,0.00,0,0.00,0,0.00,34276530,12,34276530,761948,3938778,2856377.50,0,,
directory_depth_2,warmachines\chariot,111,111,100.00,0,0.00,0,0.00,0,0.00,0,0.00,162879004,111,162879004,187084,5473352,1467378.41,0,,
directory_depth_2,warmachines\engines,205,205,100.00,0,0.00,0,0.00,0,0.00,0,0.00,376919866,205,376919866,10302,7253226,1838633.49,0,,
directory_depth_3,art\animated_rigids,1,1,100.00,0,0.00,0,0.00,0,0.00,0,0.00,201336,1,201336,201336,201336,201336.00,0,,
directory_depth_3,art\campaign\chariots,95,95,100.00,0,0.00,0,0.00,0,0.00,0,0.00,76830242,95,76830242,23164,5185836,808739.39,0,,
directory_depth_3,art\campaign\fauna,2,2,100.00,0,0.00,0,0.00,0,0.00,0,0.00,77196,2,77196,37404,39792,38598.00,0,,
directory_depth_3,art\campaign\ships,79,79,100.00,0,0.00,0,0.00,0,0.00,0,0.00,58099368,79,58099368,34080,2239300,735435.04,0,,
directory_depth_3,art\terrain_props\chs_bworm_01,1,1,100.00,0,0.00,0,0.00,0,0.00,0,0.00,1647930,1,1647930,1647930,1647930,1647930.00,0,,
directory_depth_3,art\vfx\meshes,1,1,100.00,0,0.00,0,0.00,0,0.00,0,0.00,1261536,1,1261536,1261536,1261536,1261536.00,0,,
directory_depth_3,battleterrain\vegetation\trees,1191,1191,100.00,0,0.00,0,0.00,0,0.00,0,0.00,250382664,1191,250382664,140,3440500,210228.94,0,,
directory_depth_3,campaign_maps\wh3_main_chaos_map_1\display,1,1,100.00,0,0.00,0,0.00,0,0.00,0,0.00,15272,1,15272,15272,15272,15272.00,0,,
directory_depth_3,campaign_maps\wh3_main_chaos_map_2\display,1,1,100.00,0,0.00,0,0.00,0,0.00,0,0.00,15272,1,15272,15272,15272,15272.00,0,,
directory_depth_3,campaign_maps\wh3_main_chaos_map_3\display,1,1,100.00,0,0.00,0,0.00,0,0.00,0,0.00,15272,1,15272,15272,15272,15272.00,0,,
directory_depth_3,campaign_maps\wh3_main_chaos_map_4\display,1,1,100.00,0,0.00,0,0.00,0,0.00,0,0.00,15272,1,15272,15272,15272,15272.00,0,,
directory_depth_3,campaign_maps\wh3_main_combi_map_1\display,1,1,100.00,0,0.00,0,0.00,0,0.00,0,0.00,15272,1,15272,15272,15272,15272.00,0,,
directory_depth_3,campaign_maps\wh3_main_combi_map_2\display,1,1,100.00,0,0.00,0,0.00,0,0.00,0,0.00,15272,1,15272,15272,15272,15272.00,0,,
directory_depth_3,campaign_maps\wh3_main_combi_map_3\display,1,1,100.00,0,0.00,0,0.00,0,0.00,0,0.00,15272,1,15272,15272,15272,15272.00,0,,
directory_depth_3,campaign_maps\wh3_main_combi_map_4\display,1,1,100.00,0,0.00,0,0.00,0,0.00,0,0.00,15272,1,15272,15272,15272,15272.00,0,,
directory_depth_3,campaign_maps\wh3_main_combi_map_5\display,1,1,100.00,0,0.00,0,0.00,0,0.00,0,0.00,15272,1,15272,15272,15272,15272.00,0,,
directory_depth_3,campaign_maps\wh3_main_prologue_map\display,1,1,100.00,0,0.00,0,0.00,0,0.00,0,0.00,15272,1,15272,15272,15272,15272.00,0,,
directory_depth_3,matte_planes,14,14,100.00,0,0.00,0,0.00,0,0.00,0,0.00,181900,14,181900,2556,59408,12992.86,0,,
directory_depth_3,projectiles,108,108,100.00,0,0.00,0,0.00,0,0.00,0,0.00,6357602,108,6357602,2656,794322,58866.69,0,,
directory_depth_3,rigidmodels\battle_props\brt_ladders,3,3,100.00,0,0.00,0,0.00,0,0.00,0,0.00,139104,3,139104,46112,46496,46368.00,0,,
directory_depth_3,rigidmodels\battle_props\cst_ladders,1,1,100.00,0,0.00,0,0.00,0,0.00,0,0.00,613712,1,613712,613712,613712,613712.00,0,,
directory_depth_3,rigidmodels\battle_props\def_ladders,1,1,100.00,0,0.00,0,0.00,0,0.00,0,0.00,324008,1,324008,324008,324008,324008.00,0,,
directory_depth_3,rigidmodels\battle_props\emp_ladders,3,3,100.00,0,0.00,0,0.00,0,0.00,0,0.00,129782,3,129782,43008,43616,43260.67,0,,
directory_depth_3,rigidmodels\battle_props\glb_ladders,2,2,100.00,0,0.00,0,0.00,0,0.00,0,0.00,159842,2,159842,37424,122418,79921.00,0,,
directory_depth_3,rigidmodels\battle_props\hef_ladders,1,1,100.00,0,0.00,0,0.00,0,0.00,0,0.00,533784,1,533784,533784,533784,533784.00,0,,
directory_depth_3,rigidmodels\battle_props\lzd_ladders,1,1,100.00,0,0.00,0,0.00,0,0.00,0,0.00,48728,1,48728,48728,48728,48728.00,0,,
directory_depth_3,rigidmodels\battle_props\skv_ladders,1,1,100.00,0,0.00,0,0.00,0,0.00,0,0.00,36028,1,36028,36028,36028,36028.00,0,,
directory_depth_3,rigidmodels\buildings\beech_mushrooms_a,1,1,100.00,0,0.00,0,0.00,0,0.00,0,0.00,24640,1,24640,24640,24640,24640.00,0,,
directory_depth_3,rigidmodels\buildings\beech_mushrooms_b,1,1,100.00,0,0.00,0,0.00,0,0.00,0,0.00,20124,1,20124,20124,20124,20124.00,0,,
directory_depth_3,rigidmodels\buildings\beech_mushrooms_c,1,1,100.00,0,0.00,0,0.00,0,0.00,0,0.00,13858,1,13858,13858,13858,13858.00,0,,
directory_depth_3,rigidmodels\buildings\blk_barricade,3,3,100.00,0,0.00,0,0.00,0,0.00,0,0.00,10048,3,10048,3116,3816,3349.33,0,,
directory_depth_3,rigidmodels\buildings\blk_barricade_frost_pillar_01,2,2,100.00,0,0.00,0,0.00,0,0.00,0,0.00,6512,2,6512,3256,3256,3256.00,0,,
directory_depth_3,rigidmodels\buildings\blk_barricade_frostbite_01,2,2,100.00,0,0.00,0,0.00,0,0.00,0,0.00,8944,2,8944,4472,4472,4472.00,0,,
directory_depth_3,rigidmodels\buildings\blk_barricade_ice_01,3,3,100.00,0,0.00,0,0.00,0,0.00,0,0.00,10048,3,10048,3116,3816,3349.33,0,,
directory_depth_3,rigidmodels\buildings\blk_barricade_ice_block_01,2,2,100.00,0,0.00,0,0.00,0,0.00,0,0.00,6512,2,6512,3256,3256,3256.00,0,,
directory_depth_3,rigidmodels\buildings\blk_barricade_icicles_01,2,2,100.00,0,0.00,0,0.00,0,0.00,0,0.00,8944,2,8944,4472,4472,4472.00,0,,
directory_depth_3,rigidmodels\buildings\blk_barricade_sheet_of_ice_01,2,2,100.00,0,0.00,0,0.00,0,0.00,0,0.00,8944,2,8944,4472,4472,4472.00,0,,
directory_depth_3,rigidmodels\buildings\blk_bridge_01,1,1,100.00,0,0.00,0,0.00,0,0.00,0,0.00,4120,1,4120,4120,4120,4120.00,0,,
directory_depth_3,rigidmodels\buildings\blk_cube10x10_01,1,1,100.00,0,0.00,0,0.00,0,0.00,0,0.00,3256,1,3256,3256,3256,3256.00,0,,
directory_depth_3,rigidmodels\buildings\blk_cube10x10_01_30m,1,1,100.00,0,0.00,0,0.00,0,0.00,0,0.00,8024,1,8024,8024,8024,8024.00,0,,
directory_depth_3,rigidmodels\buildings\blk_ksl_tower_30m_01,2,2,100.00,0,0.00,0,0.00,0,0.00,0,0.00,17872,2,17872,8392,9480,8936.00,0,,
directory_depth_3,rigidmodels\buildings\blk_ksl_tower_30m_02,2,2,100.00,0,0.00,0,0.00,0,0.00,0,0.00,17872,2,17872,8392,9480,8936.00,0,,
directory_depth_3,rigidmodels\buildings\blk_ksl_tower_30m_03,2,2,100.00,0,0.00,0,0.00,0,0.00,0,0.00,17872,2,17872,8392,9480,8936.00,0,,
directory_depth_3,rigidmodels\buildings\blk_ksl_tower_30m_04,2,2,100.00,0,0.00,0,0.00,0,0.00,0,0.00,17872,2,17872,8392,9480,8936.00,0,,
directory_depth_3,rigidmodels\buildings\blk_platform_corner_45,1,1,100.00,0,0.00,0,0.00,0,0.00,0,0.00,5536,1,5536,5536,5536,5536.00,0,,
directory_depth_3,rigidmodels\buildings\blk_platform_corner_90,1,1,100.00,0,0.00,0,0.00,0,0.00,0,0.00,7000,1,7000,7000,7000,7000.00,0,,
directory_depth_3,rigidmodels\buildings\blk_platform_straight_01,1,1,100.00,0,0.00,0,0.00,0,0.00,0,0.00,5664,1,5664,5664,5664,5664.00,0,,
directory_depth_3,rigidmodels\buildings\blk_platform_tunnel,1,1,100.00,0,0.00,0,0.00,0,0.00,0,0.00,4448,1,4448,4448,4448,4448.00,0,,
directory_depth_3,rigidmodels\buildings\blk_tower_17m_01,2,2,100.00,0,0.00,0,0.00,0,0.00,0,0.00,17872,2,17872,8392,9480,8936.00,0,,
directory_depth_3,rigidmodels\buildings\blk_triangle10x10_01,1,1,100.00,0,0.00,0,0.00,0,0.00,0,0.00,3040,1,3040,3040,3040,3040.00,0,,
directory_depth_3,rigidmodels\buildings\blk_watch_tower_01,2,2,100.00,0,0.00,0,0.00,0,0.00,0,0.00,86692,2,86692,43060,43632,43346.00,0,,
directory_depth_3,rigidmodels\buildings\brt_alpha_bunting,1,1,100.00,0,0.00,0,0.00,0,0.00,0,0.00,10640,1,10640,10640,10640,10640.00,0,,
directory_depth_3,rigidmodels\buildings\brt_alpha_bunting_01,1,1,100.00,0,0.00,0,0.00,0,0.00,0,0.00,5444,1,5444,5444,5444,5444.00,0,,
directory_depth_3,rigidmodels\buildings\brt_alpha_bunting_short_01,1,1,100.00,0,0.00,0,0.00,0,0.00,0,0.00,4016,1,4016,4016,4016,4016.00,0,,
directory_depth_3,rigidmodels\buildings\brt_alpha_cup_01,1,1,100.00,0,0.00,0,0.00,0,0.00,0,0.00,2556,1,2556,2556,2556,2556.00,0,,
directory_depth_3,rigidmodels\buildings\brt_alpha_dove,1,1,100.00,0,0.00,0,0.00,0,0.00,0,0.00,2556,1,2556,2556,2556,2556.00,0,,
directory_depth_3,rigidmodels\buildings\brt_alpha_dragon,1,1,100.00,0,0.00,0,0.00,0,0.00,0,0.00,2556,1,2556,2556,2556,2556.00,0,,
directory_depth_3,rigidmodels\buildings\brt_alpha_flag_huge_01,1,1,100.00,0,0.00,0,0.00,0,0.00,0,0.00,3416,1,3416,3416,3416,3416.00,0,,
directory_depth_3,rigidmodels\buildings\brt_alpha_flag_large_01,1,1,100.00,0,0.00,0,0.00,0,0.00,0,0.00,4400,1,4400,4400,4400,4400.00,0,,
directory_depth_3,rigidmodels\buildings\brt_alpha_flag_large_02,1,1,100.00,0,0.00,0,0.00,0,0.00,0,0.00,4400,1,4400,4400,4400,4400.00,0,,
directory_depth_3,rigidmodels\buildings\brt_alpha_flag_med_01,1,1,100.00,0,0.00,0,0.00,0,0.00,0,0.00,3304,1,3304,3304,3304,3304.00,0,,
directory_depth_3,rigidmodels\buildings\brt_alpha_flag_med_02,1,1,100.00,0,0.00,0,0.00,0,0.00,0,0.00,3304,1,3304,3304,3304,3304.00,0,,
directory_depth_3,rigidmodels\buildings\brt_alpha_flag_small_01,1,1,100.00,0,0.00,0,0.00,0,0.00,0,0.00,3304,1,3304,3304,3304,3304.00,0,,
directory_depth_3,rigidmodels\buildings\brt_alpha_flag_small_02,1,1,100.00,0,0.00,0,0.00,0,0.00,0,0.00,3304,1,3304,3304,3304,3304.00,0,,
directory_depth_3,rigidmodels\buildings\brt_alpha_flag_tall_01,1,1,100.00,0,0.00,0,0.00,0,0.00,0,0.00,3732,1,3732,3732,3732,3732.00,0,,
directory_depth_3,rigidmodels\buildings\brt_alpha_fluer,1,1,100.00,0,0.00,0,0.00,0,0.00,0,0.00,2556,1,2556,2556,2556,2556.00,0,,
directory_depth_3,rigidmodels\buildings\brt_alpha_railing,1,1,100.00,0,0.00,0,0.00,0,0.00,0,0.00,2696,1,2696,2696,2696,2696.00,0,,
directory_depth_3,rigidmodels\buildings\brt_alpha_shield_01,1,1,100.00,0,0.00,0,0.00,0,0.00,0,0.00,2556,1,2556,2556,2556,2556.00,0,,
directory_depth_3,rigidmodels\buildings\brt_alpha_shield_02,1,1,100.00,0,0.00,0,0.00,0,0.00,0,0.00,2556,1,2556,2556,2556,2556.00,0,,
directory_depth_3,rigidmodels\buildings\brt_alpha_shield_03,1,1,100.00,0,0.00,0,0.00,0,0.00,0,0.00,2556,1,2556,2556,2556,2556.00,0,,
directory_depth_3,rigidmodels\buildings\brt_alpha_shield_04,1,1,100.00,0,0.00,0,0.00,0,0.00,0,0.00,2556,1,2556,2556,2556,2556.00,0,,
directory_depth_3,rigidmodels\buildings\brt_balcony_01,1,1,100.00,0,0.00,0,0.00,0,0.00,0,0.00,159366,1,159366,159366,159366,159366.00,0,,
directory_depth_3,rigidmodels\buildings\brt_balcony_02,1,1,100.00,0,0.00,0,0.00,0,0.00,0,0.00,47788,1,47788,47788,47788,47788.00,0,,
directory_depth_3,rigidmodels\buildings\brt_balcony_03,1,1,100.00,0,0.00,0,0.00,0,0.00,0,0.00,166312,1,166312,166312,166312,166312.00,0,,
directory_depth_3,rigidmodels\buildings\brt_balcony_04,1,1,100.00,0,0.00,0,0.00,0,0.00,0,0.00,194780,1,194780,194780,194780,194780.00,0,,
directory_depth_3,rigidmodels\buildings\brt_barricade_blocker_01,2,2,100.00,0,0.00,0,0.00,0,0.00,0,0.00,188730,2,188730,91654,97076,94365.00,0,,
directory_depth_3,rigidmodels\buildings\brt_barricade_monument_01,2,2,100.00,0,0.00,0,0.00,0,0.00,0,0.00,25520,2,25520,12716,12804,12760.00,0,,
directory_depth_3,rigidmodels\buildings\brt_barricade_platform_01,3,3,100.00,0,0.00,0,0.00,0,0.00,0,0.00,1117144,3,1117144,318532,441652,372381.33,0,,
directory_depth_3,rigidmodels\buildings\brt_barricade_trap_01,2,2,100.00,0,0.00,0,0.00,0,0.00,0,0.00,530814,2,530814,247504,283310,265407.00,0,,
directory_depth_3,rigidmodels\buildings\brt_batteringram,20,20,100.00,0,0.00,0,0.00,0,0.00,0,0.00,1447056,20,1447056,12744,518772,72352.80,0,,
directory_depth_3,rigidmodels\buildings\brt_block_01,2,2,100.00,0,0.00,0,0.00,0,0.00,0,0.00,1152760,2,1152760,508424,644336,576380.00,0,,
directory_depth_3,rigidmodels\buildings\brt_block_02,2,2,100.00,0,0.00,0,0.00,0,0.00,0,0.00,1041942,2,1041942,520052,521890,520971.00,0,,
directory_depth_3,rigidmodels\buildings\brt_blockout_tower_40m,1,1,100.00,0,0.00,0,0.00,0,0.00,0,0.00,18520,1,18520,18520,18520,18520.00,0,,
directory_depth_3,rigidmodels\buildings\brt_blockwall_01,2,2,100.00,0,0.00,0,0.00,0,0.00,0,0.00,309934,2,309934,125818,184116,154967.00,0,,
directory_depth_3,rigidmodels\buildings\brt_bolderlrg_01,1,1,100.00,0,0.00,0,0.00,0,0.00,0,0.00,21868,1,21868,21868,21868,21868.00,0,,
directory_depth_3,rigidmodels\buildings\brt_boldermed_01,1,1,100.00,0,0.00,0,0.00,0,0.00,0,0.00,20868,1,20868,20868,20868,20868.00,0,,
directory_depth_3,rigidmodels\buildings\brt_boldermed_02,1,1,100.00,0,0.00,0,0.00,0,0.00,0,0.00,21656,1,21656,21656,21656,21656.00,0,,
directory_depth_3,rigidmodels\buildings\brt_boldersml_01,1,1,100.00,0,0.00,0,0.00,0,0.00,0,0.00,21872,1,21872,21872,21872,21872.00,0,,
directory_depth_3,rigidmodels\buildings\brt_boldersml_02,1,1,100.00,0,0.00,0,0.00,0,0.00,0,0.00,20568,1,20568,20568,20568,20568.00,0,,
directory_depth_3,rigidmodels\buildings\brt_bridge_01,3,3,100.00,0,0.00,0,0.00,0,0.00,0,0.00,1323864,3,1323864,392200,539464,441288.00,0,,
directory_depth_3,rigidmodels\buildings\brt_bridge_02,3,3,100.00,0,0.00,0,0.00,0,0.00,0,0.00,1849902,3,1849902,578162,693578,616634.00,0,,
directory_depth_3,rigidmodels\buildings\brt_bridge_03,3,3,100.00,0,0.00,0,0.00,0,0.00,0,0.00,3317522,3,3317522,1018896,1273554,1105840.67,0,,
directory_depth_3,rigidmodels\buildings\brt_bridge_110m_01,1,1,100.00,0,0.00,0,0.00,0,0.00,0,0.00,2190988,1,2190988,2190988,2190988,2190988.00,0,,
directory_depth_3,rigidmodels\buildings\brt_bridge_32m_01,1,1,100.00,0,0.00,0,0.00,0,0.00,0,0.00,341524,1,341524,341524,341524,341524.00,0,,
directory_depth_3,rigidmodels\buildings\brt_bridge_edge_01,1,1,100.00,0,0.00,0,0.00,0,0.00,0,0.00,423506,1,423506,423506,423506,423506.00,0,,
directory_depth_3,rigidmodels\buildings\brt_bridge_edge_02,1,1,100.00,0,0.00,0,0.00,0,0.00,0,0.00,7924,1,7924,7924,7924,7924.00,0,,
directory_depth_3,rigidmodels\buildings\brt_bridgebay_01,3,3,100.00,0,0.00,0,0.00,0,0.00,0,0.00,1871620,3,1871620,617688,635928,623873.33,0,,
directory_depth_3,rigidmodels\buildings\brt_bridgebay_02,3,3,100.00,0,0.00,0,0.00,0,0.00,0,0.00,1871428,3,1871428,621048,629332,623809.33,0,,
directory_depth_3,rigidmodels\buildings\brt_bridgebay_03,1,1,100.00,0,0.00,0,0.00,0,0.00,0,0.00,681416,1,681416,681416,681416,681416.00,0,,
directory_depth_3,rigidmodels\buildings\brt_bridgetower_01,2,2,100.00,0,0.00,0,0.00,0,0.00,0,0.00,285532,2,285532,142766,142766,142766.00,0,,
directory_depth_3,rigidmodels\buildings\brt_bridgetower_02,2,2,100.00,0,0.00,0,0.00,0,0.00,0,0.00,314112,2,314112,157056,157056,157056.00,0,,
directory_depth_3,rigidmodels\buildings\brt_building_rubble_01,1,1,100.00,0,0.00,0,0.00,0,0.00,0,0.00,58772,1,58772,58772,58772,58772.00,0,,
directory_depth_3,rigidmodels\buildings\brt_building_rubble_02,1,1,100.00,0,0.00,0,0.00,0,0.00,0,0.00,34014,1,34014,34014,34014,34014.00,0,,
directory_depth_3,rigidmodels\buildings\brt_building_rubble_03,1,1,100.00,0,0.00,0,0.00,0,0.00,0,0.00,25068,1,25068,25068,25068,25068.00,0,,
directory_depth_3,rigidmodels\buildings\brt_building_rubble_04,1,1,100.00,0,0.00,0,0.00,0,0.00,0,0.00,20932,1,20932,20932,20932,20932.00,0,,
directory_depth_3,rigidmodels\buildings\brt_building_rubble_05,1,1,100.00,0,0.00,0,0.00,0,0.00,0,0.00,23244,1,23244,23244,23244,23244.00,0,,
directory_depth_3,rigidmodels\buildings\brt_cliff_01,1,1,100.00,0,0.00,0,0.00,0,0.00,0,0.00,101804,1,101804,101804,101804,101804.00,0,,
directory_depth_3,rigidmodels\buildings\brt_cliff_02,1,1,100.00,0,0.00,0,0.00,0,0.00,0,0.00,119160,1,119160,119160,119160,119160.00,0,,
directory_depth_3,rigidmodels\buildings\brt_cliff_03,1,1,100.00,0,0.00,0,0.00,0,0.00,0,0.00,119052,1,119052,119052,119052,119052.00,0,,
directory_depth_3,rigidmodels\buildings\brt_cliff_04,1,1,100.00,0,0.00,0,0.00,0,0.00,0,0.00,119230,1,119230,119230,119230,119230.00,0,,
directory_depth_3,rigidmodels\buildings\brt_crane_01,1,1,100.00,0,0.00,0,0.00,0,0.00,0,0.00,25528,1,25528,25528,25528,25528.00,0,,
directory_depth_3,rigidmodels\buildings\brt_door_pc_01,1,1,100.00,0,0.00,0,0.00,0,0.00,0,0.00,6444,1,6444,6444,6444,6444.00,0,,
directory_depth_3,rigidmodels\buildings\brt_dormer_01,1,1,100.00,0,0.00,0,0.00,0,0.00,0,0.00,75108,1,75108,75108,75108,75108.00,0,,
directory_depth_3,rigidmodels\buildings\brt_dormer_02,1,1,100.00,0,0.00,0,0.00,0,0.00,0,0.00,115920,1,115920,115920,115920,115920.00,0,,
directory_depth_3,rigidmodels\buildings\brt_dormer_03,1,1,100.00,0,0.00,0,0.00,0,0.00,0,0.00,39016,1,39016,39016,39016,39016.00,0,,
directory_depth_3,rigidmodels\buildings\brt_dormer_04,1,1,100.00,0,0.00,0,0.00,0,0.00,0,0.00,48600,1,48600,48600,48600,48600.00,0,,
directory_depth_3,rigidmodels\buildings\brt_dormer_05,1,1,100.00,0,0.00,0,0.00,0,0.00,0,0.00,20040,1,20040,20040,20040,20040.00,0,,
directory_depth_3,rigidmodels\buildings\brt_grapevines_01,1,1,100.00,0,0.00,0,0.00,0,0.00,0,0.00,19170,1,19170,19170,19170,19170.00,0,,
directory_depth_3,rigidmodels\buildings\brt_grapevines_02,1,1,100.00,0,0.00,0,0.00,0,0.00,0,0.00,8326,1,8326,8326,8326,8326.00,0,,
directory_depth_3,rigidmodels\buildings\brt_grapevines_03,1,1,100.00,0,0.00,0,0.00,0,0.00,0,0.00,9478,1,9478,9478,9478,9478.00,0,,
directory_depth_3,rigidmodels\buildings\brt_grapevines_04,1,1,100.00,0,0.00,0,0.00,0,0.00,0,0.00,8974,1,8974,8974,8974,8974.00,0,,
directory_depth_3,rigidmodels\buildings\brt_house_add_01,1,1,100.00,0,0.00,0,0.00,0,0.00,0,0.00,41692,1,41692,41692,41692,41692.00,0,,
directory_depth_3,rigidmodels\buildings\brt_house_add_02,1,1,100.00,0,0.00,0,0.00,0,0.00,0,0.00,86670,1,86670,86670,86670,86670.00,0,,
directory_depth_3,rigidmodels\buildings\brt_house_add_03,1,1,100.00,0,0.00,0,0.00,0,0.00,0,0.00,85748,1,85748,85748,85748,85748.00,0,,
directory_depth_3,rigidmodels\buildings\brt_house_add_04,1,1,100.00,0,0.00,0,0.00,0,0.00,0,0.00,87316,1,87316,87316,87316,87316.00,0,,
directory_depth_3,rigidmodels\buildings\brt_house_add_05,1,1,100.00,0,0.00,0,0.00,0,0.00,0,0.00,91906,1,91906,91906,91906,91906.00,0,,
directory_depth_3,rigidmodels\buildings\brt_house_add_06,1,1,100.00,0,0.00,0,0.00,0,0.00,0,0.00,103138,1,103138,103138,103138,103138.00,0,,
directory_depth_3,rigidmodels\buildings\brt_house_add_07,1,1,100.00,0,0.00,0,0.00,0,0.00,0,0.00,65600,1,65600,65600,65600,65600.00,0,,
directory_depth_3,rigidmodels\buildings\brt_house_add_08,1,1,100.00,0,0.00,0,0.00,0,0.00,0,0.00,84554,1,84554,84554,84554,84554.00,0,,
directory_depth_3,rigidmodels\buildings\brt_house_add_09,1,1,100.00,0,0.00,0,0.00,0,0.00,0,0.00,102370,1,102370,102370,102370,102370.00,0,,
directory_depth_3,rigidmodels\buildings\brt_house_add_10,1,1,100.00,0,0.00,0,0.00,0,0.00,0,0.00,86800,1,86800,86800,86800,86800.00,0,,
directory_depth_3,rigidmodels\buildings\brt_house_add_11,1,1,100.00,0,0.00,0,0.00,0,0.00,0,0.00,44398,1,44398,44398,44398,44398.00,0,,
directory_depth_3,rigidmodels\buildings\brt_house_add_12,1,1,100.00,0,0.00,0,0.00,0,0.00,0,0.00,130320,1,130320,130320,130320,130320.00,0,,
directory_depth_3,rigidmodels\buildings\brt_house_domestic_01,1,1,100.00,0,0.00,0,0.00,0,0.00,0,0.00,129886,1,129886,129886,129886,129886.00,0,,
directory_depth_3,rigidmodels\buildings\brt_house_domestic_02,1,1,100.00,0,0.00,0,0.00,0,0.00,0,0.00,132598,1,132598,132598,132598,132598.00,0,,
directory_depth_3,rigidmodels\buildings\brt_house_domestic_03,1,1,100.00,0,0.00,0,0.00,0,0.00,0,0.00,157164,1,157164,157164,157164,157164.00,0,,
directory_depth_3,rigidmodels\buildings\brt_house_pc_chm_01,1,1,100.00,0,0.00,0,0.00,0,0.00,0,0.00,13314,1,13314,13314,13314,13314.00,0,,
directory_depth_3,rigidmodels\buildings\brt_house_pc_chm_02,1,1,100.00,0,0.00,0,0.00,0,0.00,0,0.00,8940,1,8940,8940,8940,8940.00,0,,
directory_depth_3,rigidmodels\buildings\brt_house_pc_chm_03,1,1,100.00,0,0.00,0,0.00,0,0.00,0,0.00,13854,1,13854,13854,13854,13854.00,0,,
directory_depth_3,rigidmodels\buildings\brt_house_pc_chm_04,1,1,100.00,0,0.00,0,0.00,0,0.00,0,0.00,8972,1,8972,8972,8972,8972.00,0,,
directory_depth_3,rigidmodels\buildings\brt_house_pc_chm_05,1,1,100.00,0,0.00,0,0.00,0,0.00,0,0.00,10612,1,10612,10612,10612,10612.00,0,,
directory_depth_3,rigidmodels\buildings\brt_house_pc_lrg_01,1,1,100.00,0,0.00,0,0.00,0,0.00,0,0.00,172492,1,172492,172492,172492,172492.00,0,,
directory_depth_3,rigidmodels\buildings\brt_house_pc_lrg_02,1,1,100.00,0,0.00,0,0.00,0,0.00,0,0.00,114776,1,114776,114776,114776,114776.00,0,,
directory_depth_3,rigidmodels\buildings\brt_house_pc_lrg_03,1,1,100.00,0,0.00,0,0.00,0,0.00,0,0.00,129482,1,129482,129482,129482,129482.00,0,,
directory_depth_3,rigidmodels\buildings\brt_house_pc_lrg_04,1,1,100.00,0,0.00,0,0.00,0,0.00,0,0.00,46940,1,46940,46940,46940,46940.00,0,,
directory_depth_3,rigidmodels\buildings\brt_house_pc_med_01,1,1,100.00,0,0.00,0,0.00,0,0.00,0,0.00,109348,1,109348,109348,109348,109348.00,0,,
directory_depth_3,rigidmodels\buildings\brt_house_pc_med_02,1,1,100.00,0,0.00,0,0.00,0,0.00,0,0.00,95886,1,95886,95886,95886,95886.00,0,,
directory_depth_3,rigidmodels\buildings\brt_house_pc_med_03,1,1,100.00,0,0.00,0,0.00,0,0.00,0,0.00,86276,1,86276,86276,86276,86276.00,0,,
directory_depth_3,rigidmodels\buildings\brt_house_pc_med_04,1,1,100.00,0,0.00,0,0.00,0,0.00,0,0.00,65598,1,65598,65598,65598,65598.00,0,,
directory_depth_3,rigidmodels\buildings\brt_house_pc_sml_01,1,1,100.00,0,0.00,0,0.00,0,0.00,0,0.00,119098,1,119098,119098,119098,119098.00,0,,
directory_depth_3,rigidmodels\buildings\brt_house_pc_sml_02,1,1,100.00,0,0.00,0,0.00,0,0.00,0,0.00,76348,1,76348,76348,76348,76348.00,0,,
directory_depth_3,rigidmodels\buildings\brt_house_pc_sml_03,1,1,100.00,0,0.00,0,0.00,0,0.00,0,0.00,87938,1,87938,87938,87938,87938.00,0,,
directory_depth_3,rigidmodels\buildings\brt_house_pc_sml_04,1,1,100.00,0,0.00,0,0.00,0,0.00,0,0.00,82616,1,82616,82616,82616,82616.00,0,,
directory_depth_3,rigidmodels\buildings\brt_house_pc_tall_01,1,1,100.00,0,0.00,0,0.00,0,0.00,0,0.00,113994,1,113994,113994,113994,113994.00,0,,
directory_depth_3,rigidmodels\buildings\brt_house_pc_tall_02,1,1,100.00,0,0.00,0,0.00,0,0.00,0,0.00,99526,1,99526,99526,99526,99526.00,0,,
directory_depth_3,rigidmodels\buildings\brt_house_pc_tall_03,1,1,100.00,0,0.00,0,0.00,0,0.00,0,0.00,51730,1,51730,51730,51730,51730.00,0,,
directory_depth_3,rigidmodels\buildings\brt_house_pc_tall_04,1,1,100.00,0,0.00,0,0.00,0,0.00,0,0.00,126922,1,126922,126922,126922,126922.00,0,,
directory_depth_3,rigidmodels\buildings\brt_house_pc_tall_05,1,1,100.00,0,0.00,0,0.00,0,0.00,0,0.00,88924,1,88924,88924,88924,88924.00,0,,
directory_depth_3,rigidmodels\buildings\brt_house_pc_twr_01,1,1,100.00,0,0.00,0,0.00,0,0.00,0,0.00,85872,1,85872,85872,85872,85872.00,0,,
directory_depth_3,rigidmodels\buildings\brt_house_pc_twr_02,1,1,100.00,0,0.00,0,0.00,0,0.00,0,0.00,36720,1,36720,36720,36720,36720.00,0,,
directory_depth_3,rigidmodels\buildings\brt_house_pc_twr_04,1,1,100.00,0,0.00,0,0.00,0,0.00,0,0.00,81452,1,81452,81452,81452,81452.00,0,,
directory_depth_3,rigidmodels\buildings\brt_house_pc_twr_05,1,1,100.00,0,0.00,0,0.00,0,0.00,0,0.00,88568,1,88568,88568,88568,88568.00,0,,
directory_depth_3,rigidmodels\buildings\brt_house_pc_twr_06,1,1,100.00,0,0.00,0,0.00,0,0.00,0,0.00,102884,1,102884,102884,102884,102884.00,0,,
directory_depth_3,rigidmodels\buildings\brt_house_slum_01,3,3,100.00,0,0.00,0,0.00,0,0.00,0,0.00,786988,3,786988,216868,299244,262329.33,0,,
directory_depth_3,rigidmodels\buildings\brt_house_slum_02,3,3,100.00,0,0.00,0,0.00,0,0.00,0,0.00,573584,3,573584,172666,215538,191194.67,0,,
directory_depth_3,rigidmodels\buildings\brt_house_slum_03,3,3,100.00,0,0.00,0,0.00,0,0.00,0,0.00,459106,3,459106,141030,165088,153035.33,0,,
directory_depth_3,rigidmodels\buildings\brt_house_stairs_01,1,1,100.00,0,0.00,0,0.00,0,0.00,0,0.00,30304,1,30304,30304,30304,30304.00,0,,
directory_depth_3,rigidmodels\buildings\brt_house_stairs_02,1,1,100.00,0,0.00,0,0.00,0,0.00,0,0.00,30304,1,30304,30304,30304,30304.00,0,,
directory_depth_3,rigidmodels\buildings\brt_house_stairs_03,1,1,100.00,0,0.00,0,0.00,0,0.00,0,0.00,6304,1,6304,6304,6304,6304.00,0,,
directory_depth_3,rigidmodels\buildings\brt_house_stkd_01,1,1,100.00,0,0.00,0,0.00,0,0.00,0,0.00,957446,1,957446,957446,957446,957446.00,0,,
directory_depth_3,rigidmodels\buildings\brt_house_stkd_02,1,1,100.00,0,0.00,0,0.00,0,0.00,0,0.00,491180,1,491180,491180,491180,491180.00,0,,
directory_depth_3,rigidmodels\buildings\brt_house_stkd_03,1,1,100.00,0,0.00,0,0.00,0,0.00,0,0.00,1329112,1,1329112,1329112,1329112,1329112.00,0,,
directory_depth_3,rigidmodels\buildings\brt_house_stkd_04,1,1,100.00,0,0.00,0,0.00,0,0.00,0,0.00,1127602,1,1127602,1127602,1127602,1127602.00,0,,
directory_depth_3,rigidmodels\buildings\brt_house_ter_01,1,1,100.00,0,0.00,0,0.00,0,0.00,0,0.00,133284,1,133284,133284,133284,133284.00,0,,
directory_depth_3,rigidmodels\buildings\brt_house_ter_02,1,1,100.00,0,0.00,0,0.00,0,0.00,0,0.00,343576,1,343576,343576,343576,343576.00,0,,
directory_depth_3,rigidmodels\buildings\brt_house_ter_03,1,1,100.00,0,0.00,0,0.00,0,0.00,0,0.00,365096,1,365096,365096,365096,365096.00,0,,
directory_depth_3,rigidmodels\buildings\brt_house_ter_04,1,1,100.00,0,0.00,0,0.00,0,0.00,0,0.00,318278,1,318278,318278,318278,318278.00,0,,
directory_depth_3,rigidmodels\buildings\brt_house_ter_05,1,1,100.00,0,0.00,0,0.00,0,0.00,0,0.00,526878,1,526878,526878,526878,526878.00,0,,
directory_depth_3,rigidmodels\buildings\brt_house_ter_06,1,1,100.00,0,0.00,0,0.00,0,0.00,0,0.00,409778,1,409778,409778,409778,409778.00,0,,
directory_depth_3,rigidmodels\buildings\brt_house_wooden_01,1,1,100.00,0,0.00,0,0.00,0,0.00,0,0.00,418160,1,418160,418160,418160,418160.00,0,,
directory_depth_3,rigidmodels\buildings\brt_house_wooden_02,3,3,100.00,0,0.00,0,0.00,0,0.00,0,0.00,241980,3,241980,59992,95684,80660.00,0,,
directory_depth_3,rigidmodels\buildings\brt_house_wooden_03,1,1,100.00,0,0.00,0,0.00,0,0.00,0,0.00,99240,1,99240,99240,99240,99240.00,0,,
directory_depth_3,rigidmodels\buildings\brt_landscape_01,1,1,100.00,0,0.00,0,0.00,0,0.00,0,0.00,41492,1,41492,41492,41492,41492.00,0,,
directory_depth_3,rigidmodels\buildings\brt_landscape_01_a,1,1,100.00,0,0.00,0,0.00,0,0.00,0,0.00,58388,1,58388,58388,58388,58388.00,0,,
directory_depth_3,rigidmodels\buildings\brt_landscape_02,1,1,100.00,0,0.00,0,0.00,0,0.00,0,0.00,47908,1,47908,47908,47908,47908.00,0,,
directory_depth_3,rigidmodels\buildings\brt_landscape_03,1,1,100.00,0,0.00,0,0.00,0,0.00,0,0.00,14232,1,14232,14232,14232,14232.00,0,,
directory_depth_3,rigidmodels\buildings\brt_landscape_03_a,1,1,100.00,0,0.00,0,0.00,0,0.00,0,0.00,31420,1,31420,31420,31420,31420.00,0,,
directory_depth_3,rigidmodels\buildings\brt_landscape_bridge_01,1,1,100.00,0,0.00,0,0.00,0,0.00,0,0.00,15052,1,15052,15052,15052,15052.00,0,,
directory_depth_3,rigidmodels\buildings\brt_landscape_walling_01,1,1,100.00,0,0.00,0,0.00,0,0.00,0,0.00,5768,1,5768,5768,5768,5768.00,0,,
directory_depth_3,rigidmodels\buildings\brt_landscape_walling_02,1,1,100.00,0,0.00,0,0.00,0,0.00,0,0.00,5400,1,5400,5400,5400,5400.00,0,,
directory_depth_3,rigidmodels\buildings\brt_landscape_walling_45,1,1,100.00,0,0.00,0,0.00,0,0.00,0,0.00,6936,1,6936,6936,6936,6936.00,0,,
directory_depth_3,rigidmodels\buildings\brt_landscape_walling_45_f,1,1,100.00,0,0.00,0,0.00,0,0.00,0,0.00,6936,1,6936,6936,6936,6936.00,0,,
directory_depth_3,rigidmodels\buildings\brt_landscape_walling_end,1,1,100.00,0,0.00,0,0.00,0,0.00,0,0.00,5796,1,5796,5796,5796,5796.00,0,,
directory_depth_3,rigidmodels\buildings\brt_lotl_01,3,3,100.00,0,0.00,0,0.00,0,0.00,0,0.00,1184528,3,1184528,266360,547288,394842.67,0,,
directory_depth_3,rigidmodels\buildings\brt_lotl_02,1,1,100.00,0,0.00,0,0.00,0,0.00,0,0.00,674108,1,674108,674108,674108,674108.00,0,,
directory_depth_3,rigidmodels\buildings\brt_lotl_vines_01,3,3,100.00,0,0.00,0,0.00,0,0.00,0,0.00,409720,3,409720,77048,179600,136573.33,0,,
directory_depth_3,rigidmodels\buildings\brt_marketdecotarp_03,1,1,100.00,0,0.00,0,0.00,0,0.00,0,0.00,9504,1,9504,9504,9504,9504.00,0,,
directory_depth_3,rigidmodels\buildings\brt_marketdecotarp_06,1,1,100.00,0,0.00,0,0.00,0,0.00,0,0.00,8464,1,8464,8464,8464,8464.00,0,,
directory_depth_3,rigidmodels\buildings\brt_menhir_01,1,1,100.00,0,0.00,0,0.00,0,0.00,0,0.00,36428,1,36428,36428,36428,36428.00,0,,
directory_depth_3,rigidmodels\buildings\brt_menhir_02,1,1,100.00,0,0.00,0,0.00,0,0.00,0,0.00,37712,1,37712,37712,37712,37712.00,0,,
directory_depth_3,rigidmodels\buildings\brt_menhir_03,1,1,100.00,0,0.00,0,0.00,0,0.00,0,0.00,34848,1,34848,34848,34848,34848.00,0,,
directory_depth_3,rigidmodels\buildings\brt_outfield_circled_01,1,1,100.00,0,0.00,0,0.00,0,0.00,0,0.00,11652,1,11652,11652,11652,11652.00,0,,
directory_depth_3,rigidmodels\buildings\brt_outfield_skybridge_01,1,1,100.00,0,0.00,0,0.00,0,0.00,0,0.00,36548,1,36548,36548,36548,36548.00,0,,
directory_depth_3,rigidmodels\buildings\brt_outfield_struc_wall_01,1,1,100.00,0,0.00,0,0.00,0,0.00,0,0.00,5336,1,5336,5336,5336,5336.00,0,,
directory_depth_3,rigidmodels\buildings\brt_outfield_struc_wall_01_arched,1,1,100.00,0,0.00,0,0.00,0,0.00,0,0.00,12020,1,12020,12020,12020,12020.00,0,,
directory_depth_3,rigidmodels\buildings\brt_outfield_struc_wall_02,1,1,100.00,0,0.00,0,0.00,0,0.00,0,0.00,9272,1,9272,9272,9272,9272.00,0,,
directory_depth_3,rigidmodels\buildings\brt_outfield_struc_wall_03,1,1,100.00,0,0.00,0,0.00,0,0.00,0,0.00,11336,1,11336,11336,11336,11336.00,0,,
directory_depth_3,rigidmodels\buildings\brt_outfield_struc_wall_04,1,1,100.00,0,0.00,0,0.00,0,0.00,0,0.00,9272,1,9272,9272,9272,9272.00,0,,
directory_depth_3,rigidmodels\buildings\brt_outfield_struc_wall_long_ascend,1,1,100.00,0,0.00,0,0.00,0,0.00,0,0.00,25356,1,25356,25356,25356,25356.00,0,,
directory_depth_3,rigidmodels\buildings\brt_outfield_struc_wall_long_curved,1,1,100.00,0,0.00,0,0.00,0,0.00,0,0.00,25356,1,25356,25356,25356,25356.00,0,,
directory_depth_3,rigidmodels\buildings\brt_outfield_tower_base,1,1,100.00,0,0.00,0,0.00,0,0.00,0,0.00,15796,1,15796,15796,15796,15796.00,0,,
directory_depth_3,rigidmodels\buildings\brt_prop_junk_01,1,1,100.00,0,0.00,0,0.00,0,0.00,0,0.00,22188,1,22188,22188,22188,22188.00,0,,
directory_depth_3,rigidmodels\buildings\brt_prop_junk_02,1,1,100.00,0,0.00,0,0.00,0,0.00,0,0.00,33664,1,33664,33664,33664,33664.00,0,,
directory_depth_3,rigidmodels\buildings\brt_prop_junk_03,1,1,100.00,0,0.00,0,0.00,0,0.00,0,0.00,4532,1,4532,4532,4532,4532.00,0,,
directory_depth_3,rigidmodels\buildings\brt_prop_lance_01,1,1,100.00,0,0.00,0,0.00,0,0.00,0,0.00,10108,1,10108,10108,10108,10108.00,0,,
directory_depth_3,rigidmodels\buildings\brt_prop_lance_add_01,1,1,100.00,0,0.00,0,0.00,0,0.00,0,0.00,3932,1,3932,3932,3932,3932.00,0,,
directory_depth_3,rigidmodels\buildings\brt_prop_masonry_02,1,1,100.00,0,0.00,0,0.00,0,0.00,0,0.00,7704,1,7704,7704,7704,7704.00,0,,
directory_depth_3,rigidmodels\buildings\brt_prop_masonry_03,1,1,100.00,0,0.00,0,0.00,0,0.00,0,0.00,12276,1,12276,12276,12276,12276.00,0,,
directory_depth_3,rigidmodels\buildings\brt_prop_water_wheel_02,1,1,100.00,0,0.00,0,0.00,0,0.00,0,0.00,20376,1,20376,20376,20376,20376.00,0,,
directory_depth_3,rigidmodels\buildings\brt_prop_wood_01,1,1,100.00,0,0.00,0,0.00,0,0.00,0,0.00,9360,1,9360,9360,9360,9360.00,0,,
directory_depth_3,rigidmodels\buildings\brt_rocklrg_01,1,1,100.00,0,0.00,0,0.00,0,0.00,0,0.00,32556,1,32556,32556,32556,32556.00,0,,
directory_depth_3,rigidmodels\buildings\brt_rockmed_01,1,1,100.00,0,0.00,0,0.00,0,0.00,0,0.00,27172,1,27172,27172,27172,27172.00,0,,
directory_depth_3,rigidmodels\buildings\brt_rockmed_02,1,1,100.00,0,0.00,0,0.00,0,0.00,0,0.00,32092,1,32092,32092,32092,32092.00,0,,
directory_depth_3,rigidmodels\buildings\brt_rocksml_01,1,1,100.00,0,0.00,0,0.00,0,0.00,0,0.00,19744,1,19744,19744,19744,19744.00,0,,
directory_depth_3,rigidmodels\buildings\brt_rocksml_02,1,1,100.00,0,0.00,0,0.00,0,0.00,0,0.00,20088,1,20088,20088,20088,20088.00,0,,
directory_depth_3,rigidmodels\buildings\brt_seacliff_a,1,1,100.00,0,0.00,0,0.00,0,0.00,0,0.00,121964,1,121964,121964,121964,121964.00,0,,
directory_depth_3,rigidmodels\buildings\brt_seacliff_b,1,1,100.00,0,0.00,0,0.00,0,0.00,0,0.00,142730,1,142730,142730,142730,142730.00,0,,
directory_depth_3,rigidmodels\buildings\brt_seacliff_b_01,1,1,100.00,0,0.00,0,0.00,0,0.00,0,0.00,296006,1,296006,296006,296006,296006.00,0,,
directory_depth_3,rigidmodels\buildings\brt_seacliff_b_02,1,1,100.00,0,0.00,0,0.00,0,0.00,0,0.00,284902,1,284902,284902,284902,284902.00,0,,
directory_depth_3,rigidmodels\buildings\brt_seacliff_b_02_a,1,1,100.00,0,0.00,0,0.00,0,0.00,0,0.00,153946,1,153946,153946,153946,153946.00,0,,
directory_depth_3,rigidmodels\buildings\brt_seacliff_b_02_b,1,1,100.00,0,0.00,0,0.00,0,0.00,0,0.00,76558,1,76558,76558,76558,76558.00,0,,
directory_depth_3,rigidmodels\buildings\brt_seacliff_b_02_c,1,1,100.00,0,0.00,0,0.00,0,0.00,0,0.00,74014,1,74014,74014,74014,74014.00,0,,
directory_depth_3,rigidmodels\buildings\brt_seacliff_b_03,1,1,100.00,0,0.00,0,0.00,0,0.00,0,0.00,261156,1,261156,261156,261156,261156.00,0,,
directory_depth_3,rigidmodels\buildings\brt_seacliff_b_04,1,1,100.00,0,0.00,0,0.00,0,0.00,0,0.00,157456,1,157456,157456,157456,157456.00,0,,
directory_depth_3,rigidmodels\buildings\brt_seacliff_b_05,1,1,100.00,0,0.00,0,0.00,0,0.00,0,0.00,217386,1,217386,217386,217386,217386.00,0,,
directory_depth_3,rigidmodels\buildings\brt_seacliff_b_06,1,1,100.00,0,0.00,0,0.00,0,0.00,0,0.00,155012,1,155012,155012,155012,155012.00,0,,
directory_depth_3,rigidmodels\buildings\brt_seacliff_b_07,1,1,100.00,0,0.00,0,0.00,0,0.00,0,0.00,193262,1,193262,193262,193262,193262.00,0,,
directory_depth_3,rigidmodels\buildings\brt_seacliff_formation_01,1,1,100.00,0,0.00,0,0.00,0,0.00,0,0.00,534974,1,534974,534974,534974,534974.00,0,,
directory_depth_3,rigidmodels\buildings\brt_seacliff_formation_02,1,1,100.00,0,0.00,0,0.00,0,0.00,0,0.00,280246,1,280246,280246,280246,280246.00,0,,
directory_depth_3,rigidmodels\buildings\brt_seacliff_formation_03,1,1,100.00,0,0.00,0,0.00,0,0.00,0,0.00,165084,1,165084,165084,165084,165084.00,0,,
directory_depth_3,rigidmodels\buildings\brt_siege_tower_15m,13,13,100.00,0,0.00,0,0.00,0,0.00,0,0.00,3880068,13,3880068,21404,1657730,298466.77,0,,
directory_depth_3,rigidmodels\buildings\brt_slum_bridge_01,1,1,100.00,0,0.00,0,0.00,0,0.00,0,0.00,320686,1,320686,320686,320686,320686.00,0,,
directory_depth_3,rigidmodels\buildings\brt_slum_bridge_02,1,1,100.00,0,0.00,0,0.00,0,0.00,0,0.00,173036,1,173036,173036,173036,173036.00,0,,
directory_depth_3,rigidmodels\buildings\brt_slumstairs_01,1,1,100.00,0,0.00,0,0.00,0,0.00,0,0.00,24836,1,24836,24836,24836,24836.00,0,,
directory_depth_3,rigidmodels\buildings\brt_statue_he_01,3,3,100.00,0,0.00,0,0.00,0,0.00,0,0.00,773606,3,773606,238498,268656,257868.67,0,,
directory_depth_3,rigidmodels\buildings\brt_stone_a,1,1,100.00,0,0.00,0,0.00,0,0.00,0,0.00,10824,1,10824,10824,10824,10824.00,0,,
directory_depth_3,rigidmodels\buildings\brt_stone_b,1,1,100.00,0,0.00,0,0.00,0,0.00,0,0.00,10472,1,10472,10472,10472,10472.00,0,,
directory_depth_3,rigidmodels\buildings\brt_stone_bridge_long,1,1,100.00,0,0.00,0,0.00,0,0.00,0,0.00,42980,1,42980,42980,42980,42980.00,0,,
directory_depth_3,rigidmodels\buildings\brt_stone_bridge_lrg,1,1,100.00,0,0.00,0,0.00,0,0.00,0,0.00,17748,1,17748,17748,17748,17748.00,0,,
directory_depth_3,rigidmodels\buildings\brt_stone_c,1,1,100.00,0,0.00,0,0.00,0,0.00,0,0.00,11016,1,11016,11016,11016,11016.00,0,,
directory_depth_3,rigidmodels\buildings\brt_stone_d,1,1,100.00,0,0.00,0,0.00,0,0.00,0,0.00,19180,1,19180,19180,19180,19180.00,0,,
directory_depth_3,rigidmodels\buildings\brt_stone_e,1,1,100.00,0,0.00,0,0.00,0,0.00,0,0.00,20092,1,20092,20092,20092,20092.00,0,,
directory_depth_3,rigidmodels\buildings\brt_stone_f,1,1,100.00,0,0.00,0,0.00,0,0.00,0,0.00,21908,1,21908,21908,21908,21908.00,0,,
directory_depth_3,rigidmodels\buildings\brt_tower_01,2,2,100.00,0,0.00,0,0.00,0,0.00,0,0.00,488598,2,488598,217844,270754,244299.00,0,,
directory_depth_3,rigidmodels\buildings\brt_tower_02,3,3,100.00,0,0.00,0,0.00,0,0.00,0,0.00,1009500,3,1009500,326056,357114,336500.00,0,,
directory_depth_3,rigidmodels\buildings\brt_tower_03,2,2,100.00,0,0.00,0,0.00,0,0.00,0,0.00,477180,2,477180,201010,276170,238590.00,0,,
directory_depth_3,rigidmodels\buildings\brt_tower_04,2,2,100.00,0,0.00,0,0.00,0,0.00,0,0.00,440202,2,440202,191632,248570,220101.00,0,,
directory_depth_3,rigidmodels\buildings\brt_tower_05,2,2,100.00,0,0.00,0,0.00,0,0.00,0,0.00,523854,2,523854,230670,293184,261927.00,0,,
directory_depth_3,rigidmodels\buildings\brt_tower_06,2,2,100.00,0,0.00,0,0.00,0,0.00,0,0.00,569898,2,569898,268324,301574,284949.00,0,,
directory_depth_3,rigidmodels\buildings\brt_tower_balcony_01,1,1,100.00,0,0.00,0,0.00,0,0.00,0,0.00,72968,1,72968,72968,72968,72968.00,0,,
directory_depth_3,rigidmodels\buildings\brt_tower_brick_01,3,3,100.00,0,0.00,0,0.00,0,0.00,0,0.00,486434,3,486434,71884,258234,162144.67,0,,
directory_depth_3,rigidmodels\buildings\brt_tower_free_01,2,2,100.00,0,0.00,0,0.00,0,0.00,0,0.00,1235750,2,1235750,382708,853042,617875.00,0,,
directory_depth_3,rigidmodels\buildings\brt_tower_placement_01,3,3,100.00,0,0.00,0,0.00,0,0.00,0,0.00,3131710,3,3131710,666562,1241980,1043903.33,0,,
directory_depth_3,rigidmodels\buildings\brt_tower_placement_02,3,3,100.00,0,0.00,0,0.00,0,0.00,0,0.00,3131710,3,3131710,666562,1241980,1043903.33,0,,
directory_depth_3,rigidmodels\buildings\brt_tower_placement_03,3,3,100.00,0,0.00,0,0.00,0,0.00,0,0.00,3131710,3,3131710,666562,1241980,1043903.33,0,,
directory_depth_3,rigidmodels\buildings\brt_tower_placement_04,3,3,100.00,0,0.00,0,0.00,0,0.00,0,0.00,3131710,3,3131710,666562,1241980,1043903.33,0,,
directory_depth_3,rigidmodels\buildings\brt_tower_stone_01,3,3,100.00,0,0.00,0,0.00,0,0.00,0,0.00,792874,3,792874,242266,300930,264291.33,0,,
directory_depth_3,rigidmodels\buildings\brt_tower_stone_02,3,3,100.00,0,0.00,0,0.00,0,0.00,0,0.00,277480,3,277480,82938,102866,92493.33,0,,
directory_depth_3,rigidmodels\buildings\brt_tower_stone_03,3,3,100.00,0,0.00,0,0.00,0,0.00,0,0.00,510322,3,510322,142386,204942,170107.33,0,,
directory_depth_3,rigidmodels\buildings\brt_tower_wood_cap_01,3,3,100.00,0,0.00,0,0.00,0,0.00,0,0.00,999884,3,999884,275408,366196,333294.67,0,,
directory_depth_3,rigidmodels\buildings\brt_wall_angled_joiner,1,1,100.00,0,0.00,0,0.00,0,0.00,0,0.00,116274,1,116274,116274,116274,116274.00,0,,
directory_depth_3,rigidmodels\buildings\brt_wall_angled_to_grid_joiner,3,3,100.00,0,0.00,0,0.00,0,0.00,0,0.00,2745696,3,2745696,220174,1981828,915232.00,0,,
directory_depth_3,rigidmodels\buildings\brt_wall_bartizan01,1,1,100.00,0,0.00,0,0.00,0,0.00,0,0.00,112240,1,112240,112240,112240,112240.00,0,,
directory_depth_3,rigidmodels\buildings\brt_wall_corner_90_exter,1,1,100.00,0,0.00,0,0.00,0,0.00,0,0.00,468868,1,468868,468868,468868,468868.00,0,,
directory_depth_3,rigidmodels\buildings\brt_wall_corner_90_inter,1,1,100.00,0,0.00,0,0.00,0,0.00,0,0.00,722400,1,722400,722400,722400,722400.00,0,,
directory_depth_3,rigidmodels\buildings\brt_wall_debris02,1,1,100.00,0,0.00,0,0.00,0,0.00,0,0.00,3812,1,3812,3812,3812,3812.00,0,,
directory_depth_3,rigidmodels\buildings\brt_wall_debris03,1,1,100.00,0,0.00,0,0.00,0,0.00,0,0.00,3256,1,3256,3256,3256,3256.00,0,,
directory_depth_3,rigidmodels\buildings\brt_wall_emitter01,1,1,100.00,0,0.00,0,0.00,0,0.00,0,0.00,5616,1,5616,5616,5616,5616.00,0,,
directory_depth_3,rigidmodels\buildings\brt_wall_emitter02,1,1,100.00,0,0.00,0,0.00,0,0.00,0,0.00,44648,1,44648,44648,44648,44648.00,0,,
directory_depth_3,rigidmodels\buildings\brt_wall_flag01,1,1,100.00,0,0.00,0,0.00,0,0.00,0,0.00,2976,1,2976,2976,2976,2976.00,0,,
directory_depth_3,rigidmodels\buildings\brt_wall_flag05,1,1,100.00,0,0.00,0,0.00,0,0.00,0,0.00,7500,1,7500,7500,7500,7500.00,0,,
directory_depth_3,rigidmodels\buildings\brt_wall_gatehouse_60,11,11,100.00,0,0.00,0,0.00,0,0.00,0,0.00,4901030,11,4901030,20080,1827880,445548.18,0,,
directory_depth_3,rigidmodels\buildings\brt_wall_grid_to_angled_joiner,3,3,100.00,0,0.00,0,0.00,0,0.00,0,0.00,2548416,3,2548416,220238,1784484,849472.00,0,,
directory_depth_3,rigidmodels\buildings\brt_wall_ladder01,1,1,100.00,0,0.00,0,0.00,0,0.00,0,0.00,46112,1,46112,46112,46112,46112.00,0,,
directory_depth_3,rigidmodels\buildings\brt_wall_ladder02,1,1,100.00,0,0.00,0,0.00,0,0.00,0,0.00,46496,1,46496,46496,46496,46496.00,0,,
directory_depth_3,rigidmodels\buildings\brt_wall_ladder03,1,1,100.00,0,0.00,0,0.00,0,0.00,0,0.00,46496,1,46496,46496,46496,46496.00,0,,
directory_depth_3,rigidmodels\buildings\brt_wall_merlon01,3,3,100.00,0,0.00,0,0.00,0,0.00,0,0.00,70812,3,70812,20634,26324,23604.00,0,,
directory_depth_3,rigidmodels\buildings\brt_wall_shield01,1,1,100.00,0,0.00,0,0.00,0,0.00,0,0.00,2696,1,2696,2696,2696,2696.00,0,,
directory_depth_3,rigidmodels\buildings\brt_wall_shield02,1,1,100.00,0,0.00,0,0.00,0,0.00,0,0.00,2696,1,2696,2696,2696,2696.00,0,,
directory_depth_3,rigidmodels\buildings\brt_wall_stepup_15m,1,1,100.00,0,0.00,0,0.00,0,0.00,0,0.00,1079526,1,1079526,1079526,1079526,1079526.00,0,,
directory_depth_3,rigidmodels\buildings\brt_wall_straight_20,2,2,100.00,0,0.00,0,0.00,0,0.00,0,0.00,498300,2,498300,61074,437226,249150.00,0,,
directory_depth_3,rigidmodels\buildings\brt_wall_straight_20_stairs,2,2,100.00,0,0.00,0,0.00,0,0.00,0,0.00,743476,2,743476,197328,546148,371738.00,0,,
directory_depth_3,rigidmodels\buildings\brt_wall_straight_20m,3,3,100.00,0,0.00,0,0.00,0,0.00,0,0.00,1861006,3,1861006,227672,1253276,620335.33,0,,
directory_depth_3,rigidmodels\buildings\brt_wall_straight_20m_emplacment,1,1,100.00,0,0.00,0,0.00,0,0.00,0,0.00,629452,1,629452,629452,629452,629452.00,0,,
directory_depth_3,rigidmodels\buildings\brt_wall_tower,3,3,100.00,0,0.00,0,0.00,0,0.00,0,0.00,5107530,3,5107530,1090830,2320610,1702510.00,0,,
directory_depth_3,rigidmodels\buildings\brt_wall_tower_01,3,3,100.00,0,0.00,0,0.00,0,0.00,0,0.00,5107530,3,5107530,1090830,2320610,1702510.00,0,,
directory_depth_3,rigidmodels\buildings\brt_wall_tower_02,3,3,100.00,0,0.00,0,0.00,0,0.00,0,0.00,5107530,3,5107530,1090830,2320610,1702510.00,0,,
directory_depth_3,rigidmodels\buildings\brt_wall_tower_03,3,3,100.00,0,0.00,0,0.00,0,0.00,0,0.00,5107530,3,5107530,1090830,2320610,1702510.00,0,,
directory_depth_3,rigidmodels\buildings\brt_water_wheel,1,1,100.00,0,0.00,0,0.00,0,0.00,0,0.00,82704,1,82704,82704,82704,82704.00,0,,
directory_depth_3,rigidmodels\buildings\brt_window_pc_01,1,1,100.00,0,0.00,0,0.00,0,0.00,0,0.00,10632,1,10632,10632,10632,10632.00,0,,
directory_depth_3,rigidmodels\buildings\brt_window_pc_02,1,1,100.00,0,0.00,0,0.00,0,0.00,0,0.00,10492,1,10492,10492,10492,10492.00,0,,
directory_depth_3,rigidmodels\buildings\brt_window_pc_03,1,1,100.00,0,0.00,0,0.00,0,0.00,0,0.00,10632,1,10632,10632,10632,10632.00,0,,
directory_depth_3,rigidmodels\buildings\brt_window_pc_04,1,1,100.00,0,0.00,0,0.00,0,0.00,0,0.00,9652,1,9652,9652,9652,9652.00,0,,
directory_depth_3,rigidmodels\buildings\brt_window_pc_05,1,1,100.00,0,0.00,0,0.00,0,0.00,0,0.00,10352,1,10352,10352,10352,10352.00,0,,
directory_depth_3,rigidmodels\buildings\brt_window_pc_06,1,1,100.00,0,0.00,0,0.00,0,0.00,0,0.00,10352,1,10352,10352,10352,10352.00,0,,
directory_depth_3,rigidmodels\buildings\brt_window_pc_07,1,1,100.00,0,0.00,0,0.00,0,0.00,0,0.00,8672,1,8672,8672,8672,8672.00,0,,
directory_depth_3,rigidmodels\buildings\brt_window_pc_08,1,1,100.00,0,0.00,0,0.00,0,0.00,0,0.00,9512,1,9512,9512,9512,9512.00,0,,
directory_depth_3,rigidmodels\buildings\brt_window_pc_09,1,1,100.00,0,0.00,0,0.00,0,0.00,0,0.00,9512,1,9512,9512,9512,9512.00,0,,
directory_depth_3,rigidmodels\buildings\brt_window_pc_10,1,1,100.00,0,0.00,0,0.00,0,0.00,0,0.00,8672,1,8672,8672,8672,8672.00,0,,
directory_depth_3,rigidmodels\buildings\bst_banner_a,3,3,100.00,0,0.00,0,0.00,0,0.00,0,0.00,1245682,3,1245682,401230,431944,415227.33,0,,
directory_depth_3,rigidmodels\buildings\bst_banner_b,1,1,100.00,0,0.00,0,0.00,0,0.00,0,0.00,1022602,1,1022602,1022602,1022602,1022602.00,0,,
directory_depth_3,rigidmodels\buildings\bst_barrel_01,1,1,100.00,0,0.00,0,0.00,0,0.00,0,0.00,18584,1,18584,18584,18584,18584.00,0,,
directory_depth_3,rigidmodels\buildings\bst_barricade_blocker_01,2,2,100.00,0,0.00,0,0.00,0,0.00,0,0.00,188730,2,188730,91654,97076,94365.00,0,,
directory_depth_3,rigidmodels\buildings\bst_barricade_monument_01,2,2,100.00,0,0.00,0,0.00,0,0.00,0,0.00,25520,2,25520,12716,12804,12760.00,0,,
directory_depth_3,rigidmodels\buildings\bst_barricade_platform_01,3,3,100.00,0,0.00,0,0.00,0,0.00,0,0.00,1117144,3,1117144,318532,441652,372381.33,0,,
directory_depth_3,rigidmodels\buildings\bst_barricade_trap_01,2,2,100.00,0,0.00,0,0.00,0,0.00,0,0.00,530814,2,530814,247504,283310,265407.00,0,,
directory_depth_3,rigidmodels\buildings\bst_batteringram,15,15,100.00,0,0.00,0,0.00,0,0.00,0,0.00,1635104,15,1635104,7880,618812,109006.93,0,,
directory_depth_3,rigidmodels\buildings\bst_brazier_01,1,1,100.00,0,0.00,0,0.00,0,0.00,0,0.00,609360,1,609360,609360,609360,609360.00,0,,
directory_depth_3,rigidmodels\buildings\bst_cage,1,1,100.00,0,0.00,0,0.00,0,0.00,0,0.00,777476,1,777476,777476,777476,777476.00,0,,
directory_depth_3,rigidmodels\buildings\bst_cage_empty,1,1,100.00,0,0.00,0,0.00,0,0.00,0,0.00,628108,1,628108,628108,628108,628108.00,0,,
directory_depth_3,rigidmodels\buildings\bst_cliff_bank_a,1,1,100.00,0,0.00,0,0.00,0,0.00,0,0.00,123712,1,123712,123712,123712,123712.00,0,,
directory_depth_3,rigidmodels\buildings\bst_cliff_bank_b,1,1,100.00,0,0.00,0,0.00,0,0.00,0,0.00,153008,1,153008,153008,153008,153008.00,0,,
directory_depth_3,rigidmodels\buildings\bst_cliff_bank_c,1,1,100.00,0,0.00,0,0.00,0,0.00,0,0.00,143624,1,143624,143624,143624,143624.00,0,,
directory_depth_3,rigidmodels\buildings\bst_cliff_bank_d,1,1,100.00,0,0.00,0,0.00,0,0.00,0,0.00,73452,1,73452,73452,73452,73452.00,0,,
directory_depth_3,rigidmodels\buildings\bst_cliff_bank_e,1,1,100.00,0,0.00,0,0.00,0,0.00,0,0.00,59138,1,59138,59138,59138,59138.00,0,,
directory_depth_3,rigidmodels\buildings\bst_cliff_bank_f,1,1,100.00,0,0.00,0,0.00,0,0.00,0,0.00,81878,1,81878,81878,81878,81878.00,0,,
directory_depth_3,rigidmodels\buildings\bst_cliff_bank_g,1,1,100.00,0,0.00,0,0.00,0,0.00,0,0.00,72436,1,72436,72436,72436,72436.00,0,,
directory_depth_3,rigidmodels\buildings\bst_crate_01,1,1,100.00,0,0.00,0,0.00,0,0.00,0,0.00,2988,1,2988,2988,2988,2988.00,0,,
directory_depth_3,rigidmodels\buildings\bst_dungbase,1,1,100.00,0,0.00,0,0.00,0,0.00,0,0.00,62606,1,62606,62606,62606,62606.00,0,,
directory_depth_3,rigidmodels\buildings\bst_hagtree_00,1,1,100.00,0,0.00,0,0.00,0,0.00,0,0.00,621424,1,621424,621424,621424,621424.00,0,,
directory_depth_3,rigidmodels\buildings\bst_heart_of_the_dark_chains_01,1,1,100.00,0,0.00,0,0.00,0,0.00,0,0.00,44776,1,44776,44776,44776,44776.00,0,,
directory_depth_3,rigidmodels\buildings\bst_heart_of_the_dark_herdstone,1,1,100.00,0,0.00,0,0.00,0,0.00,0,0.00,166348,1,166348,166348,166348,166348.00,0,,
directory_depth_3,rigidmodels\buildings\bst_herdstone_a,3,3,100.00,0,0.00,0,0.00,0,0.00,0,0.00,2991444,3,2991444,890206,1089736,997148.00,0,,
directory_depth_3,rigidmodels\buildings\bst_herdstone_b,3,3,100.00,0,0.00,0,0.00,0,0.00,0,0.00,3644708,3,3644708,1041520,1394434,1214902.67,0,,
directory_depth_3,rigidmodels\buildings\bst_herdstone_single_a,3,3,100.00,0,0.00,0,0.00,0,0.00,0,0.00,1085326,3,1085326,323082,413646,361775.33,0,,
directory_depth_3,rigidmodels\buildings\bst_herdstone_single_b,2,2,100.00,0,0.00,0,0.00,0,0.00,0,0.00,799284,2,799284,390674,408610,399642.00,0,,
directory_depth_3,rigidmodels\buildings\bst_herdstone_single_c,2,2,100.00,0,0.00,0,0.00,0,0.00,0,0.00,228536,2,228536,97668,130868,114268.00,0,,
directory_depth_3,rigidmodels\buildings\bst_herdstone_single_d,3,3,100.00,0,0.00,0,0.00,0,0.00,0,0.00,373970,3,373970,86886,157886,124656.67,0,,
directory_depth_3,rigidmodels\buildings\bst_planks_01,1,1,100.00,0,0.00,0,0.00,0,0.00,0,0.00,20292,1,20292,20292,20292,20292.00,0,,
directory_depth_3,rigidmodels\buildings\bst_shield_01,1,1,100.00,0,0.00,0,0.00,0,0.00,0,0.00,53758,1,53758,53758,53758,53758.00,0,,
directory_depth_3,rigidmodels\buildings\bst_shield_02,1,1,100.00,0,0.00,0,0.00,0,0.00,0,0.00,32672,1,32672,32672,32672,32672.00,0,,
directory_depth_3,rigidmodels\buildings\bst_siege_tower_15m,12,12,100.00,0,0.00,0,0.00,0,0.00,0,0.00,2169280,12,2169280,12386,854176,180773.33,0,,
directory_depth_3,rigidmodels\buildings\bst_skull_01,1,1,100.00,0,0.00,0,0.00,0,0.00,0,0.00,96820,1,96820,96820,96820,96820.00,0,,
directory_depth_3,rigidmodels\buildings\bst_skullpile_01,1,1,100.00,0,0.00,0,0.00,0,0.00,0,0.00,33332,1,33332,33332,33332,33332.00,0,,
directory_depth_3,rigidmodels\buildings\bst_spoilheap_a,1,1,100.00,0,0.00,0,0.00,0,0.00,0,0.00,732632,1,732632,732632,732632,732632.00,0,,
directory_depth_3,rigidmodels\buildings\bst_spoilheap_b,1,1,100.00,0,0.00,0,0.00,0,0.00,0,0.00,949356,1,949356,949356,949356,949356.00,0,,
directory_depth_3,rigidmodels\buildings\bst_stakes_01,1,1,100.00,0,0.00,0,0.00,0,0.00,0,0.00,45116,1,45116,45116,45116,45116.00,0,,
directory_depth_3,rigidmodels\buildings\bst_stakes_02,1,1,100.00,0,0.00,0,0.00,0,0.00,0,0.00,28688,1,28688,28688,28688,28688.00,0,,
directory_depth_3,rigidmodels\buildings\bst_stakes_03,1,1,100.00,0,0.00,0,0.00,0,0.00,0,0.00,97496,1,97496,97496,97496,97496.00,0,,
directory_depth_3,rigidmodels\buildings\bst_totem_a,3,3,100.00,0,0.00,0,0.00,0,0.00,0,0.00,3319308,3,3319308,886002,1269290,1106436.00,0,,
directory_depth_3,rigidmodels\buildings\bst_totem_a_02,1,1,100.00,0,0.00,0,0.00,0,0.00,0,0.00,894726,1,894726,894726,894726,894726.00,0,,
directory_depth_3,rigidmodels\buildings\bst_totem_b,3,3,100.00,0,0.00,0,0.00,0,0.00,0,0.00,3301234,3,3301234,802116,1321774,1100411.33,0,,
directory_depth_3,rigidmodels\buildings\bst_tower_placement_01,3,3,100.00,0,0.00,0,0.00,0,0.00,0,0.00,3242734,3,3242734,595052,1862792,1080911.33,0,,
directory_depth_3,rigidmodels\buildings\bst_tower_placement_02,3,3,100.00,0,0.00,0,0.00,0,0.00,0,0.00,3242734,3,3242734,595052,1862792,1080911.33,0,,
directory_depth_3,rigidmodels\buildings\bst_tower_placement_03,3,3,100.00,0,0.00,0,0.00,0,0.00,0,0.00,3242734,3,3242734,595052,1862792,1080911.33,0,,
directory_depth_3,rigidmodels\buildings\bst_tower_placement_04,3,3,100.00,0,0.00,0,0.00,0,0.00,0,0.00,3242734,3,3242734,595052,1862792,1080911.33,0,,
directory_depth_3,rigidmodels\buildings\bst_tree_giant_branch_01,1,1,100.00,0,0.00,0,0.00,0,0.00,0,0.00,431568,1,431568,431568,431568,431568.00,0,,
directory_depth_3,rigidmodels\buildings\bst_tree_giant_branch_02,1,1,100.00,0,0.00,0,0.00,0,0.00,0,0.00,361364,1,361364,361364,361364,361364.00,0,,
directory_depth_3,rigidmodels\buildings\bst_tree_giant_branch_03,1,1,100.00,0,0.00,0,0.00,0,0.00,0,0.00,351192,1,351192,351192,351192,351192.00,0,,
directory_depth_3,rigidmodels\buildings\bst_tree_giant_branch_04,1,1,100.00,0,0.00,0,0.00,0,0.00,0,0.00,226482,1,226482,226482,226482,226482.00,0,,
directory_depth_3,rigidmodels\buildings\bst_tree_giant_branch_bare_05,1,1,100.00,0,0.00,0,0.00,0,0.00,0,0.00,86670,1,86670,86670,86670,86670.00,0,,
directory_depth_3,rigidmodels\buildings\bst_tree_giant_branch_bare_06,1,1,100.00,0,0.00,0,0.00,0,0.00,0,0.00,100938,1,100938,100938,100938,100938.00,0,,
directory_depth_3,rigidmodels\buildings\bst_tree_giant_branch_bare_07,1,1,100.00,0,0.00,0,0.00,0,0.00,0,0.00,116384,1,116384,116384,116384,116384.00,0,,
directory_depth_3,rigidmodels\buildings\bst_tree_giant_branch_bare_08,1,1,100.00,0,0.00,0,0.00,0,0.00,0,0.00,239498,1,239498,239498,239498,239498.00,0,,
directory_depth_3,rigidmodels\buildings\bst_tree_giant_branch_bare_09,1,1,100.00,0,0.00,0,0.00,0,0.00,0,0.00,194502,1,194502,194502,194502,194502.00,0,,
directory_depth_3,rigidmodels\buildings\bst_tree_giant_branch_bare_10,1,1,100.00,0,0.00,0,0.00,0,0.00,0,0.00,174392,1,174392,174392,174392,174392.00,0,,
directory_depth_3,rigidmodels\buildings\bst_tree_giant_branch_bare_11,1,1,100.00,0,0.00,0,0.00,0,0.00,0,0.00,140998,1,140998,140998,140998,140998.00,0,,
directory_depth_3,rigidmodels\buildings\bst_tree_giant_branches,1,1,100.00,0,0.00,0,0.00,0,0.00,0,0.00,1474820,1,1474820,1474820,1474820,1474820.00,0,,
directory_depth_3,rigidmodels\buildings\bst_tree_giant_leaf,1,1,100.00,0,0.00,0,0.00,0,0.00,0,0.00,615270,1,615270,615270,615270,615270.00,0,,
directory_depth_3,rigidmodels\buildings\bst_tree_giant_medium_root_01,1,1,100.00,0,0.00,0,0.00,0,0.00,0,0.00,72314,1,72314,72314,72314,72314.00,0,,
directory_depth_3,rigidmodels\buildings\bst_tree_giant_medium_root_02,1,1,100.00,0,0.00,0,0.00,0,0.00,0,0.00,78190,1,78190,78190,78190,78190.00,0,,
directory_depth_3,rigidmodels\buildings\bst_tree_giant_medium_root_03,1,1,100.00,0,0.00,0,0.00,0,0.00,0,0.00,73058,1,73058,73058,73058,73058.00,0,,
directory_depth_3,rigidmodels\buildings\bst_tree_giant_medium_root_04,1,1,100.00,0,0.00,0,0.00,0,0.00,0,0.00,73294,1,73294,73294,73294,73294.00,0,,
directory_depth_3,rigidmodels\buildings\bst_tree_giant_root_01,1,1,100.00,0,0.00,0,0.00,0,0.00,0,0.00,81470,1,81470,81470,81470,81470.00,0,,
directory_depth_3,rigidmodels\buildings\bst_tree_giant_root_02,1,1,100.00,0,0.00,0,0.00,0,0.00,0,0.00,105148,1,105148,105148,105148,105148.00,0,,
directory_depth_3,rigidmodels\buildings\bst_tree_giant_root_03,1,1,100.00,0,0.00,0,0.00,0,0.00,0,0.00,106346,1,106346,106346,106346,106346.00,0,,
directory_depth_3,rigidmodels\buildings\bst_tree_giant_stump_01,1,1,100.00,0,0.00,0,0.00,0,0.00,0,0.00,896150,1,896150,896150,896150,896150.00,0,,
directory_depth_3,rigidmodels\buildings\bst_tree_giant_trunk,1,1,100.00,0,0.00,0,0.00,0,0.00,0,0.00,1034016,1,1034016,1034016,1034016,1034016.00,0,,
directory_depth_3,rigidmodels\buildings\bst_tree_giant_trunk_02,1,1,100.00,0,0.00,0,0.00,0,0.00,0,0.00,973448,1,973448,973448,973448,973448.00,0,,
directory_depth_3,rigidmodels\buildings\bst_tree_giant_trunk_gall_01,1,1,100.00,0,0.00,0,0.00,0,0.00,0,0.00,445224,1,445224,445224,445224,445224.00,0,,
directory_depth_3,rigidmodels\buildings\bst_tree_giant_trunk_tall_01,1,1,100.00,0,0.00,0,0.00,0,0.00,0,0.00,974582,1,974582,974582,974582,974582.00,0,,
directory_depth_3,rigidmodels\buildings\bst_tree_giant_trunk_tall_02,1,1,100.00,0,0.00,0,0.00,0,0.00,0,0.00,1035868,1,1035868,1035868,1035868,1035868.00,0,,
directory_depth_3,rigidmodels\buildings\bst_tree_giant_trunk_wonky_02,1,1,100.00,0,0.00,0,0.00,0,0.00,0,0.00,514714,1,514714,514714,514714,514714.00,0,,
directory_depth_3,rigidmodels\buildings\bst_tusk_01,1,1,100.00,0,0.00,0,0.00,0,0.00,0,0.00,9480,1,9480,9480,9480,9480.00,0,,
directory_depth_3,rigidmodels\buildings\bst_tusk_02,1,1,100.00,0,0.00,0,0.00,0,0.00,0,0.00,58338,1,58338,58338,58338,58338.00,0,,
directory_depth_3,rigidmodels\buildings\bst_warhorn,3,3,100.00,0,0.00,0,0.00,0,0.00,0,0.00,4281286,3,4281286,1212674,1597274,1427095.33,0,,
directory_depth_3,rigidmodels\buildings\bst_warhorn_02,1,1,100.00,0,0.00,0,0.00,0,0.00,0,0.00,355500,1,355500,355500,355500,355500.00,0,,
directory_depth_3,rigidmodels\buildings\bst_warhorn_03,1,1,100.00,0,0.00,0,0.00,0,0.00,0,0.00,139936,1,139936,139936,139936,139936.00,0,,
directory_depth_3,rigidmodels\buildings\bst_wickerman_a,1,1,100.00,0,0.00,0,0.00,0,0.00,0,0.00,291240,1,291240,291240,291240,291240.00,0,,
directory_depth_3,rigidmodels\buildings\bst_yurt_a,3,3,100.00,0,0.00,0,0.00,0,0.00,0,0.00,2897418,3,2897418,853982,1053600,965806.00,0,,
directory_depth_3,rigidmodels\buildings\cave_mushrooms_a,1,1,100.00,0,0.00,0,0.00,0,0.00,0,0.00,46548,1,46548,46548,46548,46548.00,0,,
directory_depth_3,rigidmodels\buildings\cave_mushrooms_b,1,1,100.00,0,0.00,0,0.00,0,0.00,0,0.00,47276,1,47276,47276,47276,47276.00,0,,
directory_depth_3,rigidmodels\buildings\cave_mushrooms_c,1,1,100.00,0,0.00,0,0.00,0,0.00,0,0.00,47496,1,47496,47496,47496,47496.00,0,,
directory_depth_3,rigidmodels\buildings\chd_anvil_01a,1,1,100.00,0,0.00,0,0.00,0,0.00,0,0.00,22860,1,22860,22860,22860,22860.00,0,,
directory_depth_3,rigidmodels\buildings\chd_barrel_stack_01a,1,1,100.00,0,0.00,0,0.00,0,0.00,0,0.00,97196,1,97196,97196,97196,97196.00,0,,
directory_depth_3,rigidmodels\buildings\chd_barrel_stack_01b,1,1,100.00,0,0.00,0,0.00,0,0.00,0,0.00,127532,1,127532,127532,127532,127532.00,0,,
directory_depth_3,rigidmodels\buildings\chd_barricade_01,3,3,100.00,0,0.00,0,0.00,0,0.00,0,0.00,1135714,3,1135714,319116,456970,378571.33,0,,
directory_depth_3,rigidmodels\buildings\chd_batteringram,7,7,100.00,0,0.00,0,0.00,0,0.00,0,0.00,3257810,7,3257810,15092,1200044,465401.43,0,,
directory_depth_3,rigidmodels\buildings\chd_boiler_01a,1,1,100.00,0,0.00,0,0.00,0,0.00,0,0.00,266868,1,266868,266868,266868,266868.00,0,,
directory_depth_3,rigidmodels\buildings\chd_boiler_02a,1,1,100.00,0,0.00,0,0.00,0,0.00,0,0.00,545496,1,545496,545496,545496,545496.00,0,,
directory_depth_3,rigidmodels\buildings\chd_boiler_03a,1,1,100.00,0,0.00,0,0.00,0,0.00,0,0.00,193088,1,193088,193088,193088,193088.00,0,,
directory_depth_3,rigidmodels\buildings\chd_bridge_110m_01,1,1,100.00,0,0.00,0,0.00,0,0.00,0,0.00,1684926,1,1684926,1684926,1684926,1684926.00,0,,
directory_depth_3,rigidmodels\buildings\chd_chimney_large_01a,1,1,100.00,0,0.00,0,0.00,0,0.00,0,0.00,306164,1,306164,306164,306164,306164.00,0,,
directory_depth_3,rigidmodels\buildings\chd_chimney_large_01b,1,1,100.00,0,0.00,0,0.00,0,0.00,0,0.00,87464,1,87464,87464,87464,87464.00,0,,
directory_depth_3,rigidmodels\buildings\chd_chimney_large_02a_base,1,1,100.00,0,0.00,0,0.00,0,0.00,0,0.00,57504,1,57504,57504,57504,57504.00,0,,
directory_depth_3,rigidmodels\buildings\chd_chimney_large_02a_mid,1,1,100.00,0,0.00,0,0.00,0,0.00,0,0.00,28812,1,28812,28812,28812,28812.00,0,,
directory_depth_3,rigidmodels\buildings\chd_chimney_large_02a_top,1,1,100.00,0,0.00,0,0.00,0,0.00,0,0.00,99336,1,99336,99336,99336,99336.00,0,,
directory_depth_3,rigidmodels\buildings\chd_chimney_med_01_base,1,1,100.00,0,0.00,0,0.00,0,0.00,0,0.00,205406,1,205406,205406,205406,205406.00,0,,
directory_depth_3,rigidmodels\buildings\chd_chimney_med_01_mid,1,1,100.00,0,0.00,0,0.00,0,0.00,0,0.00,40892,1,40892,40892,40892,40892.00,0,,
directory_depth_3,rigidmodels\buildings\chd_chimney_med_01_top,1,1,100.00,0,0.00,0,0.00,0,0.00,0,0.00,197608,1,197608,197608,197608,197608.00,0,,
directory_depth_3,rigidmodels\buildings\chd_chimney_small_01a,1,1,100.00,0,0.00,0,0.00,0,0.00,0,0.00,191808,1,191808,191808,191808,191808.00,0,,
directory_depth_3,rigidmodels\buildings\chd_chimney_small_01b,1,1,100.00,0,0.00,0,0.00,0,0.00,0,0.00,200728,1,200728,200728,200728,200728.00,0,,
directory_depth_3,rigidmodels\buildings\chd_chimney_small_02a,1,1,100.00,0,0.00,0,0.00,0,0.00,0,0.00,75920,1,75920,75920,75920,75920.00,0,,
directory_depth_3,rigidmodels\buildings\chd_chimney_small_02b,1,1,100.00,0,0.00,0,0.00,0,0.00,0,0.00,28404,1,28404,28404,28404,28404.00,0,,
directory_depth_3,rigidmodels\buildings\chd_coalpile_01,1,1,100.00,0,0.00,0,0.00,0,0.00,0,0.00,28716,1,28716,28716,28716,28716.00,0,,
directory_depth_3,rigidmodels\buildings\chd_coalpile_02,1,1,100.00,0,0.00,0,0.00,0,0.00,0,0.00,32742,1,32742,32742,32742,32742.00,0,,
directory_depth_3,rigidmodels\buildings\chd_coalpile_03,1,1,100.00,0,0.00,0,0.00,0,0.00,0,0.00,29672,1,29672,29672,29672,29672.00,0,,
directory_depth_3,rigidmodels\buildings\chd_conveyor_belt_01a,1,1,100.00,0,0.00,0,0.00,0,0.00,0,0.00,104692,1,104692,104692,104692,104692.00,0,,
directory_depth_3,rigidmodels\buildings\chd_crane_01,1,1,100.00,0,0.00,0,0.00,0,0.00,0,0.00,189196,1,189196,189196,189196,189196.00,0,,
directory_depth_3,rigidmodels\buildings\chd_crucible_01a,1,1,100.00,0,0.00,0,0.00,0,0.00,0,0.00,290728,1,290728,290728,290728,290728.00,0,,
directory_depth_3,rigidmodels\buildings\chd_doorway_grate_01c,1,1,100.00,0,0.00,0,0.00,0,0.00,0,0.00,18304,1,18304,18304,18304,18304.00,0,,
directory_depth_3,rigidmodels\buildings\chd_drill_console_01,1,1,100.00,0,0.00,0,0.00,0,0.00,0,0.00,765430,1,765430,765430,765430,765430.00,0,,
directory_depth_3,rigidmodels\buildings\chd_drill_console_cog_01,1,1,100.00,0,0.00,0,0.00,0,0.00,0,0.00,54508,1,54508,54508,54508,54508.00,0,,
directory_depth_3,rigidmodels\buildings\chd_drill_console_cog_02,1,1,100.00,0,0.00,0,0.00,0,0.00,0,0.00,34612,1,34612,34612,34612,34612.00,0,,
directory_depth_3,rigidmodels\buildings\chd_drill_console_cog_03,1,1,100.00,0,0.00,0,0.00,0,0.00,0,0.00,54700,1,54700,54700,54700,54700.00,0,,
directory_depth_3,rigidmodels\buildings\chd_drill_console_cog_04,1,1,100.00,0,0.00,0,0.00,0,0.00,0,0.00,37036,1,37036,37036,37036,37036.00,0,,
directory_depth_3,rigidmodels\buildings\chd_drill_console_lever_01,2,2,100.00,0,0.00,0,0.00,0,0.00,0,0.00,51768,2,51768,25884,25884,25884.00,0,,
directory_depth_3,rigidmodels\buildings\chd_drill_counterchain_up_anim,1,1,100.00,0,0.00,0,0.00,0,0.00,0,0.00,109368,1,109368,109368,109368,109368.00,0,,
directory_depth_3,rigidmodels\buildings\chd_drill_frame_01,1,1,100.00,0,0.00,0,0.00,0,0.00,0,0.00,388304,1,388304,388304,388304,388304.00,0,,
directory_depth_3,rigidmodels\buildings\chd_drill_head_01,1,1,100.00,0,0.00,0,0.00,0,0.00,0,0.00,207854,1,207854,207854,207854,207854.00,0,,
directory_depth_3,rigidmodels\buildings\chd_drill_mainchain_down_anim,2,2,100.00,0,0.00,0,0.00,0,0.00,0,0.00,1073240,2,1073240,243504,829736,536620.00,0,,
directory_depth_3,rigidmodels\buildings\chd_drill_pipes_01,1,1,100.00,0,0.00,0,0.00,0,0.00,0,0.00,1000888,1,1000888,1000888,1000888,1000888.00,0,,
directory_depth_3,rigidmodels\buildings\chd_drill_storage_01,1,1,100.00,0,0.00,0,0.00,0,0.00,0,0.00,509256,1,509256,509256,509256,509256.00,0,,
directory_depth_3,rigidmodels\buildings\chd_drill_support_01,1,1,100.00,0,0.00,0,0.00,0,0.00,0,0.00,110536,1,110536,110536,110536,110536.00,0,,
directory_depth_3,rigidmodels\buildings\chd_drill_support_02,1,1,100.00,0,0.00,0,0.00,0,0.00,0,0.00,147416,1,147416,147416,147416,147416.00,0,,
directory_depth_3,rigidmodels\buildings\chd_drill_support_03,1,1,100.00,0,0.00,0,0.00,0,0.00,0,0.00,68856,1,68856,68856,68856,68856.00,0,,
directory_depth_3,rigidmodels\buildings\chd_engine_gear_01,2,2,100.00,0,0.00,0,0.00,0,0.00,0,0.00,86104,2,86104,43052,43052,43052.00,0,,
directory_depth_3,rigidmodels\buildings\chd_engine_gear_02,2,2,100.00,0,0.00,0,0.00,0,0.00,0,0.00,117632,2,117632,58816,58816,58816.00,0,,
directory_depth_3,rigidmodels\buildings\chd_engine_piston_01,1,1,100.00,0,0.00,0,0.00,0,0.00,0,0.00,16428,1,16428,16428,16428,16428.00,0,,
directory_depth_3,rigidmodels\buildings\chd_exhaust_port_01a,1,1,100.00,0,0.00,0,0.00,0,0.00,0,0.00,68296,1,68296,68296,68296,68296.00,0,,
directory_depth_3,rigidmodels\buildings\chd_exhaust_port_02a,1,1,100.00,0,0.00,0,0.00,0,0.00,0,0.00,46008,1,46008,46008,46008,46008.00,0,,
directory_depth_3,rigidmodels\buildings\chd_factory_arch_large_01,1,1,100.00,0,0.00,0,0.00,0,0.00,0,0.00,371052,1,371052,371052,371052,371052.00,0,,
directory_depth_3,rigidmodels\buildings\chd_factory_arch_large_02,1,1,100.00,0,0.00,0,0.00,0,0.00,0,0.00,133440,1,133440,133440,133440,133440.00,0,,
directory_depth_3,rigidmodels\buildings\chd_factory_arch_large_03,1,1,100.00,0,0.00,0,0.00,0,0.00,0,0.00,531454,1,531454,531454,531454,531454.00,0,,
directory_depth_3,rigidmodels\buildings\chd_factory_arch_large_04,1,1,100.00,0,0.00,0,0.00,0,0.00,0,0.00,40960,1,40960,40960,40960,40960.00,0,,
directory_depth_3,rigidmodels\buildings\chd_factory_base_01,1,1,100.00,0,0.00,0,0.00,0,0.00,0,0.00,304854,1,304854,304854,304854,304854.00,0,,
directory_depth_3,rigidmodels\buildings\chd_factory_base_02a,1,1,100.00,0,0.00,0,0.00,0,0.00,0,0.00,62276,1,62276,62276,62276,62276.00,0,,
directory_depth_3,rigidmodels\buildings\chd_factory_base_02b,1,1,100.00,0,0.00,0,0.00,0,0.00,0,0.00,108540,1,108540,108540,108540,108540.00,0,,
directory_depth_3,rigidmodels\buildings\chd_factory_base_03,1,1,100.00,0,0.00,0,0.00,0,0.00,0,0.00,32392,1,32392,32392,32392,32392.00,0,,
directory_depth_3,rigidmodels\buildings\chd_factory_base_04,1,1,100.00,0,0.00,0,0.00,0,0.00,0,0.00,32648,1,32648,32648,32648,32648.00,0,,
directory_depth_3,rigidmodels\buildings\chd_factory_base_05,1,1,100.00,0,0.00,0,0.00,0,0.00,0,0.00,358680,1,358680,358680,358680,358680.00,0,,
directory_depth_3,rigidmodels\buildings\chd_factory_brazier_01,1,1,100.00,0,0.00,0,0.00,0,0.00,0,0.00,95368,1,95368,95368,95368,95368.00,0,,
directory_depth_3,rigidmodels\buildings\chd_factory_bridge_01,1,1,100.00,0,0.00,0,0.00,0,0.00,0,0.00,80432,1,80432,80432,80432,80432.00,0,,
directory_depth_3,rigidmodels\buildings\chd_factory_bridge_support_01,1,1,100.00,0,0.00,0,0.00,0,0.00,0,0.00,64200,1,64200,64200,64200,64200.00,0,,
directory_depth_3,rigidmodels\buildings\chd_factory_bridge_support_end_01,1,1,100.00,0,0.00,0,0.00,0,0.00,0,0.00,42636,1,42636,42636,42636,42636.00,0,,
directory_depth_3,rigidmodels\buildings\chd_factory_bridge_support_end_02,1,1,100.00,0,0.00,0,0.00,0,0.00,0,0.00,38040,1,38040,38040,38040,38040.00,0,,
directory_depth_3,rigidmodels\buildings\chd_factory_chimney_01,1,1,100.00,0,0.00,0,0.00,0,0.00,0,0.00,401896,1,401896,401896,401896,401896.00,0,,
directory_depth_3,rigidmodels\buildings\chd_factory_chimney_02,1,1,100.00,0,0.00,0,0.00,0,0.00,0,0.00,510590,1,510590,510590,510590,510590.00,0,,
directory_depth_3,rigidmodels\buildings\chd_factory_doorway_01,1,1,100.00,0,0.00,0,0.00,0,0.00,0,0.00,101068,1,101068,101068,101068,101068.00,0,,
directory_depth_3,rigidmodels\buildings\chd_factory_doorway_02,1,1,100.00,0,0.00,0,0.00,0,0.00,0,0.00,121768,1,121768,121768,121768,121768.00,0,,
directory_depth_3,rigidmodels\buildings\chd_factory_inset_01,1,1,100.00,0,0.00,0,0.00,0,0.00,0,0.00,575482,1,575482,575482,575482,575482.00,0,,
directory_depth_3,rigidmodels\buildings\chd_factory_inset_02,1,1,100.00,0,0.00,0,0.00,0,0.00,0,0.00,482728,1,482728,482728,482728,482728.00,0,,
directory_depth_3,rigidmodels\buildings\chd_factory_inset_03,1,1,100.00,0,0.00,0,0.00,0,0.00,0,0.00,141032,1,141032,141032,141032,141032.00,0,,
directory_depth_3,rigidmodels\buildings\chd_factory_merlon_row_01,1,1,100.00,0,0.00,0,0.00,0,0.00,0,0.00,161752,1,161752,161752,161752,161752.00,0,,
directory_depth_3,rigidmodels\buildings\chd_factory_merlon_single_01,1,1,100.00,0,0.00,0,0.00,0,0.00,0,0.00,26252,1,26252,26252,26252,26252.00,0,,
directory_depth_3,rigidmodels\buildings\chd_factory_pillar_01,1,1,100.00,0,0.00,0,0.00,0,0.00,0,0.00,503540,1,503540,503540,503540,503540.00,0,,
directory_depth_3,rigidmodels\buildings\chd_factory_pillar_01_base,1,1,100.00,0,0.00,0,0.00,0,0.00,0,0.00,68292,1,68292,68292,68292,68292.00,0,,
directory_depth_3,rigidmodels\buildings\chd_factory_pillar_01_mid,1,1,100.00,0,0.00,0,0.00,0,0.00,0,0.00,242560,1,242560,242560,242560,242560.00,0,,
directory_depth_3,rigidmodels\buildings\chd_factory_pillar_01_top,1,1,100.00,0,0.00,0,0.00,0,0.00,0,0.00,220992,1,220992,220992,220992,220992.00,0,,
directory_depth_3,rigidmodels\buildings\chd_factory_pillar_02,1,1,100.00,0,0.00,0,0.00,0,0.00,0,0.00,43916,1,43916,43916,43916,43916.00,0,,
directory_depth_3,rigidmodels\buildings\chd_factory_pillar_03,1,1,100.00,0,0.00,0,0.00,0,0.00,0,0.00,49116,1,49116,49116,49116,49116.00,0,,
directory_depth_3,rigidmodels\buildings\chd_factory_ramp_01,1,1,100.00,0,0.00,0,0.00,0,0.00,0,0.00,469672,1,469672,469672,469672,469672.00,0,,
directory_depth_3,rigidmodels\buildings\chd_factory_ramp_01_mirror,1,1,100.00,0,0.00,0,0.00,0,0.00,0,0.00,464616,1,464616,464616,464616,464616.00,0,,
directory_depth_3,rigidmodels\buildings\chd_factory_spike_01,1,1,100.00,0,0.00,0,0.00,0,0.00,0,0.00,31600,1,31600,31600,31600,31600.00,0,,
directory_depth_3,rigidmodels\buildings\chd_factory_spikes_gate_02b,1,1,100.00,0,0.00,0,0.00,0,0.00,0,0.00,77126,1,77126,77126,77126,77126.00,0,,
directory_depth_3,rigidmodels\buildings\chd_factory_spikes_gate_03,1,1,100.00,0,0.00,0,0.00,0,0.00,0,0.00,92218,1,92218,92218,92218,92218.00,0,,
directory_depth_3,rigidmodels\buildings\chd_factory_spikes_row_01,1,1,100.00,0,0.00,0,0.00,0,0.00,0,0.00,32480,1,32480,32480,32480,32480.00,0,,
directory_depth_3,rigidmodels\buildings\chd_factory_spikes_row_03,1,1,100.00,0,0.00,0,0.00,0,0.00,0,0.00,16996,1,16996,16996,16996,16996.00,0,,
directory_depth_3,rigidmodels\buildings\chd_factory_stairs_01,1,1,100.00,0,0.00,0,0.00,0,0.00,0,0.00,59388,1,59388,59388,59388,59388.00,0,,
directory_depth_3,rigidmodels\buildings\chd_factory_stairs_01_left,1,1,100.00,0,0.00,0,0.00,0,0.00,0,0.00,59236,1,59236,59236,59236,59236.00,0,,
directory_depth_3,rigidmodels\buildings\chd_factory_stairs_01_right,1,1,100.00,0,0.00,0,0.00,0,0.00,0,0.00,59236,1,59236,59236,59236,59236.00,0,,
directory_depth_3,rigidmodels\buildings\chd_factory_stairs_02,1,1,100.00,0,0.00,0,0.00,0,0.00,0,0.00,45680,1,45680,45680,45680,45680.00,0,,
directory_depth_3,rigidmodels\buildings\chd_factory_stairs_03,1,1,100.00,0,0.00,0,0.00,0,0.00,0,0.00,125080,1,125080,125080,125080,125080.00,0,,
directory_depth_3,rigidmodels\buildings\chd_factory_stairs_03_left,1,1,100.00,0,0.00,0,0.00,0,0.00,0,0.00,124448,1,124448,124448,124448,124448.00,0,,
directory_depth_3,rigidmodels\buildings\chd_factory_stairs_03_right,1,1,100.00,0,0.00,0,0.00,0,0.00,0,0.00,150944,1,150944,150944,150944,150944.00,0,,
directory_depth_3,rigidmodels\buildings\chd_factory_stairs_divider_01,1,1,100.00,0,0.00,0,0.00,0,0.00,0,0.00,27996,1,27996,27996,27996,27996.00,0,,
directory_depth_3,rigidmodels\buildings\chd_factory_stairs_divider_02,1,1,100.00,0,0.00,0,0.00,0,0.00,0,0.00,12804,1,12804,12804,12804,12804.00,0,,
directory_depth_3,rigidmodels\buildings\chd_factory_statue_base_01,1,1,100.00,0,0.00,0,0.00,0,0.00,0,0.00,20476,1,20476,20476,20476,20476.00,0,,
directory_depth_3,rigidmodels\buildings\chd_factory_structure_01,1,1,100.00,0,0.00,0,0.00,0,0.00,0,0.00,401822,1,401822,401822,401822,401822.00,0,,
directory_depth_3,rigidmodels\buildings\chd_factory_structure_02,1,1,100.00,0,0.00,0,0.00,0,0.00,0,0.00,332324,1,332324,332324,332324,332324.00,0,,
directory_depth_3,rigidmodels\buildings\chd_factory_structure_03,1,1,100.00,0,0.00,0,0.00,0,0.00,0,0.00,485950,1,485950,485950,485950,485950.00,0,,
directory_depth_3,rigidmodels\buildings\chd_factory_structure_block_01,1,1,100.00,0,0.00,0,0.00,0,0.00,0,0.00,480722,1,480722,480722,480722,480722.00,0,,
directory_depth_3,rigidmodels\buildings\chd_factory_structure_block_02,1,1,100.00,0,0.00,0,0.00,0,0.00,0,0.00,339392,1,339392,339392,339392,339392.00,0,,
directory_depth_3,rigidmodels\buildings\chd_factory_structure_block_03,1,1,100.00,0,0.00,0,0.00,0,0.00,0,0.00,23962,1,23962,23962,23962,23962.00,0,,
directory_depth_3,rigidmodels\buildings\chd_factory_structure_block_04,1,1,100.00,0,0.00,0,0.00,0,0.00,0,0.00,181764,1,181764,181764,181764,181764.00,0,,
directory_depth_3,rigidmodels\buildings\chd_factory_structure_block_05,1,1,100.00,0,0.00,0,0.00,0,0.00,0,0.00,336176,1,336176,336176,336176,336176.00,0,,
directory_depth_3,rigidmodels\buildings\chd_factory_structure_block_06,1,1,100.00,0,0.00,0,0.00,0,0.00,0,0.00,71248,1,71248,71248,71248,71248.00,0,,
directory_depth_3,rigidmodels\buildings\chd_factory_structure_block_06b,1,1,100.00,0,0.00,0,0.00,0,0.00,0,0.00,376956,1,376956,376956,376956,376956.00,0,,
directory_depth_3,rigidmodels\buildings\chd_factory_structure_block_07,1,1,100.00,0,0.00,0,0.00,0,0.00,0,0.00,37016,1,37016,37016,37016,37016.00,0,,
directory_depth_3,rigidmodels\buildings\chd_factory_structure_block_08,1,1,100.00,0,0.00,0,0.00,0,0.00,0,0.00,54556,1,54556,54556,54556,54556.00,0,,
directory_depth_3,rigidmodels\buildings\chd_factory_wall_01,1,1,100.00,0,0.00,0,0.00,0,0.00,0,0.00,9092,1,9092,9092,9092,9092.00,0,,
directory_depth_3,rigidmodels\buildings\chd_factory_wall_02,1,1,100.00,0,0.00,0,0.00,0,0.00,0,0.00,8864,1,8864,8864,8864,8864.00,0,,
directory_depth_3,rigidmodels\buildings\chd_factory_wall_divider_01,1,1,100.00,0,0.00,0,0.00,0,0.00,0,0.00,153176,1,153176,153176,153176,153176.00,0,,
directory_depth_3,rigidmodels\buildings\chd_factory_wall_divider_02,1,1,100.00,0,0.00,0,0.00,0,0.00,0,0.00,156268,1,156268,156268,156268,156268.00,0,,
directory_depth_3,rigidmodels\buildings\chd_forge_01a,1,1,100.00,0,0.00,0,0.00,0,0.00,0,0.00,1515312,1,1515312,1515312,1515312,1515312.00,0,,
directory_depth_3,rigidmodels\buildings\chd_gear_01a,1,1,100.00,0,0.00,0,0.00,0,0.00,0,0.00,241694,1,241694,241694,241694,241694.00,0,,
directory_depth_3,rigidmodels\buildings\chd_gear_01b,1,1,100.00,0,0.00,0,0.00,0,0.00,0,0.00,85612,1,85612,85612,85612,85612.00,0,,
directory_depth_3,rigidmodels\buildings\chd_gear_02a,1,1,100.00,0,0.00,0,0.00,0,0.00,0,0.00,443260,1,443260,443260,443260,443260.00,0,,
directory_depth_3,rigidmodels\buildings\chd_gear_driver_01a,1,1,100.00,0,0.00,0,0.00,0,0.00,0,0.00,399196,1,399196,399196,399196,399196.00,0,,
directory_depth_3,rigidmodels\buildings\chd_gear_driver_01b,1,1,100.00,0,0.00,0,0.00,0,0.00,0,0.00,16724,1,16724,16724,16724,16724.00,0,,
directory_depth_3,rigidmodels\buildings\chd_gear_driver_02a,1,1,100.00,0,0.00,0,0.00,0,0.00,0,0.00,589084,1,589084,589084,589084,589084.00,0,,
directory_depth_3,rigidmodels\buildings\chd_gear_driver_02b,1,1,100.00,0,0.00,0,0.00,0,0.00,0,0.00,168092,1,168092,168092,168092,168092.00,0,,
directory_depth_3,rigidmodels\buildings\chd_generator_01a,1,1,100.00,0,0.00,0,0.00,0,0.00,0,0.00,120744,1,120744,120744,120744,120744.00,0,,
directory_depth_3,rigidmodels\buildings\chd_girder_16m_01a,1,1,100.00,0,0.00,0,0.00,0,0.00,0,0.00,7580,1,7580,7580,7580,7580.00,0,,
directory_depth_3,rigidmodels\buildings\chd_girder_90_01a,1,1,100.00,0,0.00,0,0.00,0,0.00,0,0.00,12252,1,12252,12252,12252,12252.00,0,,
directory_depth_3,rigidmodels\buildings\chd_gravelbed_8m_01,1,1,100.00,0,0.00,0,0.00,0,0.00,0,0.00,15176,1,15176,15176,15176,15176.00,0,,
directory_depth_3,rigidmodels\buildings\chd_ladder_01,1,1,100.00,0,0.00,0,0.00,0,0.00,0,0.00,19700,1,19700,19700,19700,19700.00,0,,
directory_depth_3,rigidmodels\buildings\chd_mainchain_down_02,1,1,100.00,0,0.00,0,0.00,0,0.00,0,0.00,770096,1,770096,770096,770096,770096.00,0,,
directory_depth_3,rigidmodels\buildings\chd_metal_plinth_01,1,1,100.00,0,0.00,0,0.00,0,0.00,0,0.00,17152,1,17152,17152,17152,17152.00,0,,
directory_depth_3,rigidmodels\buildings\chd_mine_entrance_01,1,1,100.00,0,0.00,0,0.00,0,0.00,0,0.00,113604,1,113604,113604,113604,113604.00,0,,
directory_depth_3,rigidmodels\buildings\chd_minecart_01a,1,1,100.00,0,0.00,0,0.00,0,0.00,0,0.00,490096,1,490096,490096,490096,490096.00,0,,
directory_depth_3,rigidmodels\buildings\chd_minecart_01b,1,1,100.00,0,0.00,0,0.00,0,0.00,0,0.00,501866,1,501866,501866,501866,501866.00,0,,
directory_depth_3,rigidmodels\buildings\chd_minecart_02a,1,1,100.00,0,0.00,0,0.00,0,0.00,0,0.00,409048,1,409048,409048,409048,409048.00,0,,
directory_depth_3,rigidmodels\buildings\chd_minecart_03a,1,1,100.00,0,0.00,0,0.00,0,0.00,0,0.00,517644,1,517644,517644,517644,517644.00,0,,
directory_depth_3,rigidmodels\buildings\chd_minecart_slope_up_01_anim,1,1,100.00,0,0.00,0,0.00,0,0.00,0,0.00,69304,1,69304,69304,69304,69304.00,0,,
directory_depth_3,rigidmodels\buildings\chd_minecart_wheel_anim,1,1,100.00,0,0.00,0,0.00,0,0.00,0,0.00,59708,1,59708,59708,59708,59708.00,0,,
directory_depth_3,rigidmodels\buildings\chd_minetrack_2m_01,1,1,100.00,0,0.00,0,0.00,0,0.00,0,0.00,43748,1,43748,43748,43748,43748.00,0,,
directory_depth_3,rigidmodels\buildings\chd_minetrack_4m_01,1,1,100.00,0,0.00,0,0.00,0,0.00,0,0.00,78968,1,78968,78968,78968,78968.00,0,,
directory_depth_3,rigidmodels\buildings\chd_minetrack_4m_02,1,1,100.00,0,0.00,0,0.00,0,0.00,0,0.00,72808,1,72808,72808,72808,72808.00,0,,
directory_depth_3,rigidmodels\buildings\chd_minetrack_4m_22,1,1,100.00,0,0.00,0,0.00,0,0.00,0,0.00,32896,1,32896,32896,32896,32896.00,0,,
directory_depth_3,rigidmodels\buildings\chd_minetrack_4m_45,1,1,100.00,0,0.00,0,0.00,0,0.00,0,0.00,55412,1,55412,55412,55412,55412.00,0,,
directory_depth_3,rigidmodels\buildings\chd_minetrack_4m_90,1,1,100.00,0,0.00,0,0.00,0,0.00,0,0.00,86312,1,86312,86312,86312,86312.00,0,,
directory_depth_3,rigidmodels\buildings\chd_minetrack_8m_01,1,1,100.00,0,0.00,0,0.00,0,0.00,0,0.00,109876,1,109876,109876,109876,109876.00,0,,
directory_depth_3,rigidmodels\buildings\chd_minetrack_8m_02,1,1,100.00,0,0.00,0,0.00,0,0.00,0,0.00,103716,1,103716,103716,103716,103716.00,0,,
directory_depth_3,rigidmodels\buildings\chd_minetrack_8m_90,1,1,100.00,0,0.00,0,0.00,0,0.00,0,0.00,126340,1,126340,126340,126340,126340.00,0,,
directory_depth_3,rigidmodels\buildings\chd_minetrack_8m_broken,1,1,100.00,0,0.00,0,0.00,0,0.00,0,0.00,73800,1,73800,73800,73800,73800.00,0,,
directory_depth_3,rigidmodels\buildings\chd_minetrack_finalbattle_left_01_anim,1,1,100.00,0,0.00,0,0.00,0,0.00,0,0.00,5032,1,5032,5032,5032,5032.00,0,,
directory_depth_3,rigidmodels\buildings\chd_minetrack_finalbattle_right_01_anim,1,1,100.00,0,0.00,0,0.00,0,0.00,0,0.00,5032,1,5032,5032,5032,5032.00,0,,
directory_depth_3,rigidmodels\buildings\chd_minetrack_finalbattle_straight_01_anim,1,1,100.00,0,0.00,0,0.00,0,0.00,0,0.00,5032,1,5032,5032,5032,5032.00,0,,
directory_depth_3,rigidmodels\buildings\chd_minetrack_slopedown,1,1,100.00,0,0.00,0,0.00,0,0.00,0,0.00,51324,1,51324,51324,51324,51324.00,0,,
directory_depth_3,rigidmodels\buildings\chd_minetrack_slopeup,1,1,100.00,0,0.00,0,0.00,0,0.00,0,0.00,52484,1,52484,52484,52484,52484.00,0,,
directory_depth_3,rigidmodels\buildings\chd_minetrack_stonesupport_01_4m,1,1,100.00,0,0.00,0,0.00,0,0.00,0,0.00,19816,1,19816,19816,19816,19816.00,0,,
directory_depth_3,rigidmodels\buildings\chd_minetrack_stonesupport_01_8m,1,1,100.00,0,0.00,0,0.00,0,0.00,0,0.00,94956,1,94956,94956,94956,94956.00,0,,
directory_depth_3,rigidmodels\buildings\chd_minetrack_straight_100m_01b_anim,1,1,100.00,0,0.00,0,0.00,0,0.00,0,0.00,69304,1,69304,69304,69304,69304.00,0,,
directory_depth_3,rigidmodels\buildings\chd_minetrack_truss_01,1,1,100.00,0,0.00,0,0.00,0,0.00,0,0.00,15204,1,15204,15204,15204,15204.00,0,,
directory_depth_3,rigidmodels\buildings\chd_minetrack_yjunc_01a,1,1,100.00,0,0.00,0,0.00,0,0.00,0,0.00,61132,1,61132,61132,61132,61132.00,0,,
directory_depth_3,rigidmodels\buildings\chd_minetrack_yjunc_01b,1,1,100.00,0,0.00,0,0.00,0,0.00,0,0.00,61132,1,61132,61132,61132,61132.00,0,,
directory_depth_3,rigidmodels\buildings\chd_oil_pump_01,1,1,100.00,0,0.00,0,0.00,0,0.00,0,0.00,581144,1,581144,581144,581144,581144.00,0,,
directory_depth_3,rigidmodels\buildings\chd_pipe_01_10m_a,1,1,100.00,0,0.00,0,0.00,0,0.00,0,0.00,19044,1,19044,19044,19044,19044.00,0,,
directory_depth_3,rigidmodels\buildings\chd_pipe_01_10m_b,1,1,100.00,0,0.00,0,0.00,0,0.00,0,0.00,20020,1,20020,20020,20020,20020.00,0,,
directory_depth_3,rigidmodels\buildings\chd_pipe_01_20m_a,1,1,100.00,0,0.00,0,0.00,0,0.00,0,0.00,19044,1,19044,19044,19044,19044.00,0,,
directory_depth_3,rigidmodels\buildings\chd_pipe_01_20m_b,1,1,100.00,0,0.00,0,0.00,0,0.00,0,0.00,21972,1,21972,21972,21972,21972.00,0,,
directory_depth_3,rigidmodels\buildings\chd_pipe_01_20m_c,1,1,100.00,0,0.00,0,0.00,0,0.00,0,0.00,20996,1,20996,20996,20996,20996.00,0,,
directory_depth_3,rigidmodels\buildings\chd_pipe_01_30_a,1,1,100.00,0,0.00,0,0.00,0,0.00,0,0.00,19044,1,19044,19044,19044,19044.00,0,,
directory_depth_3,rigidmodels\buildings\chd_pipe_01_5m_a,1,1,100.00,0,0.00,0,0.00,0,0.00,0,0.00,19044,1,19044,19044,19044,19044.00,0,,
directory_depth_3,rigidmodels\buildings\chd_pipe_01_60_a,1,1,100.00,0,0.00,0,0.00,0,0.00,0,0.00,20020,1,20020,20020,20020,20020.00,0,,
directory_depth_3,rigidmodels\buildings\chd_pipe_01_90_a,1,1,100.00,0,0.00,0,0.00,0,0.00,0,0.00,20996,1,20996,20996,20996,20996.00,0,,
directory_depth_3,rigidmodels\buildings\chd_pipe_01_tjunc_a,1,1,100.00,0,0.00,0,0.00,0,0.00,0,0.00,26828,1,26828,26828,26828,26828.00,0,,
directory_depth_3,rigidmodels\buildings\chd_pipe_01_xjunc_a,1,1,100.00,0,0.00,0,0.00,0,0.00,0,0.00,33260,1,33260,33260,33260,33260.00,0,,
directory_depth_3,rigidmodels\buildings\chd_pipe_02_10m_a,1,1,100.00,0,0.00,0,0.00,0,0.00,0,0.00,77916,1,77916,77916,77916,77916.00,0,,
directory_depth_3,rigidmodels\buildings\chd_pipe_02_10m_b,1,1,100.00,0,0.00,0,0.00,0,0.00,0,0.00,80988,1,80988,80988,80988,80988.00,0,,
directory_depth_3,rigidmodels\buildings\chd_pipe_02_20m_a,1,1,100.00,0,0.00,0,0.00,0,0.00,0,0.00,77916,1,77916,77916,77916,77916.00,0,,
directory_depth_3,rigidmodels\buildings\chd_pipe_02_20m_b,1,1,100.00,0,0.00,0,0.00,0,0.00,0,0.00,82492,1,82492,82492,82492,82492.00,0,,
directory_depth_3,rigidmodels\buildings\chd_pipe_02_30_a,1,1,100.00,0,0.00,0,0.00,0,0.00,0,0.00,62812,1,62812,62812,62812,62812.00,0,,
directory_depth_3,rigidmodels\buildings\chd_pipe_02_5m_a,1,1,100.00,0,0.00,0,0.00,0,0.00,0,0.00,77916,1,77916,77916,77916,77916.00,0,,
directory_depth_3,rigidmodels\buildings\chd_pipe_02_60_a,1,1,100.00,0,0.00,0,0.00,0,0.00,0,0.00,64004,1,64004,64004,64004,64004.00,0,,
directory_depth_3,rigidmodels\buildings\chd_pipe_02_90_a,1,1,100.00,0,0.00,0,0.00,0,0.00,0,0.00,65124,1,65124,65124,65124,65124.00,0,,
directory_depth_3,rigidmodels\buildings\chd_pipe_02_endcap_01,1,1,100.00,0,0.00,0,0.00,0,0.00,0,0.00,42944,1,42944,42944,42944,42944.00,0,,
directory_depth_3,rigidmodels\buildings\chd_pipe_02_tjunc_a,1,1,100.00,0,0.00,0,0.00,0,0.00,0,0.00,91300,1,91300,91300,91300,91300.00,0,,
directory_depth_3,rigidmodels\buildings\chd_pipe_02_xjunc_a,1,1,100.00,0,0.00,0,0.00,0,0.00,0,0.00,121932,1,121932,121932,121932,121932.00,0,,
directory_depth_3,rigidmodels\buildings\chd_pipe_02_yjunc_a,1,1,100.00,0,0.00,0,0.00,0,0.00,0,0.00,98436,1,98436,98436,98436,98436.00,0,,
directory_depth_3,rigidmodels\buildings\chd_pipe_03_10m_a,1,1,100.00,0,0.00,0,0.00,0,0.00,0,0.00,95780,1,95780,95780,95780,95780.00,0,,
directory_depth_3,rigidmodels\buildings\chd_pipe_03_20m_a,1,1,100.00,0,0.00,0,0.00,0,0.00,0,0.00,95780,1,95780,95780,95780,95780.00,0,,
directory_depth_3,rigidmodels\buildings\chd_pipe_03_30_a,1,1,100.00,0,0.00,0,0.00,0,0.00,0,0.00,75580,1,75580,75580,75580,75580.00,0,,
directory_depth_3,rigidmodels\buildings\chd_pipe_03_60_a,1,1,100.00,0,0.00,0,0.00,0,0.00,0,0.00,78424,1,78424,78424,78424,78424.00,0,,
directory_depth_3,rigidmodels\buildings\chd_pipe_03_90_a,1,1,100.00,0,0.00,0,0.00,0,0.00,0,0.00,84388,1,84388,84388,84388,84388.00,0,,
directory_depth_3,rigidmodels\buildings\chd_pipe_03_tjunc_a,1,1,100.00,0,0.00,0,0.00,0,0.00,0,0.00,111804,1,111804,111804,111804,111804.00,0,,
directory_depth_3,rigidmodels\buildings\chd_pipe_support_01a,1,1,100.00,0,0.00,0,0.00,0,0.00,0,0.00,102980,1,102980,102980,102980,102980.00,0,,
directory_depth_3,rigidmodels\buildings\chd_pipe_valve_01a,1,1,100.00,0,0.00,0,0.00,0,0.00,0,0.00,21474,1,21474,21474,21474,21474.00,0,,
directory_depth_3,rigidmodels\buildings\chd_pipe_valve_01b,1,1,100.00,0,0.00,0,0.00,0,0.00,0,0.00,25770,1,25770,25770,25770,25770.00,0,,
directory_depth_3,rigidmodels\buildings\chd_scaffold_01a,1,1,100.00,0,0.00,0,0.00,0,0.00,0,0.00,61828,1,61828,61828,61828,61828.00,0,,
directory_depth_3,rigidmodels\buildings\chd_scaffold_01b,1,1,100.00,0,0.00,0,0.00,0,0.00,0,0.00,82548,1,82548,82548,82548,82548.00,0,,
directory_depth_3,rigidmodels\buildings\chd_scaffold_01c,1,1,100.00,0,0.00,0,0.00,0,0.00,0,0.00,99584,1,99584,99584,99584,99584.00,0,,
directory_depth_3,rigidmodels\buildings\chd_siege_tower_15m,11,11,100.00,0,0.00,0,0.00,0,0.00,0,0.00,4936948,11,4936948,31192,1927918,448813.45,0,,
directory_depth_3,rigidmodels\buildings\chd_silo_large_01a,1,1,100.00,0,0.00,0,0.00,0,0.00,0,0.00,603080,1,603080,603080,603080,603080.00,0,,
directory_depth_3,rigidmodels\buildings\chd_silo_large_02a,1,1,100.00,0,0.00,0,0.00,0,0.00,0,0.00,387958,1,387958,387958,387958,387958.00,0,,
directory_depth_3,rigidmodels\buildings\chd_silo_small_01a,1,1,100.00,0,0.00,0,0.00,0,0.00,0,0.00,30340,1,30340,30340,30340,30340.00,0,,
directory_depth_3,rigidmodels\buildings\chd_statue_bull_01,1,1,100.00,0,0.00,0,0.00,0,0.00,0,0.00,159760,1,159760,159760,159760,159760.00,0,,
directory_depth_3,rigidmodels\buildings\chd_statue_bull_02,1,1,100.00,0,0.00,0,0.00,0,0.00,0,0.00,131510,1,131510,131510,131510,131510.00,0,,
directory_depth_3,rigidmodels\buildings\chd_statue_bull_03,1,1,100.00,0,0.00,0,0.00,0,0.00,0,0.00,159760,1,159760,159760,159760,159760.00,0,,
directory_depth_3,rigidmodels\buildings\chd_statue_bull_04,1,1,100.00,0,0.00,0,0.00,0,0.00,0,0.00,366816,1,366816,366816,366816,366816.00,0,,
directory_depth_3,rigidmodels\buildings\chd_statue_centaur_01,1,1,100.00,0,0.00,0,0.00,0,0.00,0,0.00,338284,1,338284,338284,338284,338284.00,0,,
directory_depth_3,rigidmodels\buildings\chd_statue_centaur_02,1,1,100.00,0,0.00,0,0.00,0,0.00,0,0.00,9920,1,9920,9920,9920,9920.00,0,,
directory_depth_3,rigidmodels\buildings\chd_statue_dwarf_head_01,1,1,100.00,0,0.00,0,0.00,0,0.00,0,0.00,95200,1,95200,95200,95200,95200.00,0,,
directory_depth_3,rigidmodels\buildings\chd_statue_dwarf_standing_01,1,1,100.00,0,0.00,0,0.00,0,0.00,0,0.00,210872,1,210872,210872,210872,210872.00,0,,
directory_depth_3,rigidmodels\buildings\chd_statue_dwarf_standing_02,1,1,100.00,0,0.00,0,0.00,0,0.00,0,0.00,227010,1,227010,227010,227010,227010.00,0,,
directory_depth_3,rigidmodels\buildings\chd_statue_hashut_standing_01,1,1,100.00,0,0.00,0,0.00,0,0.00,0,0.00,290110,1,290110,290110,290110,290110.00,0,,
directory_depth_3,rigidmodels\buildings\chd_statue_sorcerer_01,1,1,100.00,0,0.00,0,0.00,0,0.00,0,0.00,101642,1,101642,101642,101642,101642.00,0,,
directory_depth_3,rigidmodels\buildings\chd_statue_sorcerer_02,1,1,100.00,0,0.00,0,0.00,0,0.00,0,0.00,91752,1,91752,91752,91752,91752.00,0,,
directory_depth_3,rigidmodels\buildings\chd_statue_sorcerer_03,1,1,100.00,0,0.00,0,0.00,0,0.00,0,0.00,98840,1,98840,98840,98840,98840.00,0,,
directory_depth_3,rigidmodels\buildings\chd_statue_sorcerer_04,1,1,100.00,0,0.00,0,0.00,0,0.00,0,0.00,101730,1,101730,101730,101730,101730.00,0,,
directory_depth_3,rigidmodels\buildings\chd_statue_sorcerer_05,1,1,100.00,0,0.00,0,0.00,0,0.00,0,0.00,91516,1,91516,91516,91516,91516.00,0,,
directory_depth_3,rigidmodels\buildings\chd_statue_sorcerer_06,1,1,100.00,0,0.00,0,0.00,0,0.00,0,0.00,104486,1,104486,104486,104486,104486.00,0,,
directory_depth_3,rigidmodels\buildings\chd_storage_tank_01a,1,1,100.00,0,0.00,0,0.00,0,0.00,0,0.00,803740,1,803740,803740,803740,803740.00,0,,
directory_depth_3,rigidmodels\buildings\chd_storage_tank_02a,1,1,100.00,0,0.00,0,0.00,0,0.00,0,0.00,139772,1,139772,139772,139772,139772.00,0,,
directory_depth_3,rigidmodels\buildings\chd_storage_tank_03a,1,1,100.00,0,0.00,0,0.00,0,0.00,0,0.00,150044,1,150044,150044,150044,150044.00,0,,
directory_depth_3,rigidmodels\buildings\chd_storage_tank_04a,1,1,100.00,0,0.00,0,0.00,0,0.00,0,0.00,108360,1,108360,108360,108360,108360.00,0,,
directory_depth_3,rigidmodels\buildings\chd_temple_altar_01,1,1,100.00,0,0.00,0,0.00,0,0.00,0,0.00,67884,1,67884,67884,67884,67884.00,0,,
directory_depth_3,rigidmodels\buildings\chd_temple_balcony_01,1,1,100.00,0,0.00,0,0.00,0,0.00,0,0.00,219072,1,219072,219072,219072,219072.00,0,,
directory_depth_3,rigidmodels\buildings\chd_temple_balcony_02,1,1,100.00,0,0.00,0,0.00,0,0.00,0,0.00,151030,1,151030,151030,151030,151030.00,0,,
directory_depth_3,rigidmodels\buildings\chd_temple_base_corner_01,1,1,100.00,0,0.00,0,0.00,0,0.00,0,0.00,838440,1,838440,838440,838440,838440.00,0,,
directory_depth_3,rigidmodels\buildings\chd_temple_base_middle_01,1,1,100.00,0,0.00,0,0.00,0,0.00,0,0.00,275136,1,275136,275136,275136,275136.00,0,,
directory_depth_3,rigidmodels\buildings\chd_temple_base_middle_arch_01,1,1,100.00,0,0.00,0,0.00,0,0.00,0,0.00,590248,1,590248,590248,590248,590248.00,0,,
directory_depth_3,rigidmodels\buildings\chd_temple_base_stairs_01,1,1,100.00,0,0.00,0,0.00,0,0.00,0,0.00,307704,1,307704,307704,307704,307704.00,0,,
directory_depth_3,rigidmodels\buildings\chd_temple_base_support_01,1,1,100.00,0,0.00,0,0.00,0,0.00,0,0.00,290660,1,290660,290660,290660,290660.00,0,,
directory_depth_3,rigidmodels\buildings\chd_temple_battlements_01,1,1,100.00,0,0.00,0,0.00,0,0.00,0,0.00,202764,1,202764,202764,202764,202764.00,0,,
directory_depth_3,rigidmodels\buildings\chd_temple_battlements_endpiece_01,1,1,100.00,0,0.00,0,0.00,0,0.00,0,0.00,56786,1,56786,56786,56786,56786.00,0,,
directory_depth_3,rigidmodels\buildings\chd_temple_chamber_01,1,1,100.00,0,0.00,0,0.00,0,0.00,0,0.00,609740,1,609740,609740,609740,609740.00,0,,
directory_depth_3,rigidmodels\buildings\chd_temple_door_01,1,1,100.00,0,0.00,0,0.00,0,0.00,0,0.00,62656,1,62656,62656,62656,62656.00,0,,
directory_depth_3,rigidmodels\buildings\chd_temple_entrance_01,1,1,100.00,0,0.00,0,0.00,0,0.00,0,0.00,78452,1,78452,78452,78452,78452.00,0,,
directory_depth_3,rigidmodels\buildings\chd_temple_octagon_01,1,1,100.00,0,0.00,0,0.00,0,0.00,0,0.00,2118582,1,2118582,2118582,2118582,2118582.00,0,,
directory_depth_3,rigidmodels\buildings\chd_temple_pillar_01,1,1,100.00,0,0.00,0,0.00,0,0.00,0,0.00,148976,1,148976,148976,148976,148976.00,0,,
directory_depth_3,rigidmodels\buildings\chd_temple_step_01,1,1,100.00,0,0.00,0,0.00,0,0.00,0,0.00,39608,1,39608,39608,39608,39608.00,0,,
directory_depth_3,rigidmodels\buildings\chd_temple_step_02,1,1,100.00,0,0.00,0,0.00,0,0.00,0,0.00,22120,1,22120,22120,22120,22120.00,0,,
directory_depth_3,rigidmodels\buildings\chd_temple_step_03,1,1,100.00,0,0.00,0,0.00,0,0.00,0,0.00,25156,1,25156,25156,25156,25156.00,0,,
directory_depth_3,rigidmodels\buildings\chd_train_car_01a,1,1,100.00,0,0.00,0,0.00,0,0.00,0,0.00,3434714,1,3434714,3434714,3434714,3434714.00,0,,
directory_depth_3,rigidmodels\buildings\chd_train_car_01b,1,1,100.00,0,0.00,0,0.00,0,0.00,0,0.00,1627094,1,1627094,1627094,1627094,1627094.00,0,,
directory_depth_3,rigidmodels\buildings\chd_train_engine_01a,2,2,100.00,0,0.00,0,0.00,0,0.00,0,0.00,10693146,2,10693146,5345400,5347746,5346573.00,0,,
directory_depth_3,rigidmodels\buildings\chd_train_engine_01b,1,1,100.00,0,0.00,0,0.00,0,0.00,0,0.00,3192370,1,3192370,3192370,3192370,3192370.00,0,,
directory_depth_3,rigidmodels\buildings\chd_train_wheel_01a,1,1,100.00,0,0.00,0,0.00,0,0.00,0,0.00,110894,1,110894,110894,110894,110894.00,0,,
directory_depth_3,rigidmodels\buildings\chd_traintrack_gravel_8m_01,1,1,100.00,0,0.00,0,0.00,0,0.00,0,0.00,31208,1,31208,31208,31208,31208.00,0,,
directory_depth_3,rigidmodels\buildings\chd_traintrack_sleepers_01,1,1,100.00,0,0.00,0,0.00,0,0.00,0,0.00,8652,1,8652,8652,8652,8652.00,0,,
directory_depth_3,rigidmodels\buildings\chd_walkway_8m_01,1,1,100.00,0,0.00,0,0.00,0,0.00,0,0.00,57144,1,57144,57144,57144,57144.00,0,,
directory_depth_3,rigidmodels\buildings\chd_walkway_8m_90,1,1,100.00,0,0.00,0,0.00,0,0.00,0,0.00,62424,1,62424,62424,62424,62424.00,0,,
directory_depth_3,rigidmodels\buildings\chd_walkway_8m_end,1,1,100.00,0,0.00,0,0.00,0,0.00,0,0.00,67872,1,67872,67872,67872,67872.00,0,,
directory_depth_3,rigidmodels\buildings\chd_walkway_8m_tjunc,1,1,100.00,0,0.00,0,0.00,0,0.00,0,0.00,78568,1,78568,78568,78568,78568.00,0,,
directory_depth_3,rigidmodels\buildings\chd_wall_angled_joiner,1,1,100.00,0,0.00,0,0.00,0,0.00,0,0.00,356860,1,356860,356860,356860,356860.00,0,,
directory_depth_3,rigidmodels\buildings\chd_wall_angled_to_grid_joiner,3,3,100.00,0,0.00,0,0.00,0,0.00,0,0.00,4660594,3,4660594,639380,2163170,1553531.33,0,,
directory_depth_3,rigidmodels\buildings\chd_wall_corner_90_external,1,1,100.00,0,0.00,0,0.00,0,0.00,0,0.00,1288646,1,1288646,1288646,1288646,1288646.00,0,,
directory_depth_3,rigidmodels\buildings\chd_wall_corner_90_internal,1,1,100.00,0,0.00,0,0.00,0,0.00,0,0.00,1445322,1,1445322,1445322,1445322,1445322.00,0,,
directory_depth_3,rigidmodels\buildings\chd_wall_gatehouse_60,9,9,100.00,0,0.00,0,0.00,0,0.00,0,0.00,12255628,9,12255628,277572,5728324,1361736.44,0,,
directory_depth_3,rigidmodels\buildings\chd_wall_gatehouse_60m,9,9,100.00,0,0.00,0,0.00,0,0.00,0,0.00,17465962,9,17465962,277572,5773486,1940662.44,0,,
directory_depth_3,rigidmodels\buildings\chd_wall_grid_to_angled_joiner,3,3,100.00,0,0.00,0,0.00,0,0.00,0,0.00,4556988,3,4556988,639904,2052362,1518996.00,0,,
directory_depth_3,rigidmodels\buildings\chd_wall_merlon_01,1,1,100.00,0,0.00,0,0.00,0,0.00,0,0.00,27160,1,27160,27160,27160,27160.00,0,,
directory_depth_3,rigidmodels\buildings\chd_wall_straight_20m,3,3,100.00,0,0.00,0,0.00,0,0.00,0,0.00,2679424,3,2679424,677914,1130212,893141.33,0,,
directory_depth_3,rigidmodels\buildings\chd_wall_tower,3,3,100.00,0,0.00,0,0.00,0,0.00,0,0.00,9624968,3,9624968,1896954,4130064,3208322.67,0,,
directory_depth_3,rigidmodels\buildings\chs_altar_basalt_large_01,1,1,100.00,0,0.00,0,0.00,0,0.00,0,0.00,150072,1,150072,150072,150072,150072.00,0,,
directory_depth_3,rigidmodels\buildings\chs_altar_basalt_large_02,1,1,100.00,0,0.00,0,0.00,0,0.00,0,0.00,435032,1,435032,435032,435032,435032.00,0,,
directory_depth_3,rigidmodels\buildings\chs_altar_basalt_med_02,1,1,100.00,0,0.00,0,0.00,0,0.00,0,0.00,171600,1,171600,171600,171600,171600.00,0,,
directory_depth_3,rigidmodels\buildings\chs_altar_bouldergroup_01,1,1,100.00,0,0.00,0,0.00,0,0.00,0,0.00,152892,1,152892,152892,152892,152892.00,0,,
directory_depth_3,rigidmodels\buildings\chs_altar_pillar_block_01,3,3,100.00,0,0.00,0,0.00,0,0.00,0,0.00,122340,3,122340,30732,49548,40780.00,0,,
directory_depth_3,rigidmodels\buildings\chs_altar_pillar_block_02,4,4,100.00,0,0.00,0,0.00,0,0.00,0,0.00,134572,4,134572,23868,43264,33643.00,0,,
directory_depth_3,rigidmodels\buildings\chs_altar_pillar_block_03,4,4,100.00,0,0.00,0,0.00,0,0.00,0,0.00,160496,4,160496,23580,49128,40124.00,0,,
directory_depth_3,rigidmodels\buildings\chs_altar_rockspike_01,1,1,100.00,0,0.00,0,0.00,0,0.00,0,0.00,466248,1,466248,466248,466248,466248.00,0,,
directory_depth_3,rigidmodels\buildings\chs_altar_rockspike_01b,1,1,100.00,0,0.00,0,0.00,0,0.00,0,0.00,466248,1,466248,466248,466248,466248.00,0,,
directory_depth_3,rigidmodels\buildings\chs_altar_rockspike_02,1,1,100.00,0,0.00,0,0.00,0,0.00,0,0.00,294136,1,294136,294136,294136,294136.00,0,,
directory_depth_3,rigidmodels\buildings\chs_altar_rockspike_02b,1,1,100.00,0,0.00,0,0.00,0,0.00,0,0.00,294136,1,294136,294136,294136,294136.00,0,,
directory_depth_3,rigidmodels\buildings\chs_altar_rockspike_03,1,1,100.00,0,0.00,0,0.00,0,0.00,0,0.00,580146,1,580146,580146,580146,580146.00,0,,
directory_depth_3,rigidmodels\buildings\chs_altar_rockspike_03b,1,1,100.00,0,0.00,0,0.00,0,0.00,0,0.00,580146,1,580146,580146,580146,580146.00,0,,
directory_depth_3,rigidmodels\buildings\chs_barricade_blocker_01,2,2,100.00,0,0.00,0,0.00,0,0.00,0,0.00,188730,2,188730,91654,97076,94365.00,0,,
directory_depth_3,rigidmodels\buildings\chs_barricade_monument_01,2,2,100.00,0,0.00,0,0.00,0,0.00,0,0.00,25520,2,25520,12716,12804,12760.00,0,,
directory_depth_3,rigidmodels\buildings\chs_barricade_platform_01,3,3,100.00,0,0.00,0,0.00,0,0.00,0,0.00,1117144,3,1117144,318532,441652,372381.33,0,,
directory_depth_3,rigidmodels\buildings\chs_barricade_trap_01,2,2,100.00,0,0.00,0,0.00,0,0.00,0,0.00,530814,2,530814,247504,283310,265407.00,0,,
directory_depth_3,rigidmodels\buildings\chs_barricade_trap_02,2,2,100.00,0,0.00,0,0.00,0,0.00,0,0.00,188196,2,188196,93308,94888,94098.00,0,,
directory_depth_3,rigidmodels\buildings\chs_batteringram,7,7,100.00,0,0.00,0,0.00,0,0.00,0,0.00,1253220,7,1253220,62616,457792,179031.43,0,,
directory_depth_3,rigidmodels\buildings\chs_battle_gate_arc,1,1,100.00,0,0.00,0,0.00,0,0.00,0,0.00,30940,1,30940,30940,30940,30940.00,0,,
directory_depth_3,rigidmodels\buildings\chs_battle_props_altair_lava,1,1,100.00,0,0.00,0,0.00,0,0.00,0,0.00,119208,1,119208,119208,119208,119208.00,0,,
directory_depth_3,rigidmodels\buildings\chs_battle_props_bannera,1,1,100.00,0,0.00,0,0.00,0,0.00,0,0.00,19432,1,19432,19432,19432,19432.00,0,,
directory_depth_3,rigidmodels\buildings\chs_battle_props_bannerb,1,1,100.00,0,0.00,0,0.00,0,0.00,0,0.00,20132,1,20132,20132,20132,20132.00,0,,
directory_depth_3,rigidmodels\buildings\chs_battle_props_brazier_01,1,1,100.00,0,0.00,0,0.00,0,0.00,0,0.00,36566,1,36566,36566,36566,36566.00,0,,
directory_depth_3,rigidmodels\buildings\chs_battle_props_cliff_spikes_curved_out,1,1,100.00,0,0.00,0,0.00,0,0.00,0,0.00,7472,1,7472,7472,7472,7472.00,0,,
directory_depth_3,rigidmodels\buildings\chs_battle_props_fence_metal_01,2,2,100.00,0,0.00,0,0.00,0,0.00,0,0.00,165232,2,165232,77114,88118,82616.00,0,,
directory_depth_3,rigidmodels\buildings\chs_battle_props_fence_metal_02,2,2,100.00,0,0.00,0,0.00,0,0.00,0,0.00,66382,2,66382,31806,34576,33191.00,0,,
directory_depth_3,rigidmodels\buildings\chs_battle_props_fountain_01,1,1,100.00,0,0.00,0,0.00,0,0.00,0,0.00,46412,1,46412,46412,46412,46412.00,0,,
directory_depth_3,rigidmodels\buildings\chs_battle_props_fountain_02,1,1,100.00,0,0.00,0,0.00,0,0.00,0,0.00,42012,1,42012,42012,42012,42012.00,0,,
directory_depth_3,rigidmodels\buildings\chs_battle_props_gate_01,3,3,100.00,0,0.00,0,0.00,0,0.00,0,0.00,678156,3,678156,212586,236612,226052.00,0,,
directory_depth_3,rigidmodels\buildings\chs_battle_props_gate_02,3,3,100.00,0,0.00,0,0.00,0,0.00,0,0.00,480910,3,480910,138520,172796,160303.33,0,,
directory_depth_3,rigidmodels\buildings\chs_battle_props_horna,1,1,100.00,0,0.00,0,0.00,0,0.00,0,0.00,3446,1,3446,3446,3446,3446.00,0,,
directory_depth_3,rigidmodels\buildings\chs_battle_props_houseruins_01,1,1,100.00,0,0.00,0,0.00,0,0.00,0,0.00,433896,1,433896,433896,433896,433896.00,0,,
directory_depth_3,rigidmodels\buildings\chs_battle_props_houseruins_02,1,1,100.00,0,0.00,0,0.00,0,0.00,0,0.00,618264,1,618264,618264,618264,618264.00,0,,
directory_depth_3,rigidmodels\buildings\chs_battle_props_houseruins_03,1,1,100.00,0,0.00,0,0.00,0,0.00,0,0.00,626140,1,626140,626140,626140,626140.00,0,,
directory_depth_3,rigidmodels\buildings\chs_battle_props_houseruins_04,1,1,100.00,0,0.00,0,0.00,0,0.00,0,0.00,783276,1,783276,783276,783276,783276.00,0,,
directory_depth_3,rigidmodels\buildings\chs_battle_props_houseruins_05,1,1,100.00,0,0.00,0,0.00,0,0.00,0,0.00,841958,1,841958,841958,841958,841958.00,0,,
directory_depth_3,rigidmodels\buildings\chs_battle_props_houseruins_06,1,1,100.00,0,0.00,0,0.00,0,0.00,0,0.00,788590,1,788590,788590,788590,788590.00,0,,
directory_depth_3,rigidmodels\buildings\chs_battle_props_metalspikec,1,1,100.00,0,0.00,0,0.00,0,0.00,0,0.00,3636,1,3636,3636,3636,3636.00,0,,
directory_depth_3,rigidmodels\buildings\chs_battle_props_palisade_01,1,1,100.00,0,0.00,0,0.00,0,0.00,0,0.00,69316,1,69316,69316,69316,69316.00,0,,
directory_depth_3,rigidmodels\buildings\chs_battle_props_palisade_02,3,3,100.00,0,0.00,0,0.00,0,0.00,0,0.00,120274,3,120274,38356,41018,40091.33,0,,
directory_depth_3,rigidmodels\buildings\chs_battle_props_palisade_spiketrap_01,3,3,100.00,0,0.00,0,0.00,0,0.00,0,0.00,244344,3,244344,66272,111346,81448.00,0,,
directory_depth_3,rigidmodels\buildings\chs_battle_props_palisade_spiketrap_02,3,3,100.00,0,0.00,0,0.00,0,0.00,0,0.00,113008,3,113008,32398,46572,37669.33,0,,
directory_depth_3,rigidmodels\buildings\chs_battle_props_pillar_block_01,1,1,100.00,0,0.00,0,0.00,0,0.00,0,0.00,21708,1,21708,21708,21708,21708.00,0,,
directory_depth_3,rigidmodels\buildings\chs_battle_props_pillar_block_02,1,1,100.00,0,0.00,0,0.00,0,0.00,0,0.00,24656,1,24656,24656,24656,24656.00,0,,
directory_depth_3,rigidmodels\buildings\chs_battle_props_pillar_block_03,1,1,100.00,0,0.00,0,0.00,0,0.00,0,0.00,43028,1,43028,43028,43028,43028.00,0,,
directory_depth_3,rigidmodels\buildings\chs_battle_props_pillar_round_01,1,1,100.00,0,0.00,0,0.00,0,0.00,0,0.00,23318,1,23318,23318,23318,23318.00,0,,
directory_depth_3,rigidmodels\buildings\chs_battle_props_pillar_round_02,1,1,100.00,0,0.00,0,0.00,0,0.00,0,0.00,21350,1,21350,21350,21350,21350.00,0,,
directory_depth_3,rigidmodels\buildings\chs_battle_props_pillar_round_ruined_01,1,1,100.00,0,0.00,0,0.00,0,0.00,0,0.00,12656,1,12656,12656,12656,12656.00,0,,
directory_depth_3,rigidmodels\buildings\chs_battle_props_pillar_round_ruined_02,1,1,100.00,0,0.00,0,0.00,0,0.00,0,0.00,19220,1,19220,19220,19220,19220.00,0,,
directory_depth_3,rigidmodels\buildings\chs_battle_props_pillar_round_stacked_01,5,5,100.00,0,0.00,0,0.00,0,0.00,0,0.00,99154,5,99154,11152,46938,19830.80,0,,
directory_depth_3,rigidmodels\buildings\chs_battle_props_plinth_01,1,1,100.00,0,0.00,0,0.00,0,0.00,0,0.00,31862,1,31862,31862,31862,31862.00,0,,
directory_depth_3,rigidmodels\buildings\chs_battle_props_plinth_02,1,1,100.00,0,0.00,0,0.00,0,0.00,0,0.00,38690,1,38690,38690,38690,38690.00,0,,
directory_depth_3,rigidmodels\buildings\chs_battle_props_plinth_03,1,1,100.00,0,0.00,0,0.00,0,0.00,0,0.00,39780,1,39780,39780,39780,39780.00,0,,
directory_depth_3,rigidmodels\buildings\chs_battle_props_plinth_04,1,1,100.00,0,0.00,0,0.00,0,0.00,0,0.00,32300,1,32300,32300,32300,32300.00,0,,
directory_depth_3,rigidmodels\buildings\chs_battle_props_plinth_05,1,1,100.00,0,0.00,0,0.00,0,0.00,0,0.00,32616,1,32616,32616,32616,32616.00,0,,
directory_depth_3,rigidmodels\buildings\chs_battle_props_plinth_06,1,1,100.00,0,0.00,0,0.00,0,0.00,0,0.00,38152,1,38152,38152,38152,38152.00,0,,
directory_depth_3,rigidmodels\buildings\chs_battle_props_plinth_07,1,1,100.00,0,0.00,0,0.00,0,0.00,0,0.00,28126,1,28126,28126,28126,28126.00,0,,
directory_depth_3,rigidmodels\buildings\chs_battle_props_plinth_large_01,1,1,100.00,0,0.00,0,0.00,0,0.00,0,0.00,28544,1,28544,28544,28544,28544.00,0,,
directory_depth_3,rigidmodels\buildings\chs_battle_props_plinth_large_02,1,1,100.00,0,0.00,0,0.00,0,0.00,0,0.00,53372,1,53372,53372,53372,53372.00,0,,
directory_depth_3,rigidmodels\buildings\chs_battle_props_ruinwall_01,1,1,100.00,0,0.00,0,0.00,0,0.00,0,0.00,62848,1,62848,62848,62848,62848.00,0,,
directory_depth_3,rigidmodels\buildings\chs_battle_props_ruinwall_02,1,1,100.00,0,0.00,0,0.00,0,0.00,0,0.00,59006,1,59006,59006,59006,59006.00,0,,
directory_depth_3,rigidmodels\buildings\chs_battle_props_ruinwall_03,1,1,100.00,0,0.00,0,0.00,0,0.00,0,0.00,50202,1,50202,50202,50202,50202.00,0,,
directory_depth_3,rigidmodels\buildings\chs_battle_props_spikefence_01,2,2,100.00,0,0.00,0,0.00,0,0.00,0,0.00,142352,2,142352,64120,78232,71176.00,0,,
directory_depth_3,rigidmodels\buildings\chs_battle_props_spikefence_02,2,2,100.00,0,0.00,0,0.00,0,0.00,0,0.00,266564,2,266564,132978,133586,133282.00,0,,
directory_depth_3,rigidmodels\buildings\chs_battle_props_stairs_01,1,1,100.00,0,0.00,0,0.00,0,0.00,0,0.00,34580,1,34580,34580,34580,34580.00,0,,
directory_depth_3,rigidmodels\buildings\chs_battle_props_stairs_02,1,1,100.00,0,0.00,0,0.00,0,0.00,0,0.00,58648,1,58648,58648,58648,58648.00,0,,
directory_depth_3,rigidmodels\buildings\chs_battle_props_tentacle_group,1,1,100.00,0,0.00,0,0.00,0,0.00,0,0.00,7310,1,7310,7310,7310,7310.00,0,,
directory_depth_3,rigidmodels\buildings\chs_battle_props_tentacleb,1,1,100.00,0,0.00,0,0.00,0,0.00,0,0.00,3818,1,3818,3818,3818,3818.00,0,,
directory_depth_3,rigidmodels\buildings\chs_battle_props_tentaclec,1,1,100.00,0,0.00,0,0.00,0,0.00,0,0.00,3818,1,3818,3818,3818,3818.00,0,,
directory_depth_3,rigidmodels\buildings\chs_battle_props_torch_01,2,2,100.00,0,0.00,0,0.00,0,0.00,0,0.00,93020,2,93020,42694,50326,46510.00,0,,
directory_depth_3,rigidmodels\buildings\chs_battle_props_trough_01,1,1,100.00,0,0.00,0,0.00,0,0.00,0,0.00,12576,1,12576,12576,12576,12576.00,0,,
directory_depth_3,rigidmodels\buildings\chs_battle_props_vase_01,1,1,100.00,0,0.00,0,0.00,0,0.00,0,0.00,15476,1,15476,15476,15476,15476.00,0,,
directory_depth_3,rigidmodels\buildings\chs_battle_props_vase_02,1,1,100.00,0,0.00,0,0.00,0,0.00,0,0.00,14480,1,14480,14480,14480,14480.00,0,,
directory_depth_3,rigidmodels\buildings\chs_battle_props_vase_03,1,1,100.00,0,0.00,0,0.00,0,0.00,0,0.00,17128,1,17128,17128,17128,17128.00,0,,
directory_depth_3,rigidmodels\buildings\chs_battle_props_vase_04,1,1,100.00,0,0.00,0,0.00,0,0.00,0,0.00,20904,1,20904,20904,20904,20904.00,0,,
directory_depth_3,rigidmodels\buildings\chs_battle_props_vase_05,1,1,100.00,0,0.00,0,0.00,0,0.00,0,0.00,17388,1,17388,17388,17388,17388.00,0,,
directory_depth_3,rigidmodels\buildings\chs_battle_props_vase_06,1,1,100.00,0,0.00,0,0.00,0,0.00,0,0.00,15812,1,15812,15812,15812,15812.00,0,,
directory_depth_3,rigidmodels\buildings\chs_battle_props_well_01,1,1,100.00,0,0.00,0,0.00,0,0.00,0,0.00,21756,1,21756,21756,21756,21756.00,0,,
directory_depth_3,rigidmodels\buildings\chs_battle_props_wheel_ground_lava,1,1,100.00,0,0.00,0,0.00,0,0.00,0,0.00,75812,1,75812,75812,75812,75812.00,0,,
directory_depth_3,rigidmodels\buildings\chs_battle_props_wheel_iron_flata,1,1,100.00,0,0.00,0,0.00,0,0.00,0,0.00,46296,1,46296,46296,46296,46296.00,0,,
directory_depth_3,rigidmodels\buildings\chs_battle_props_wheel_iron_flatb,1,1,100.00,0,0.00,0,0.00,0,0.00,0,0.00,86208,1,86208,86208,86208,86208.00,0,,
directory_depth_3,rigidmodels\buildings\chs_battle_props_wheel_iron_standinga,1,1,100.00,0,0.00,0,0.00,0,0.00,0,0.00,46296,1,46296,46296,46296,46296.00,0,,
directory_depth_3,rigidmodels\buildings\chs_battle_props_wheel_iron_standingb,1,1,100.00,0,0.00,0,0.00,0,0.00,0,0.00,100224,1,100224,100224,100224,100224.00,0,,
directory_depth_3,rigidmodels\buildings\chs_battle_props_wheel_steel_flat,1,1,100.00,0,0.00,0,0.00,0,0.00,0,0.00,52700,1,52700,52700,52700,52700.00,0,,
directory_depth_3,rigidmodels\buildings\chs_battle_terrain_props_bridgea,1,1,100.00,0,0.00,0,0.00,0,0.00,0,0.00,6924,1,6924,6924,6924,6924.00,0,,
directory_depth_3,rigidmodels\buildings\chs_battle_terrain_props_bridgeb,1,1,100.00,0,0.00,0,0.00,0,0.00,0,0.00,6924,1,6924,6924,6924,6924.00,0,,
directory_depth_3,rigidmodels\buildings\chs_battle_terrain_props_floatingisland,1,1,100.00,0,0.00,0,0.00,0,0.00,0,0.00,17964,1,17964,17964,17964,17964.00,0,,
directory_depth_3,rigidmodels\buildings\chs_battle_terrain_props_floatingisland_anim,1,1,100.00,0,0.00,0,0.00,0,0.00,0,0.00,17964,1,17964,17964,17964,17964.00,0,,
directory_depth_3,rigidmodels\buildings\chs_battle_tower_horn_wide03,1,1,100.00,0,0.00,0,0.00,0,0.00,0,0.00,30536,1,30536,30536,30536,30536.00,0,,
directory_depth_3,rigidmodels\buildings\chs_battle_tower_skull,1,1,100.00,0,0.00,0,0.00,0,0.00,0,0.00,36856,1,36856,36856,36856,36856.00,0,,
directory_depth_3,rigidmodels\buildings\chs_battle_tower_skull_flata,1,1,100.00,0,0.00,0,0.00,0,0.00,0,0.00,24772,1,24772,24772,24772,24772.00,0,,
directory_depth_3,rigidmodels\buildings\chs_battle_tower_skull_flatb,1,1,100.00,0,0.00,0,0.00,0,0.00,0,0.00,21784,1,21784,21784,21784,21784.00,0,,
directory_depth_3,rigidmodels\buildings\chs_battle_tower_skull_small,1,1,100.00,0,0.00,0,0.00,0,0.00,0,0.00,28968,1,28968,28968,28968,28968.00,0,,
directory_depth_3,rigidmodels\buildings\chs_battle_tower_skull_tall,1,1,100.00,0,0.00,0,0.00,0,0.00,0,0.00,42320,1,42320,42320,42320,42320.00,0,,
directory_depth_3,rigidmodels\buildings\chs_battle_tower_spikes,1,1,100.00,0,0.00,0,0.00,0,0.00,0,0.00,73976,1,73976,73976,73976,73976.00,0,,
directory_depth_3,rigidmodels\buildings\chs_battle_tower_spikes_smalla,1,1,100.00,0,0.00,0,0.00,0,0.00,0,0.00,40606,1,40606,40606,40606,40606.00,0,,
directory_depth_3,rigidmodels\buildings\chs_battle_tower_spikes_smallb,1,1,100.00,0,0.00,0,0.00,0,0.00,0,0.00,27668,1,27668,27668,27668,27668.00,0,,
directory_depth_3,rigidmodels\buildings\chs_battle_tower_spikes_tall,1,1,100.00,0,0.00,0,0.00,0,0.00,0,0.00,48416,1,48416,48416,48416,48416.00,0,,
directory_depth_3,rigidmodels\buildings\chs_boulder_01,1,1,100.00,0,0.00,0,0.00,0,0.00,0,0.00,29648,1,29648,29648,29648,29648.00,0,,
directory_depth_3,rigidmodels\buildings\chs_boulder_02,1,1,100.00,0,0.00,0,0.00,0,0.00,0,0.00,40076,1,40076,40076,40076,40076.00,0,,
directory_depth_3,rigidmodels\buildings\chs_boulder_03,1,1,100.00,0,0.00,0,0.00,0,0.00,0,0.00,27000,1,27000,27000,27000,27000.00,0,,
directory_depth_3,rigidmodels\buildings\chs_boulder_04,1,1,100.00,0,0.00,0,0.00,0,0.00,0,0.00,37672,1,37672,37672,37672,37672.00,0,,
directory_depth_3,rigidmodels\buildings\chs_boulder_05,1,1,100.00,0,0.00,0,0.00,0,0.00,0,0.00,33872,1,33872,33872,33872,33872.00,0,,
directory_depth_3,rigidmodels\buildings\chs_boulder_magma_01,1,1,100.00,0,0.00,0,0.00,0,0.00,0,0.00,21996,1,21996,21996,21996,21996.00,0,,
directory_depth_3,rigidmodels\buildings\chs_brass_citadel_01,1,1,100.00,0,0.00,0,0.00,0,0.00,0,0.00,1131168,1,1131168,1131168,1131168,1131168.00,0,,
directory_depth_3,rigidmodels\buildings\chs_bridge_110m_01,1,1,100.00,0,0.00,0,0.00,0,0.00,0,0.00,2100848,1,2100848,2100848,2100848,2100848.00,0,,
directory_depth_3,rigidmodels\buildings\chs_bworm_01,1,1,100.00,0,0.00,0,0.00,0,0.00,0,0.00,1547690,1,1547690,1547690,1547690,1547690.00,0,,
directory_depth_3,rigidmodels\buildings\chs_bworm_tentacle_01,1,1,100.00,0,0.00,0,0.00,0,0.00,0,0.00,124218,1,124218,124218,124218,124218.00,0,,
directory_depth_3,rigidmodels\buildings\chs_cliff_bridge_01,1,1,100.00,0,0.00,0,0.00,0,0.00,0,0.00,106734,1,106734,106734,106734,106734.00,0,,
directory_depth_3,rigidmodels\buildings\chs_cliff_bridge_02,1,1,100.00,0,0.00,0,0.00,0,0.00,0,0.00,112148,1,112148,112148,112148,112148.00,0,,
directory_depth_3,rigidmodels\buildings\chs_cliff_bridge_03,1,1,100.00,0,0.00,0,0.00,0,0.00,0,0.00,106638,1,106638,106638,106638,106638.00,0,,
directory_depth_3,rigidmodels\buildings\chs_cliff_bridge_04,1,1,100.00,0,0.00,0,0.00,0,0.00,0,0.00,106810,1,106810,106810,106810,106810.00,0,,
directory_depth_3,rigidmodels\buildings\chs_cliffs_01,1,1,100.00,0,0.00,0,0.00,0,0.00,0,0.00,191368,1,191368,191368,191368,191368.00,0,,
directory_depth_3,rigidmodels\buildings\chs_cliffs_02,1,1,100.00,0,0.00,0,0.00,0,0.00,0,0.00,191522,1,191522,191522,191522,191522.00,0,,
directory_depth_3,rigidmodels\buildings\chs_cliffs_03,1,1,100.00,0,0.00,0,0.00,0,0.00,0,0.00,191272,1,191272,191272,191272,191272.00,0,,
directory_depth_3,rigidmodels\buildings\chs_cliffs_04,1,1,100.00,0,0.00,0,0.00,0,0.00,0,0.00,190914,1,190914,190914,190914,190914.00,0,,
directory_depth_3,rigidmodels\buildings\chs_cliffs_05,1,1,100.00,0,0.00,0,0.00,0,0.00,0,0.00,191138,1,191138,191138,191138,191138.00,0,,
directory_depth_3,rigidmodels\buildings\chs_cliffs_06,1,1,100.00,0,0.00,0,0.00,0,0.00,0,0.00,190914,1,190914,190914,190914,190914.00,0,,
directory_depth_3,rigidmodels\buildings\chs_cliffs_07,1,1,100.00,0,0.00,0,0.00,0,0.00,0,0.00,223988,1,223988,223988,223988,223988.00,0,,
directory_depth_3,rigidmodels\buildings\chs_cliffs_column_01,1,1,100.00,0,0.00,0,0.00,0,0.00,0,0.00,335418,1,335418,335418,335418,335418.00,0,,
directory_depth_3,rigidmodels\buildings\chs_cliffs_large_01,1,1,100.00,0,0.00,0,0.00,0,0.00,0,0.00,191368,1,191368,191368,191368,191368.00,0,,
directory_depth_3,rigidmodels\buildings\chs_cliffs_large_02,1,1,100.00,0,0.00,0,0.00,0,0.00,0,0.00,191522,1,191522,191522,191522,191522.00,0,,
directory_depth_3,rigidmodels\buildings\chs_cliffs_large_03,1,1,100.00,0,0.00,0,0.00,0,0.00,0,0.00,191272,1,191272,191272,191272,191272.00,0,,
directory_depth_3,rigidmodels\buildings\chs_cliffs_large_04,1,1,100.00,0,0.00,0,0.00,0,0.00,0,0.00,190914,1,190914,190914,190914,190914.00,0,,
directory_depth_3,rigidmodels\buildings\chs_cliffs_large_05,1,1,100.00,0,0.00,0,0.00,0,0.00,0,0.00,191138,1,191138,191138,191138,191138.00,0,,
directory_depth_3,rigidmodels\buildings\chs_cliffs_large_06,1,1,100.00,0,0.00,0,0.00,0,0.00,0,0.00,190914,1,190914,190914,190914,190914.00,0,,
directory_depth_3,rigidmodels\buildings\chs_cliffs_large_07,1,1,100.00,0,0.00,0,0.00,0,0.00,0,0.00,223988,1,223988,223988,223988,223988.00,0,,
directory_depth_3,rigidmodels\buildings\chs_cliffs_short_01,1,1,100.00,0,0.00,0,0.00,0,0.00,0,0.00,107462,1,107462,107462,107462,107462.00,0,,
directory_depth_3,rigidmodels\buildings\chs_cliffs_short_02,1,1,100.00,0,0.00,0,0.00,0,0.00,0,0.00,106470,1,106470,106470,106470,106470.00,0,,
directory_depth_3,rigidmodels\buildings\chs_cliffs_short_03,1,1,100.00,0,0.00,0,0.00,0,0.00,0,0.00,107334,1,107334,107334,107334,107334.00,0,,
directory_depth_3,rigidmodels\buildings\chs_cliffs_short_04,1,1,100.00,0,0.00,0,0.00,0,0.00,0,0.00,129524,1,129524,129524,129524,129524.00,0,,
directory_depth_3,rigidmodels\buildings\chs_cliffs_short_05,1,1,100.00,0,0.00,0,0.00,0,0.00,0,0.00,187454,1,187454,187454,187454,187454.00,0,,
directory_depth_3,rigidmodels\buildings\chs_cliffs_short_06,1,1,100.00,0,0.00,0,0.00,0,0.00,0,0.00,107936,1,107936,107936,107936,107936.00,0,,
directory_depth_3,rigidmodels\buildings\chs_gate_01,1,1,100.00,0,0.00,0,0.00,0,0.00,0,0.00,93488,1,93488,93488,93488,93488.00,0,,
directory_depth_3,rigidmodels\buildings\chs_gate_02,1,1,100.00,0,0.00,0,0.00,0,0.00,0,0.00,16816,1,16816,16816,16816,16816.00,0,,
directory_depth_3,rigidmodels\buildings\chs_gate_03,1,1,100.00,0,0.00,0,0.00,0,0.00,0,0.00,82684,1,82684,82684,82684,82684.00,0,,
directory_depth_3,rigidmodels\buildings\chs_gate_04,1,1,100.00,0,0.00,0,0.00,0,0.00,0,0.00,35152,1,35152,35152,35152,35152.00,0,,
directory_depth_3,rigidmodels\buildings\chs_gatehouse_60m,9,9,100.00,0,0.00,0,0.00,0,0.00,0,0.00,6605110,9,6605110,216876,2140666,733901.11,0,,
directory_depth_3,rigidmodels\buildings\chs_howling_citadel_01,1,1,100.00,0,0.00,0,0.00,0,0.00,0,0.00,1428444,1,1428444,1428444,1428444,1428444.00,0,,
directory_depth_3,rigidmodels\buildings\chs_howling_citadel_pipes_01,1,1,100.00,0,0.00,0,0.00,0,0.00,0,0.00,77856,1,77856,77856,77856,77856.00,0,,
directory_depth_3,rigidmodels\buildings\chs_howling_citadel_pipes_02,3,3,100.00,0,0.00,0,0.00,0,0.00,0,0.00,143912,3,143912,40604,54248,47970.67,0,,
directory_depth_3,rigidmodels\buildings\chs_impossible_fortress_01,1,1,100.00,0,0.00,0,0.00,0,0.00,0,0.00,322782,1,322782,322782,322782,322782.00,0,,
directory_depth_3,rigidmodels\buildings\chs_impossible_fortress_core_01,1,1,100.00,0,0.00,0,0.00,0,0.00,0,0.00,203752,1,203752,203752,203752,203752.00,0,,
directory_depth_3,rigidmodels\buildings\chs_impossible_fortress_side_01,1,1,100.00,0,0.00,0,0.00,0,0.00,0,0.00,292806,1,292806,292806,292806,292806.00,0,,
directory_depth_3,rigidmodels\buildings\chs_impossible_fortress_side_02,1,1,100.00,0,0.00,0,0.00,0,0.00,0,0.00,332022,1,332022,332022,332022,332022.00,0,,
directory_depth_3,rigidmodels\buildings\chs_impossible_fortress_side_03,1,1,100.00,0,0.00,0,0.00,0,0.00,0,0.00,436554,1,436554,436554,436554,436554.00,0,,
directory_depth_3,rigidmodels\buildings\chs_impossible_fortress_side_04,1,1,100.00,0,0.00,0,0.00,0,0.00,0,0.00,431572,1,431572,431572,431572,431572.00,0,,
directory_depth_3,rigidmodels\buildings\chs_impossible_fortress_side_05,1,1,100.00,0,0.00,0,0.00,0,0.00,0,0.00,473020,1,473020,473020,473020,473020.00,0,,
directory_depth_3,rigidmodels\buildings\chs_khorne_arch_01,1,1,100.00,0,0.00,0,0.00,0,0.00,0,0.00,39772,1,39772,39772,39772,39772.00,0,,
directory_depth_3,rigidmodels\buildings\chs_khorne_arch_03,1,1,100.00,0,0.00,0,0.00,0,0.00,0,0.00,39772,1,39772,39772,39772,39772.00,0,,
directory_depth_3,rigidmodels\buildings\chs_khorne_arch_04,1,1,100.00,0,0.00,0,0.00,0,0.00,0,0.00,39580,1,39580,39580,39580,39580.00,0,,
directory_depth_3,rigidmodels\buildings\chs_khorne_arch_panel_01,1,1,100.00,0,0.00,0,0.00,0,0.00,0,0.00,109100,1,109100,109100,109100,109100.00,0,,
directory_depth_3,rigidmodels\buildings\chs_khorne_arch_panel_01_end,1,1,100.00,0,0.00,0,0.00,0,0.00,0,0.00,54124,1,54124,54124,54124,54124.00,0,,
directory_depth_3,rigidmodels\buildings\chs_khorne_arch_wall_01,1,1,100.00,0,0.00,0,0.00,0,0.00,0,0.00,1052604,1,1052604,1052604,1052604,1052604.00,0,,
directory_depth_3,rigidmodels\buildings\chs_khorne_arch_wall_01a,1,1,100.00,0,0.00,0,0.00,0,0.00,0,0.00,669744,1,669744,669744,669744,669744.00,0,,
directory_depth_3,rigidmodels\buildings\chs_khorne_arch_wall_02,1,1,100.00,0,0.00,0,0.00,0,0.00,0,0.00,3832512,1,3832512,3832512,3832512,3832512.00,0,,
directory_depth_3,rigidmodels\buildings\chs_khorne_battlements_01,1,1,100.00,0,0.00,0,0.00,0,0.00,0,0.00,20252,1,20252,20252,20252,20252.00,0,,
directory_depth_3,rigidmodels\buildings\chs_khorne_battlements_02,1,1,100.00,0,0.00,0,0.00,0,0.00,0,0.00,62474,1,62474,62474,62474,62474.00,0,,
directory_depth_3,rigidmodels\buildings\chs_khorne_battlements_03,1,1,100.00,0,0.00,0,0.00,0,0.00,0,0.00,21796,1,21796,21796,21796,21796.00,0,,
directory_depth_3,rigidmodels\buildings\chs_khorne_battlements_04,1,1,100.00,0,0.00,0,0.00,0,0.00,0,0.00,11908,1,11908,11908,11908,11908.00,0,,
directory_depth_3,rigidmodels\buildings\chs_khorne_battlements_05,1,1,100.00,0,0.00,0,0.00,0,0.00,0,0.00,25740,1,25740,25740,25740,25740.00,0,,
directory_depth_3,rigidmodels\buildings\chs_khorne_brazier_01,2,2,100.00,0,0.00,0,0.00,0,0.00,0,0.00,210724,2,210724,91678,119046,105362.00,0,,
directory_depth_3,rigidmodels\buildings\chs_khorne_brazier_02,1,1,100.00,0,0.00,0,0.00,0,0.00,0,0.00,28576,1,28576,28576,28576,28576.00,0,,
directory_depth_3,rigidmodels\buildings\chs_khorne_bridge_01,1,1,100.00,0,0.00,0,0.00,0,0.00,0,0.00,1301606,1,1301606,1301606,1301606,1301606.00,0,,
directory_depth_3,rigidmodels\buildings\chs_khorne_bridge_02,1,1,100.00,0,0.00,0,0.00,0,0.00,0,0.00,1261766,1,1261766,1261766,1261766,1261766.00,0,,
directory_depth_3,rigidmodels\buildings\chs_khorne_bridge_02_end,1,1,100.00,0,0.00,0,0.00,0,0.00,0,0.00,32104,1,32104,32104,32104,32104.00,0,,
directory_depth_3,rigidmodels\buildings\chs_khorne_bridge_modular_01,1,1,100.00,0,0.00,0,0.00,0,0.00,0,0.00,1108428,1,1108428,1108428,1108428,1108428.00,0,,
directory_depth_3,rigidmodels\buildings\chs_khorne_bridge_modular_02,1,1,100.00,0,0.00,0,0.00,0,0.00,0,0.00,1111880,1,1111880,1111880,1111880,1111880.00,0,,
directory_depth_3,rigidmodels\buildings\chs_khorne_bridge_modular_03,1,1,100.00,0,0.00,0,0.00,0,0.00,0,0.00,827694,1,827694,827694,827694,827694.00,0,,
directory_depth_3,rigidmodels\buildings\chs_khorne_bridge_stairs_01,1,1,100.00,0,0.00,0,0.00,0,0.00,0,0.00,56496,1,56496,56496,56496,56496.00,0,,
directory_depth_3,rigidmodels\buildings\chs_khorne_cage_01,1,1,100.00,0,0.00,0,0.00,0,0.00,0,0.00,26448,1,26448,26448,26448,26448.00,0,,
directory_depth_3,rigidmodels\buildings\chs_khorne_cage_lid_01,1,1,100.00,0,0.00,0,0.00,0,0.00,0,0.00,8564,1,8564,8564,8564,8564.00,0,,
directory_depth_3,rigidmodels\buildings\chs_khorne_chain_01,1,1,100.00,0,0.00,0,0.00,0,0.00,0,0.00,144448,1,144448,144448,144448,144448.00,0,,
directory_depth_3,rigidmodels\buildings\chs_khorne_chain_hanging_01,5,5,100.00,0,0.00,0,0.00,0,0.00,0,0.00,859466,5,859466,123340,218738,171893.20,0,,
directory_depth_3,rigidmodels\buildings\chs_khorne_chain_hanging_02,5,5,100.00,0,0.00,0,0.00,0,0.00,0,0.00,540868,5,540868,84764,127684,108173.60,0,,
directory_depth_3,rigidmodels\buildings\chs_khorne_chain_hanging_03,1,1,100.00,0,0.00,0,0.00,0,0.00,0,0.00,736732,1,736732,736732,736732,736732.00,0,,
directory_depth_3,rigidmodels\buildings\chs_khorne_chain_hanging_04,1,1,100.00,0,0.00,0,0.00,0,0.00,0,0.00,736732,1,736732,736732,736732,736732.00,0,,
directory_depth_3,rigidmodels\buildings\chs_khorne_chain_hanging_05,1,1,100.00,0,0.00,0,0.00,0,0.00,0,0.00,527516,1,527516,527516,527516,527516.00,0,,
directory_depth_3,rigidmodels\buildings\chs_khorne_chain_loose_01,5,5,100.00,0,0.00,0,0.00,0,0.00,0,0.00,2244460,5,2244460,161212,736572,448892.00,0,,
directory_depth_3,rigidmodels\buildings\chs_khorne_chain_loose_02,5,5,100.00,0,0.00,0,0.00,0,0.00,0,0.00,1022114,5,1022114,78914,327700,204422.80,0,,
directory_depth_3,rigidmodels\buildings\chs_khorne_chain_loose_03,1,1,100.00,0,0.00,0,0.00,0,0.00,0,0.00,284860,1,284860,284860,284860,284860.00,0,,
directory_depth_3,rigidmodels\buildings\chs_khorne_chain_straight_01,5,5,100.00,0,0.00,0,0.00,0,0.00,0,0.00,2131948,5,2131948,161724,686740,426389.60,0,,
directory_depth_3,rigidmodels\buildings\chs_khorne_chain_straight_02,5,5,100.00,0,0.00,0,0.00,0,0.00,0,0.00,1012342,5,1012342,79370,324492,202468.40,0,,
directory_depth_3,rigidmodels\buildings\chs_khorne_crates_01,1,1,100.00,0,0.00,0,0.00,0,0.00,0,0.00,136304,1,136304,136304,136304,136304.00,0,,
directory_depth_3,rigidmodels\buildings\chs_khorne_crates_02,1,1,100.00,0,0.00,0,0.00,0,0.00,0,0.00,136304,1,136304,136304,136304,136304.00,0,,
directory_depth_3,rigidmodels\buildings\chs_khorne_crates_03,1,1,100.00,0,0.00,0,0.00,0,0.00,0,0.00,84416,1,84416,84416,84416,84416.00,0,,
directory_depth_3,rigidmodels\buildings\chs_khorne_crates_04,1,1,100.00,0,0.00,0,0.00,0,0.00,0,0.00,87776,1,87776,87776,87776,87776.00,0,,
directory_depth_3,rigidmodels\buildings\chs_khorne_doorway_01,1,1,100.00,0,0.00,0,0.00,0,0.00,0,0.00,47384,1,47384,47384,47384,47384.00,0,,
directory_depth_3,rigidmodels\buildings\chs_khorne_doorway_02,1,1,100.00,0,0.00,0,0.00,0,0.00,0,0.00,45100,1,45100,45100,45100,45100.00,0,,
directory_depth_3,rigidmodels\buildings\chs_khorne_doorway_03,1,1,100.00,0,0.00,0,0.00,0,0.00,0,0.00,39756,1,39756,39756,39756,39756.00,0,,
directory_depth_3,rigidmodels\buildings\chs_khorne_doorway_04,1,1,100.00,0,0.00,0,0.00,0,0.00,0,0.00,53492,1,53492,53492,53492,53492.00,0,,
directory_depth_3,rigidmodels\buildings\chs_khorne_doorway_05,1,1,100.00,0,0.00,0,0.00,0,0.00,0,0.00,43724,1,43724,43724,43724,43724.00,0,,
directory_depth_3,rigidmodels\buildings\chs_khorne_doorway_06,1,1,100.00,0,0.00,0,0.00,0,0.00,0,0.00,35408,1,35408,35408,35408,35408.00,0,,
directory_depth_3,rigidmodels\buildings\chs_khorne_doorway_07,1,1,100.00,0,0.00,0,0.00,0,0.00,0,0.00,44792,1,44792,44792,44792,44792.00,0,,
directory_depth_3,rigidmodels\buildings\chs_khorne_gateway_01,1,1,100.00,0,0.00,0,0.00,0,0.00,0,0.00,56468,1,56468,56468,56468,56468.00,0,,
directory_depth_3,rigidmodels\buildings\chs_khorne_gateway_02,1,1,100.00,0,0.00,0,0.00,0,0.00,0,0.00,42432,1,42432,42432,42432,42432.00,0,,
directory_depth_3,rigidmodels\buildings\chs_khorne_gateway_03,1,1,100.00,0,0.00,0,0.00,0,0.00,0,0.00,55444,1,55444,55444,55444,55444.00,0,,
directory_depth_3,rigidmodels\buildings\chs_khorne_horn_01,1,1,100.00,0,0.00,0,0.00,0,0.00,0,0.00,60174,1,60174,60174,60174,60174.00,0,,
directory_depth_3,rigidmodels\buildings\chs_khorne_icon_01,2,2,100.00,0,0.00,0,0.00,0,0.00,0,0.00,687850,2,687850,236932,450918,343925.00,0,,
directory_depth_3,rigidmodels\buildings\chs_khorne_icon_02,1,1,100.00,0,0.00,0,0.00,0,0.00,0,0.00,91884,1,91884,91884,91884,91884.00,0,,
directory_depth_3,rigidmodels\buildings\chs_khorne_icon_large_01,1,1,100.00,0,0.00,0,0.00,0,0.00,0,0.00,89964,1,89964,89964,89964,89964.00,0,,
directory_depth_3,rigidmodels\buildings\chs_khorne_icon_large_02,1,1,100.00,0,0.00,0,0.00,0,0.00,0,0.00,96292,1,96292,96292,96292,96292.00,0,,
directory_depth_3,rigidmodels\buildings\chs_khorne_icon_large_straight_01,1,1,100.00,0,0.00,0,0.00,0,0.00,0,0.00,25204,1,25204,25204,25204,25204.00,0,,
directory_depth_3,rigidmodels\buildings\chs_khorne_icon_small_01,3,3,100.00,0,0.00,0,0.00,0,0.00,0,0.00,155490,3,155490,29194,88422,51830.00,0,,
directory_depth_3,rigidmodels\buildings\chs_khorne_leg_01,1,1,100.00,0,0.00,0,0.00,0,0.00,0,0.00,31644,1,31644,31644,31644,31644.00,0,,
directory_depth_3,rigidmodels\buildings\chs_khorne_metal_chunk_01,1,1,100.00,0,0.00,0,0.00,0,0.00,0,0.00,102856,1,102856,102856,102856,102856.00,0,,
directory_depth_3,rigidmodels\buildings\chs_khorne_metal_chunk_02,1,1,100.00,0,0.00,0,0.00,0,0.00,0,0.00,82484,1,82484,82484,82484,82484.00,0,,
directory_depth_3,rigidmodels\buildings\chs_khorne_metal_chunk_03,1,1,100.00,0,0.00,0,0.00,0,0.00,0,0.00,90092,1,90092,90092,90092,90092.00,0,,
directory_depth_3,rigidmodels\buildings\chs_khorne_metal_spikes_01,1,1,100.00,0,0.00,0,0.00,0,0.00,0,0.00,22412,1,22412,22412,22412,22412.00,0,,
directory_depth_3,rigidmodels\buildings\chs_khorne_metal_spikes_02,1,1,100.00,0,0.00,0,0.00,0,0.00,0,0.00,45836,1,45836,45836,45836,45836.00,0,,
directory_depth_3,rigidmodels\buildings\chs_khorne_panel_01_wall,1,1,100.00,0,0.00,0,0.00,0,0.00,0,0.00,200122,1,200122,200122,200122,200122.00,0,,
directory_depth_3,rigidmodels\buildings\chs_khorne_panel_02,1,1,100.00,0,0.00,0,0.00,0,0.00,0,0.00,70372,1,70372,70372,70372,70372.00,0,,
directory_depth_3,rigidmodels\buildings\chs_khorne_panel_03,1,1,100.00,0,0.00,0,0.00,0,0.00,0,0.00,47448,1,47448,47448,47448,47448.00,0,,
directory_depth_3,rigidmodels\buildings\chs_khorne_panel_04,1,1,100.00,0,0.00,0,0.00,0,0.00,0,0.00,68004,1,68004,68004,68004,68004.00,0,,
directory_depth_3,rigidmodels\buildings\chs_khorne_panel_05,1,1,100.00,0,0.00,0,0.00,0,0.00,0,0.00,7444,1,7444,7444,7444,7444.00,0,,
directory_depth_3,rigidmodels\buildings\chs_khorne_platform_01,1,1,100.00,0,0.00,0,0.00,0,0.00,0,0.00,373002,1,373002,373002,373002,373002.00,0,,
directory_depth_3,rigidmodels\buildings\chs_khorne_platform_02,2,2,100.00,0,0.00,0,0.00,0,0.00,0,0.00,287196,2,287196,107624,179572,143598.00,0,,
directory_depth_3,rigidmodels\buildings\chs_khorne_platform_03,2,2,100.00,0,0.00,0,0.00,0,0.00,0,0.00,380892,2,380892,176766,204126,190446.00,0,,
directory_depth_3,rigidmodels\buildings\chs_khorne_platform_04,1,1,100.00,0,0.00,0,0.00,0,0.00,0,0.00,221282,1,221282,221282,221282,221282.00,0,,
directory_depth_3,rigidmodels\buildings\chs_khorne_portal_01,3,3,100.00,0,0.00,0,0.00,0,0.00,0,0.00,587804,3,587804,166180,218400,195934.67,0,,
directory_depth_3,rigidmodels\buildings\chs_khorne_skull_large_01,1,1,100.00,0,0.00,0,0.00,0,0.00,0,0.00,61240,1,61240,61240,61240,61240.00,0,,
directory_depth_3,rigidmodels\buildings\chs_khorne_skull_large_02,1,1,100.00,0,0.00,0,0.00,0,0.00,0,0.00,48712,1,48712,48712,48712,48712.00,0,,
directory_depth_3,rigidmodels\buildings\chs_khorne_skull_large_03,1,1,100.00,0,0.00,0,0.00,0,0.00,0,0.00,274572,1,274572,274572,274572,274572.00,0,,
directory_depth_3,rigidmodels\buildings\chs_khorne_skull_large_04,1,1,100.00,0,0.00,0,0.00,0,0.00,0,0.00,283090,1,283090,283090,283090,283090.00,0,,
directory_depth_3,rigidmodels\buildings\chs_khorne_skull_large_05,1,1,100.00,0,0.00,0,0.00,0,0.00,0,0.00,126222,1,126222,126222,126222,126222.00,0,,
directory_depth_3,rigidmodels\buildings\chs_khorne_skull_large_06,1,1,100.00,0,0.00,0,0.00,0,0.00,0,0.00,128348,1,128348,128348,128348,128348.00,0,,
directory_depth_3,rigidmodels\buildings\chs_khorne_skull_large_06a,1,1,100.00,0,0.00,0,0.00,0,0.00,0,0.00,34284,1,34284,34284,34284,34284.00,0,,
directory_depth_3,rigidmodels\buildings\chs_khorne_skull_large_06b,1,1,100.00,0,0.00,0,0.00,0,0.00,0,0.00,69440,1,69440,69440,69440,69440.00,0,,
directory_depth_3,rigidmodels\buildings\chs_khorne_skull_pile_01,1,1,100.00,0,0.00,0,0.00,0,0.00,0,0.00,74190,1,74190,74190,74190,74190.00,0,,
directory_depth_3,rigidmodels\buildings\chs_khorne_skull_pile_02,1,1,100.00,0,0.00,0,0.00,0,0.00,0,0.00,82094,1,82094,82094,82094,82094.00,0,,
directory_depth_3,rigidmodels\buildings\chs_khorne_skull_pile_wall_01,1,1,100.00,0,0.00,0,0.00,0,0.00,0,0.00,90380,1,90380,90380,90380,90380.00,0,,
directory_depth_3,rigidmodels\buildings\chs_khorne_skull_pile_wall_03,1,1,100.00,0,0.00,0,0.00,0,0.00,0,0.00,73656,1,73656,73656,73656,73656.00,0,,
directory_depth_3,rigidmodels\buildings\chs_khorne_skull_pile_wall_04,1,1,100.00,0,0.00,0,0.00,0,0.00,0,0.00,73656,1,73656,73656,73656,73656.00,0,,
directory_depth_3,rigidmodels\buildings\chs_khorne_skull_small_01,1,1,100.00,0,0.00,0,0.00,0,0.00,0,0.00,19812,1,19812,19812,19812,19812.00,0,,
directory_depth_3,rigidmodels\buildings\chs_khorne_skull_small_02,1,1,100.00,0,0.00,0,0.00,0,0.00,0,0.00,25112,1,25112,25112,25112,25112.00,0,,
directory_depth_3,rigidmodels\buildings\chs_khorne_skull_small_03,1,1,100.00,0,0.00,0,0.00,0,0.00,0,0.00,35628,1,35628,35628,35628,35628.00,0,,
directory_depth_3,rigidmodels\buildings\chs_khorne_skull_small_04,1,1,100.00,0,0.00,0,0.00,0,0.00,0,0.00,55174,1,55174,55174,55174,55174.00,0,,
directory_depth_3,rigidmodels\buildings\chs_khorne_skull_small_05,1,1,100.00,0,0.00,0,0.00,0,0.00,0,0.00,59292,1,59292,59292,59292,59292.00,0,,
directory_depth_3,rigidmodels\buildings\chs_khorne_spike_01,1,1,100.00,0,0.00,0,0.00,0,0.00,0,0.00,26084,1,26084,26084,26084,26084.00,0,,
directory_depth_3,rigidmodels\buildings\chs_khorne_spike_02,1,1,100.00,0,0.00,0,0.00,0,0.00,0,0.00,23984,1,23984,23984,23984,23984.00,0,,
directory_depth_3,rigidmodels\buildings\chs_khorne_spike_03,1,1,100.00,0,0.00,0,0.00,0,0.00,0,0.00,15208,1,15208,15208,15208,15208.00,0,,
directory_depth_3,rigidmodels\buildings\chs_khorne_spike_04,1,1,100.00,0,0.00,0,0.00,0,0.00,0,0.00,16460,1,16460,16460,16460,16460.00,0,,
directory_depth_3,rigidmodels\buildings\chs_khorne_spike_05,1,1,100.00,0,0.00,0,0.00,0,0.00,0,0.00,23128,1,23128,23128,23128,23128.00,0,,
directory_depth_3,rigidmodels\buildings\chs_khorne_spike_06,1,1,100.00,0,0.00,0,0.00,0,0.00,0,0.00,15148,1,15148,15148,15148,15148.00,0,,
directory_depth_3,rigidmodels\buildings\chs_khorne_spike_07,1,1,100.00,0,0.00,0,0.00,0,0.00,0,0.00,11060,1,11060,11060,11060,11060.00,0,,
directory_depth_3,rigidmodels\buildings\chs_khorne_spike_08,1,1,100.00,0,0.00,0,0.00,0,0.00,0,0.00,14372,1,14372,14372,14372,14372.00,0,,
directory_depth_3,rigidmodels\buildings\chs_khorne_spike_09,1,1,100.00,0,0.00,0,0.00,0,0.00,0,0.00,12012,1,12012,12012,12012,12012.00,0,,
directory_depth_3,rigidmodels\buildings\chs_khorne_spike_10,1,1,100.00,0,0.00,0,0.00,0,0.00,0,0.00,10796,1,10796,10796,10796,10796.00,0,,
directory_depth_3,rigidmodels\buildings\chs_khorne_spike_11,1,1,100.00,0,0.00,0,0.00,0,0.00,0,0.00,11100,1,11100,11100,11100,11100.00,0,,
directory_depth_3,rigidmodels\buildings\chs_khorne_spike_12,2,2,100.00,0,0.00,0,0.00,0,0.00,0,0.00,7976,2,7976,3988,3988,3988.00,0,,
directory_depth_3,rigidmodels\buildings\chs_khorne_spike_13,3,3,100.00,0,0.00,0,0.00,0,0.00,0,0.00,94916,3,94916,11152,50184,31638.67,0,,
directory_depth_3,rigidmodels\buildings\chs_khorne_spike_group_01,1,1,100.00,0,0.00,0,0.00,0,0.00,0,0.00,91190,1,91190,91190,91190,91190.00,0,,
directory_depth_3,rigidmodels\buildings\chs_khorne_spike_group_01a,1,1,100.00,0,0.00,0,0.00,0,0.00,0,0.00,61986,1,61986,61986,61986,61986.00,0,,
directory_depth_3,rigidmodels\buildings\chs_khorne_spike_group_02,1,1,100.00,0,0.00,0,0.00,0,0.00,0,0.00,151020,1,151020,151020,151020,151020.00,0,,
directory_depth_3,rigidmodels\buildings\chs_khorne_spike_group_02a,1,1,100.00,0,0.00,0,0.00,0,0.00,0,0.00,109712,1,109712,109712,109712,109712.00,0,,
directory_depth_3,rigidmodels\buildings\chs_khorne_spike_group_03,1,1,100.00,0,0.00,0,0.00,0,0.00,0,0.00,144230,1,144230,144230,144230,144230.00,0,,
directory_depth_3,rigidmodels\buildings\chs_khorne_spike_group_03a,1,1,100.00,0,0.00,0,0.00,0,0.00,0,0.00,120222,1,120222,120222,120222,120222.00,0,,
directory_depth_3,rigidmodels\buildings\chs_khorne_spike_group_04,1,1,100.00,0,0.00,0,0.00,0,0.00,0,0.00,165944,1,165944,165944,165944,165944.00,0,,
directory_depth_3,rigidmodels\buildings\chs_khorne_spike_group_05,1,1,100.00,0,0.00,0,0.00,0,0.00,0,0.00,114664,1,114664,114664,114664,114664.00,0,,
directory_depth_3,rigidmodels\buildings\chs_khorne_spike_group_06,1,1,100.00,0,0.00,0,0.00,0,0.00,0,0.00,240982,1,240982,240982,240982,240982.00,0,,
directory_depth_3,rigidmodels\buildings\chs_khorne_spike_group_07,1,1,100.00,0,0.00,0,0.00,0,0.00,0,0.00,6612,1,6612,6612,6612,6612.00,0,,
directory_depth_3,rigidmodels\buildings\chs_khorne_spike_group_08,1,1,100.00,0,0.00,0,0.00,0,0.00,0,0.00,24804,1,24804,24804,24804,24804.00,0,,
directory_depth_3,rigidmodels\buildings\chs_khorne_spike_group_09,1,1,100.00,0,0.00,0,0.00,0,0.00,0,0.00,159118,1,159118,159118,159118,159118.00,0,,
directory_depth_3,rigidmodels\buildings\chs_khorne_spike_group_10,1,1,100.00,0,0.00,0,0.00,0,0.00,0,0.00,143654,1,143654,143654,143654,143654.00,0,,
directory_depth_3,rigidmodels\buildings\chs_khorne_spike_group_11,1,1,100.00,0,0.00,0,0.00,0,0.00,0,0.00,104480,1,104480,104480,104480,104480.00,0,,
directory_depth_3,rigidmodels\buildings\chs_khorne_spikestrip_01,1,1,100.00,0,0.00,0,0.00,0,0.00,0,0.00,82920,1,82920,82920,82920,82920.00,0,,
directory_depth_3,rigidmodels\buildings\chs_khorne_spikestrip_02,1,1,100.00,0,0.00,0,0.00,0,0.00,0,0.00,155244,1,155244,155244,155244,155244.00,0,,
directory_depth_3,rigidmodels\buildings\chs_khorne_structure_01,1,1,100.00,0,0.00,0,0.00,0,0.00,0,0.00,537320,1,537320,537320,537320,537320.00,0,,
directory_depth_3,rigidmodels\buildings\chs_khorne_structure_02,1,1,100.00,0,0.00,0,0.00,0,0.00,0,0.00,1368278,1,1368278,1368278,1368278,1368278.00,0,,
directory_depth_3,rigidmodels\buildings\chs_khorne_structure_02_nostairs,1,1,100.00,0,0.00,0,0.00,0,0.00,0,0.00,989070,1,989070,989070,989070,989070.00,0,,
directory_depth_3,rigidmodels\buildings\chs_khorne_structure_03,1,1,100.00,0,0.00,0,0.00,0,0.00,0,0.00,899304,1,899304,899304,899304,899304.00,0,,
directory_depth_3,rigidmodels\buildings\chs_khorne_structure_04,1,1,100.00,0,0.00,0,0.00,0,0.00,0,0.00,507612,1,507612,507612,507612,507612.00,0,,
directory_depth_3,rigidmodels\buildings\chs_khorne_structure_05,1,1,100.00,0,0.00,0,0.00,0,0.00,0,0.00,517702,1,517702,517702,517702,517702.00,0,,
directory_depth_3,rigidmodels\buildings\chs_khorne_structure_06,1,1,100.00,0,0.00,0,0.00,0,0.00,0,0.00,654802,1,654802,654802,654802,654802.00,0,,
directory_depth_3,rigidmodels\buildings\chs_khorne_structure_07,1,1,100.00,0,0.00,0,0.00,0,0.00,0,0.00,646320,1,646320,646320,646320,646320.00,0,,
directory_depth_3,rigidmodels\buildings\chs_khorne_structure_08,1,1,100.00,0,0.00,0,0.00,0,0.00,0,0.00,822680,1,822680,822680,822680,822680.00,0,,
directory_depth_3,rigidmodels\buildings\chs_khorne_structure_09,1,1,100.00,0,0.00,0,0.00,0,0.00,0,0.00,752760,1,752760,752760,752760,752760.00,0,,
directory_depth_3,rigidmodels\buildings\chs_khorne_structure_10,1,1,100.00,0,0.00,0,0.00,0,0.00,0,0.00,1443678,1,1443678,1443678,1443678,1443678.00,0,,
directory_depth_3,rigidmodels\buildings\chs_khorne_structure_base_02,1,1,100.00,0,0.00,0,0.00,0,0.00,0,0.00,359036,1,359036,359036,359036,359036.00,0,,
directory_depth_3,rigidmodels\buildings\chs_khorne_structure_base_03,1,1,100.00,0,0.00,0,0.00,0,0.00,0,0.00,200912,1,200912,200912,200912,200912.00,0,,
directory_depth_3,rigidmodels\buildings\chs_khorne_structure_base_04,1,1,100.00,0,0.00,0,0.00,0,0.00,0,0.00,61896,1,61896,61896,61896,61896.00,0,,
directory_depth_3,rigidmodels\buildings\chs_khorne_structure_base_05,1,1,100.00,0,0.00,0,0.00,0,0.00,0,0.00,165628,1,165628,165628,165628,165628.00,0,,
directory_depth_3,rigidmodels\buildings\chs_khorne_structure_base_06,1,1,100.00,0,0.00,0,0.00,0,0.00,0,0.00,64052,1,64052,64052,64052,64052.00,0,,
directory_depth_3,rigidmodels\buildings\chs_khorne_structure_wall_01,1,1,100.00,0,0.00,0,0.00,0,0.00,0,0.00,1220732,1,1220732,1220732,1220732,1220732.00,0,,
directory_depth_3,rigidmodels\buildings\chs_khorne_structure_wall_02,1,1,100.00,0,0.00,0,0.00,0,0.00,0,0.00,1245504,1,1245504,1245504,1245504,1245504.00,0,,
directory_depth_3,rigidmodels\buildings\chs_khorne_torch_01,3,3,100.00,0,0.00,0,0.00,0,0.00,0,0.00,144478,3,144478,32828,77142,48159.33,0,,
directory_depth_3,rigidmodels\buildings\chs_khorne_walkway_01_end_01,1,1,100.00,0,0.00,0,0.00,0,0.00,0,0.00,34500,1,34500,34500,34500,34500.00,0,,
directory_depth_3,rigidmodels\buildings\chs_khorne_walkway_01_flat_01,1,1,100.00,0,0.00,0,0.00,0,0.00,0,0.00,92860,1,92860,92860,92860,92860.00,0,,
directory_depth_3,rigidmodels\buildings\chs_khorne_walkway_01_ramp_01,1,1,100.00,0,0.00,0,0.00,0,0.00,0,0.00,140104,1,140104,140104,140104,140104.00,0,,
directory_depth_3,rigidmodels\buildings\chs_khorne_walkway_01_stairs_01,1,1,100.00,0,0.00,0,0.00,0,0.00,0,0.00,162924,1,162924,162924,162924,162924.00,0,,
directory_depth_3,rigidmodels\buildings\chs_khorne_walkway_02_flat_01,3,3,100.00,0,0.00,0,0.00,0,0.00,0,0.00,2634708,3,2634708,844044,912568,878236.00,0,,
directory_depth_3,rigidmodels\buildings\chs_khorne_walkway_02_flat_short,1,1,100.00,0,0.00,0,0.00,0,0.00,0,0.00,373916,1,373916,373916,373916,373916.00,0,,
directory_depth_3,rigidmodels\buildings\chs_khorne_walkway_02_ramp_01,1,1,100.00,0,0.00,0,0.00,0,0.00,0,0.00,862146,1,862146,862146,862146,862146.00,0,,
directory_depth_3,rigidmodels\buildings\chs_khorne_walkway_02_ramp_short,1,1,100.00,0,0.00,0,0.00,0,0.00,0,0.00,373916,1,373916,373916,373916,373916.00,0,,
directory_depth_3,rigidmodels\buildings\chs_khorne_walkway_03_left,1,1,100.00,0,0.00,0,0.00,0,0.00,0,0.00,601246,1,601246,601246,601246,601246.00,0,,
directory_depth_3,rigidmodels\buildings\chs_khorne_walkway_03_right,1,1,100.00,0,0.00,0,0.00,0,0.00,0,0.00,601246,1,601246,601246,601246,601246.00,0,,
directory_depth_3,rigidmodels\buildings\chs_khorne_wall_metal_left_01,3,3,100.00,0,0.00,0,0.00,0,0.00,0,0.00,687342,3,687342,34972,465086,229114.00,0,,
directory_depth_3,rigidmodels\buildings\chs_khorne_wall_metal_mid_01,3,3,100.00,0,0.00,0,0.00,0,0.00,0,0.00,684640,3,684640,40924,456432,228213.33,0,,
directory_depth_3,rigidmodels\buildings\chs_khorne_wall_metal_right_01,3,3,100.00,0,0.00,0,0.00,0,0.00,0,0.00,687354,3,687354,34972,465098,229118.00,0,,
directory_depth_3,rigidmodels\buildings\chs_khorne_wall_metal_single_01,3,3,100.00,0,0.00,0,0.00,0,0.00,0,0.00,28248,3,28248,6616,12932,9416.00,0,,
directory_depth_3,rigidmodels\buildings\chs_khorne_walldecoration_01,5,5,100.00,0,0.00,0,0.00,0,0.00,0,0.00,721400,5,721400,66344,222408,144280.00,0,,
directory_depth_3,rigidmodels\buildings\chs_khorne_walldecoration_02,5,5,100.00,0,0.00,0,0.00,0,0.00,0,0.00,611932,5,611932,47012,198812,122386.40,0,,
directory_depth_3,rigidmodels\buildings\chs_khorne_walldecoration_03,5,5,100.00,0,0.00,0,0.00,0,0.00,0,0.00,545140,5,545140,28004,190052,109028.00,0,,
directory_depth_3,rigidmodels\buildings\chs_lava_01,1,1,100.00,0,0.00,0,0.00,0,0.00,0,0.00,24312,1,24312,24312,24312,24312.00,0,,
directory_depth_3,rigidmodels\buildings\chs_lava_03,1,1,100.00,0,0.00,0,0.00,0,0.00,0,0.00,18616,1,18616,18616,18616,18616.00,0,,
directory_depth_3,rigidmodels\buildings\chs_lava_04,1,1,100.00,0,0.00,0,0.00,0,0.00,0,0.00,14444,1,14444,14444,14444,14444.00,0,,
directory_depth_3,rigidmodels\buildings\chs_monolith_01,1,1,100.00,0,0.00,0,0.00,0,0.00,0,0.00,12132,1,12132,12132,12132,12132.00,0,,
directory_depth_3,rigidmodels\buildings\chs_monolith_02,1,1,100.00,0,0.00,0,0.00,0,0.00,0,0.00,12132,1,12132,12132,12132,12132.00,0,,
directory_depth_3,rigidmodels\buildings\chs_mountain_01,1,1,100.00,0,0.00,0,0.00,0,0.00,0,0.00,110638,1,110638,110638,110638,110638.00,0,,
directory_depth_3,rigidmodels\buildings\chs_obelisk_01,1,1,100.00,0,0.00,0,0.00,0,0.00,0,0.00,27376,1,27376,27376,27376,27376.00,0,,
directory_depth_3,rigidmodels\buildings\chs_pillar_01,1,1,100.00,0,0.00,0,0.00,0,0.00,0,0.00,21180,1,21180,21180,21180,21180.00,0,,
directory_depth_3,rigidmodels\buildings\chs_pillar_02,1,1,100.00,0,0.00,0,0.00,0,0.00,0,0.00,18020,1,18020,18020,18020,18020.00,0,,
directory_depth_3,rigidmodels\buildings\chs_pillar_03,1,1,100.00,0,0.00,0,0.00,0,0.00,0,0.00,15876,1,15876,15876,15876,15876.00,0,,
directory_depth_3,rigidmodels\buildings\chs_plates_01,1,1,100.00,0,0.00,0,0.00,0,0.00,0,0.00,109548,1,109548,109548,109548,109548.00,0,,
directory_depth_3,rigidmodels\buildings\chs_plates_02,1,1,100.00,0,0.00,0,0.00,0,0.00,0,0.00,150734,1,150734,150734,150734,150734.00,0,,
directory_depth_3,rigidmodels\buildings\chs_plates_03,1,1,100.00,0,0.00,0,0.00,0,0.00,0,0.00,150264,1,150264,150264,150264,150264.00,0,,
directory_depth_3,rigidmodels\buildings\chs_plates_04,1,1,100.00,0,0.00,0,0.00,0,0.00,0,0.00,109664,1,109664,109664,109664,109664.00,0,,
directory_depth_3,rigidmodels\buildings\chs_plates_05,1,1,100.00,0,0.00,0,0.00,0,0.00,0,0.00,109326,1,109326,109326,109326,109326.00,0,,
directory_depth_3,rigidmodels\buildings\chs_plates_06,1,1,100.00,0,0.00,0,0.00,0,0.00,0,0.00,107324,1,107324,107324,107324,107324.00,0,,
directory_depth_3,rigidmodels\buildings\chs_riverbank_01,1,1,100.00,0,0.00,0,0.00,0,0.00,0,0.00,24344,1,24344,24344,24344,24344.00,0,,
directory_depth_3,rigidmodels\buildings\chs_riverbank_02,1,1,100.00,0,0.00,0,0.00,0,0.00,0,0.00,24386,1,24386,24386,24386,24386.00,0,,
directory_depth_3,rigidmodels\buildings\chs_riverbank_03,1,1,100.00,0,0.00,0,0.00,0,0.00,0,0.00,25212,1,25212,25212,25212,25212.00,0,,
directory_depth_3,rigidmodels\buildings\chs_riverbank_04,1,1,100.00,0,0.00,0,0.00,0,0.00,0,0.00,23332,1,23332,23332,23332,23332.00,0,,
directory_depth_3,rigidmodels\buildings\chs_riverbank_05,1,1,100.00,0,0.00,0,0.00,0,0.00,0,0.00,24546,1,24546,24546,24546,24546.00,0,,
directory_depth_3,rigidmodels\buildings\chs_rocklrg_01,1,1,100.00,0,0.00,0,0.00,0,0.00,0,0.00,72868,1,72868,72868,72868,72868.00,0,,
directory_depth_3,rigidmodels\buildings\chs_rockmed_01,1,1,100.00,0,0.00,0,0.00,0,0.00,0,0.00,52816,1,52816,52816,52816,52816.00,0,,
directory_depth_3,rigidmodels\buildings\chs_rockmed_02,1,1,100.00,0,0.00,0,0.00,0,0.00,0,0.00,198064,1,198064,198064,198064,198064.00,0,,
directory_depth_3,rigidmodels\buildings\chs_rockpiece_01,1,1,100.00,0,0.00,0,0.00,0,0.00,0,0.00,83520,1,83520,83520,83520,83520.00,0,,
directory_depth_3,rigidmodels\buildings\chs_rockskull_01,1,1,100.00,0,0.00,0,0.00,0,0.00,0,0.00,102608,1,102608,102608,102608,102608.00,0,,
directory_depth_3,rigidmodels\buildings\chs_rocksml_01,1,1,100.00,0,0.00,0,0.00,0,0.00,0,0.00,50292,1,50292,50292,50292,50292.00,0,,
directory_depth_3,rigidmodels\buildings\chs_rubble_01,1,1,100.00,0,0.00,0,0.00,0,0.00,0,0.00,78300,1,78300,78300,78300,78300.00,0,,
directory_depth_3,rigidmodels\buildings\chs_rubble_02,1,1,100.00,0,0.00,0,0.00,0,0.00,0,0.00,90930,1,90930,90930,90930,90930.00,0,,
directory_depth_3,rigidmodels\buildings\chs_rubble_03,1,1,100.00,0,0.00,0,0.00,0,0.00,0,0.00,75996,1,75996,75996,75996,75996.00,0,,
directory_depth_3,rigidmodels\buildings\chs_rubble_04,1,1,100.00,0,0.00,0,0.00,0,0.00,0,0.00,80772,1,80772,80772,80772,80772.00,0,,
directory_depth_3,rigidmodels\buildings\chs_ruins_hero_bastion_01,1,1,100.00,0,0.00,0,0.00,0,0.00,0,0.00,87164,1,87164,87164,87164,87164.00,0,,
directory_depth_3,rigidmodels\buildings\chs_ruins_hero_bridge_01,1,1,100.00,0,0.00,0,0.00,0,0.00,0,0.00,95416,1,95416,95416,95416,95416.00,0,,
directory_depth_3,rigidmodels\buildings\chs_ruins_hero_cathedral_face_01,1,1,100.00,0,0.00,0,0.00,0,0.00,0,0.00,398934,1,398934,398934,398934,398934.00,0,,
directory_depth_3,rigidmodels\buildings\chs_ruins_hero_cathedral_face_02,1,1,100.00,0,0.00,0,0.00,0,0.00,0,0.00,336878,1,336878,336878,336878,336878.00,0,,
directory_depth_3,rigidmodels\buildings\chs_ruins_hero_cathedral_face_03,1,1,100.00,0,0.00,0,0.00,0,0.00,0,0.00,382604,1,382604,382604,382604,382604.00,0,,
directory_depth_3,rigidmodels\buildings\chs_ruins_hero_cathedral_tower_01,1,1,100.00,0,0.00,0,0.00,0,0.00,0,0.00,380202,1,380202,380202,380202,380202.00,0,,
directory_depth_3,rigidmodels\buildings\chs_ruins_hero_cathedral_tower_02,1,1,100.00,0,0.00,0,0.00,0,0.00,0,0.00,556466,1,556466,556466,556466,556466.00,0,,
directory_depth_3,rigidmodels\buildings\chs_ruins_hero_church_01,1,1,100.00,0,0.00,0,0.00,0,0.00,0,0.00,280164,1,280164,280164,280164,280164.00,0,,
directory_depth_3,rigidmodels\buildings\chs_ruins_hero_church_02,1,1,100.00,0,0.00,0,0.00,0,0.00,0,0.00,144460,1,144460,144460,144460,144460.00,0,,
directory_depth_3,rigidmodels\buildings\chs_ruins_hero_church_03,1,1,100.00,0,0.00,0,0.00,0,0.00,0,0.00,111188,1,111188,111188,111188,111188.00,0,,
directory_depth_3,rigidmodels\buildings\chs_ruins_hero_church_04,1,1,100.00,0,0.00,0,0.00,0,0.00,0,0.00,222044,1,222044,222044,222044,222044.00,0,,
directory_depth_3,rigidmodels\buildings\chs_ruins_hero_church_05,1,1,100.00,0,0.00,0,0.00,0,0.00,0,0.00,299384,1,299384,299384,299384,299384.00,0,,
directory_depth_3,rigidmodels\buildings\chs_ruins_hero_church_06,1,1,100.00,0,0.00,0,0.00,0,0.00,0,0.00,491004,1,491004,491004,491004,491004.00,0,,
directory_depth_3,rigidmodels\buildings\chs_ruins_hero_church_07,1,1,100.00,0,0.00,0,0.00,0,0.00,0,0.00,270430,1,270430,270430,270430,270430.00,0,,
directory_depth_3,rigidmodels\buildings\chs_ruins_hero_face_01,1,1,100.00,0,0.00,0,0.00,0,0.00,0,0.00,193980,1,193980,193980,193980,193980.00,0,,
directory_depth_3,rigidmodels\buildings\chs_ruins_hero_face_02,1,1,100.00,0,0.00,0,0.00,0,0.00,0,0.00,134356,1,134356,134356,134356,134356.00,0,,
directory_depth_3,rigidmodels\buildings\chs_ruins_hero_face_03,1,1,100.00,0,0.00,0,0.00,0,0.00,0,0.00,113136,1,113136,113136,113136,113136.00,0,,
directory_depth_3,rigidmodels\buildings\chs_ruins_hero_face_04,1,1,100.00,0,0.00,0,0.00,0,0.00,0,0.00,170468,1,170468,170468,170468,170468.00,0,,
directory_depth_3,rigidmodels\buildings\chs_ruins_hero_gate_01,1,1,100.00,0,0.00,0,0.00,0,0.00,0,0.00,104088,1,104088,104088,104088,104088.00,0,,
directory_depth_3,rigidmodels\buildings\chs_ruins_hero_gate_02,1,1,100.00,0,0.00,0,0.00,0,0.00,0,0.00,95424,1,95424,95424,95424,95424.00,0,,
directory_depth_3,rigidmodels\buildings\chs_ruins_hero_gate_03,1,1,100.00,0,0.00,0,0.00,0,0.00,0,0.00,108316,1,108316,108316,108316,108316.00,0,,
directory_depth_3,rigidmodels\buildings\chs_ruins_hero_gate_04,1,1,100.00,0,0.00,0,0.00,0,0.00,0,0.00,360784,1,360784,360784,360784,360784.00,0,,
directory_depth_3,rigidmodels\buildings\chs_ruins_hero_gate_corner_01,1,1,100.00,0,0.00,0,0.00,0,0.00,0,0.00,66252,1,66252,66252,66252,66252.00,0,,
directory_depth_3,rigidmodels\buildings\chs_ruins_hero_gate_corner_02,1,1,100.00,0,0.00,0,0.00,0,0.00,0,0.00,74840,1,74840,74840,74840,74840.00,0,,
directory_depth_3,rigidmodels\buildings\chs_ruins_hero_gate_large_01,1,1,100.00,0,0.00,0,0.00,0,0.00,0,0.00,161004,1,161004,161004,161004,161004.00,0,,
directory_depth_3,rigidmodels\buildings\chs_ruins_hero_pillars_01,1,1,100.00,0,0.00,0,0.00,0,0.00,0,0.00,52650,1,52650,52650,52650,52650.00,0,,
directory_depth_3,rigidmodels\buildings\chs_ruins_hero_pillars_02,1,1,100.00,0,0.00,0,0.00,0,0.00,0,0.00,94060,1,94060,94060,94060,94060.00,0,,
directory_depth_3,rigidmodels\buildings\chs_ruins_hero_pillars_03,1,1,100.00,0,0.00,0,0.00,0,0.00,0,0.00,143168,1,143168,143168,143168,143168.00,0,,
directory_depth_3,rigidmodels\buildings\chs_ruins_hero_pillars_04,1,1,100.00,0,0.00,0,0.00,0,0.00,0,0.00,168360,1,168360,168360,168360,168360.00,0,,
directory_depth_3,rigidmodels\buildings\chs_ruins_hero_pillars_05,1,1,100.00,0,0.00,0,0.00,0,0.00,0,0.00,59920,1,59920,59920,59920,59920.00,0,,
directory_depth_3,rigidmodels\buildings\chs_ruins_hero_platform_01,1,1,100.00,0,0.00,0,0.00,0,0.00,0,0.00,78828,1,78828,78828,78828,78828.00,0,,
directory_depth_3,rigidmodels\buildings\chs_ruins_hero_platform_02,1,1,100.00,0,0.00,0,0.00,0,0.00,0,0.00,92514,1,92514,92514,92514,92514.00,0,,
directory_depth_3,rigidmodels\buildings\chs_ruins_hero_platform_03,1,1,100.00,0,0.00,0,0.00,0,0.00,0,0.00,92738,1,92738,92738,92738,92738.00,0,,
directory_depth_3,rigidmodels\buildings\chs_ruins_hero_platform_04,1,1,100.00,0,0.00,0,0.00,0,0.00,0,0.00,93924,1,93924,93924,93924,93924.00,0,,
directory_depth_3,rigidmodels\buildings\chs_ruins_hero_platform_05,1,1,100.00,0,0.00,0,0.00,0,0.00,0,0.00,94422,1,94422,94422,94422,94422.00,0,,
directory_depth_3,rigidmodels\buildings\chs_ruins_hero_platform_06,1,1,100.00,0,0.00,0,0.00,0,0.00,0,0.00,152080,1,152080,152080,152080,152080.00,0,,
directory_depth_3,rigidmodels\buildings\chs_ruins_hero_platform_07,1,1,100.00,0,0.00,0,0.00,0,0.00,0,0.00,123650,1,123650,123650,123650,123650.00,0,,
directory_depth_3,rigidmodels\buildings\chs_ruins_hero_platform_08,1,1,100.00,0,0.00,0,0.00,0,0.00,0,0.00,181670,1,181670,181670,181670,181670.00,0,,
directory_depth_3,rigidmodels\buildings\chs_ruins_hero_platform_09,1,1,100.00,0,0.00,0,0.00,0,0.00,0,0.00,259226,1,259226,259226,259226,259226.00,0,,
directory_depth_3,rigidmodels\buildings\chs_ruins_hero_platform_10,1,1,100.00,0,0.00,0,0.00,0,0.00,0,0.00,209354,1,209354,209354,209354,209354.00,0,,
directory_depth_3,rigidmodels\buildings\chs_ruins_hero_platform_11,1,1,100.00,0,0.00,0,0.00,0,0.00,0,0.00,296556,1,296556,296556,296556,296556.00,0,,
directory_depth_3,rigidmodels\buildings\chs_ruins_hero_square_01,1,1,100.00,0,0.00,0,0.00,0,0.00,0,0.00,220486,1,220486,220486,220486,220486.00,0,,
directory_depth_3,rigidmodels\buildings\chs_ruins_hero_square_02,1,1,100.00,0,0.00,0,0.00,0,0.00,0,0.00,290578,1,290578,290578,290578,290578.00,0,,
directory_depth_3,rigidmodels\buildings\chs_ruins_hero_stairs_01,1,1,100.00,0,0.00,0,0.00,0,0.00,0,0.00,38352,1,38352,38352,38352,38352.00,0,,
directory_depth_3,rigidmodels\buildings\chs_ruins_hero_stairs_02,1,1,100.00,0,0.00,0,0.00,0,0.00,0,0.00,47846,1,47846,47846,47846,47846.00,0,,
directory_depth_3,rigidmodels\buildings\chs_ruins_hero_stairs_03,1,1,100.00,0,0.00,0,0.00,0,0.00,0,0.00,33490,1,33490,33490,33490,33490.00,0,,
directory_depth_3,rigidmodels\buildings\chs_ruins_hero_stairs_04,1,1,100.00,0,0.00,0,0.00,0,0.00,0,0.00,71092,1,71092,71092,71092,71092.00,0,,
directory_depth_3,rigidmodels\buildings\chs_ruins_hero_stairs_05,1,1,100.00,0,0.00,0,0.00,0,0.00,0,0.00,67440,1,67440,67440,67440,67440.00,0,,
directory_depth_3,rigidmodels\buildings\chs_ruins_hero_tower_01,1,1,100.00,0,0.00,0,0.00,0,0.00,0,0.00,182566,1,182566,182566,182566,182566.00,0,,
directory_depth_3,rigidmodels\buildings\chs_ruins_hero_tower_02,1,1,100.00,0,0.00,0,0.00,0,0.00,0,0.00,254824,1,254824,254824,254824,254824.00,0,,
directory_depth_3,rigidmodels\buildings\chs_ruins_hero_tower_03,1,1,100.00,0,0.00,0,0.00,0,0.00,0,0.00,275866,1,275866,275866,275866,275866.00,0,,
directory_depth_3,rigidmodels\buildings\chs_ruins_hero_tower_04,1,1,100.00,0,0.00,0,0.00,0,0.00,0,0.00,322896,1,322896,322896,322896,322896.00,0,,
directory_depth_3,rigidmodels\buildings\chs_ruins_hero_wall_01,1,1,100.00,0,0.00,0,0.00,0,0.00,0,0.00,171784,1,171784,171784,171784,171784.00,0,,
directory_depth_3,rigidmodels\buildings\chs_ruins_hero_wall_02,1,1,100.00,0,0.00,0,0.00,0,0.00,0,0.00,296488,1,296488,296488,296488,296488.00,0,,
directory_depth_3,rigidmodels\buildings\chs_ruins_hero_wall_03,1,1,100.00,0,0.00,0,0.00,0,0.00,0,0.00,362790,1,362790,362790,362790,362790.00,0,,
directory_depth_3,rigidmodels\buildings\chs_ruins_hero_wall_04,1,1,100.00,0,0.00,0,0.00,0,0.00,0,0.00,192222,1,192222,192222,192222,192222.00,0,,
directory_depth_3,rigidmodels\buildings\chs_ruins_hero_wall_05,1,1,100.00,0,0.00,0,0.00,0,0.00,0,0.00,150982,1,150982,150982,150982,150982.00,0,,
directory_depth_3,rigidmodels\buildings\chs_ruins_hero_wall_06,1,1,100.00,0,0.00,0,0.00,0,0.00,0,0.00,187036,1,187036,187036,187036,187036.00,0,,
directory_depth_3,rigidmodels\buildings\chs_ruins_hero_wall_07,1,1,100.00,0,0.00,0,0.00,0,0.00,0,0.00,289238,1,289238,289238,289238,289238.00,0,,
directory_depth_3,rigidmodels\buildings\chs_ruins_hero_wall_08,1,1,100.00,0,0.00,0,0.00,0,0.00,0,0.00,337332,1,337332,337332,337332,337332.00,0,,
directory_depth_3,rigidmodels\buildings\chs_ruins_hero_wall_09,1,1,100.00,0,0.00,0,0.00,0,0.00,0,0.00,468522,1,468522,468522,468522,468522.00,0,,
directory_depth_3,rigidmodels\buildings\chs_ruins_hero_wall_add_01,1,1,100.00,0,0.00,0,0.00,0,0.00,0,0.00,10876,1,10876,10876,10876,10876.00,0,,
directory_depth_3,rigidmodels\buildings\chs_ruins_hero_wall_add_02,1,1,100.00,0,0.00,0,0.00,0,0.00,0,0.00,10876,1,10876,10876,10876,10876.00,0,,
directory_depth_3,rigidmodels\buildings\chs_ruins_hero_wall_gate_01,1,1,100.00,0,0.00,0,0.00,0,0.00,0,0.00,495176,1,495176,495176,495176,495176.00,0,,
directory_depth_3,rigidmodels\buildings\chs_ruins_hero_wall_gate_02,1,1,100.00,0,0.00,0,0.00,0,0.00,0,0.00,203928,1,203928,203928,203928,203928.00,0,,
directory_depth_3,rigidmodels\buildings\chs_ruins_hero_wall_tower_01,1,1,100.00,0,0.00,0,0.00,0,0.00,0,0.00,386676,1,386676,386676,386676,386676.00,0,,
directory_depth_3,rigidmodels\buildings\chs_ruins_hero_wall_tower_02,1,1,100.00,0,0.00,0,0.00,0,0.00,0,0.00,284544,1,284544,284544,284544,284544.00,0,,
directory_depth_3,rigidmodels\buildings\chs_ruins_hero_wall_tower_03,1,1,100.00,0,0.00,0,0.00,0,0.00,0,0.00,160702,1,160702,160702,160702,160702.00,0,,
directory_depth_3,rigidmodels\buildings\chs_ruins_statue_man_bronze_01,2,2,100.00,0,0.00,0,0.00,0,0.00,0,0.00,268602,2,268602,17268,251334,134301.00,0,,
directory_depth_3,rigidmodels\buildings\chs_ruins_statue_man_stone_01,2,2,100.00,0,0.00,0,0.00,0,0.00,0,0.00,270170,2,270170,18836,251334,135085.00,0,,
directory_depth_3,rigidmodels\buildings\chs_screepile_02_30m,1,1,100.00,0,0.00,0,0.00,0,0.00,0,0.00,78966,1,78966,78966,78966,78966.00,0,,
directory_depth_3,rigidmodels\buildings\chs_screepile_03_30m,1,1,100.00,0,0.00,0,0.00,0,0.00,0,0.00,103246,1,103246,103246,103246,103246.00,0,,
directory_depth_3,rigidmodels\buildings\chs_screepile_30m,1,1,100.00,0,0.00,0,0.00,0,0.00,0,0.00,84852,1,84852,84852,84852,84852.00,0,,
directory_depth_3,rigidmodels\buildings\chs_seacliff_02_a,1,1,100.00,0,0.00,0,0.00,0,0.00,0,0.00,37600,1,37600,37600,37600,37600.00,0,,
directory_depth_3,rigidmodels\buildings\chs_seacliff_02_b,1,1,100.00,0,0.00,0,0.00,0,0.00,0,0.00,30192,1,30192,30192,30192,30192.00,0,,
directory_depth_3,rigidmodels\buildings\chs_seacliff_02_c,1,1,100.00,0,0.00,0,0.00,0,0.00,0,0.00,27316,1,27316,27316,27316,27316.00,0,,
directory_depth_3,rigidmodels\buildings\chs_seacliff_a,1,1,100.00,0,0.00,0,0.00,0,0.00,0,0.00,619126,1,619126,619126,619126,619126.00,0,,
directory_depth_3,rigidmodels\buildings\chs_seacliff_b,1,1,100.00,0,0.00,0,0.00,0,0.00,0,0.00,350204,1,350204,350204,350204,350204.00,0,,
directory_depth_3,rigidmodels\buildings\chs_seacliff_b_01,1,1,100.00,0,0.00,0,0.00,0,0.00,0,0.00,248386,1,248386,248386,248386,248386.00,0,,
directory_depth_3,rigidmodels\buildings\chs_seacliff_b_02,1,1,100.00,0,0.00,0,0.00,0,0.00,0,0.00,317248,1,317248,317248,317248,317248.00,0,,
directory_depth_3,rigidmodels\buildings\chs_seacliff_b_02_a,1,1,100.00,0,0.00,0,0.00,0,0.00,0,0.00,37600,1,37600,37600,37600,37600.00,0,,
directory_depth_3,rigidmodels\buildings\chs_seacliff_b_02_b,1,1,100.00,0,0.00,0,0.00,0,0.00,0,0.00,30192,1,30192,30192,30192,30192.00,0,,
directory_depth_3,rigidmodels\buildings\chs_seacliff_b_02_c,1,1,100.00,0,0.00,0,0.00,0,0.00,0,0.00,27316,1,27316,27316,27316,27316.00,0,,
directory_depth_3,rigidmodels\buildings\chs_seacliff_b_03,1,1,100.00,0,0.00,0,0.00,0,0.00,0,0.00,229672,1,229672,229672,229672,229672.00,0,,
directory_depth_3,rigidmodels\buildings\chs_seacliff_b_04,1,1,100.00,0,0.00,0,0.00,0,0.00,0,0.00,271748,1,271748,271748,271748,271748.00,0,,
directory_depth_3,rigidmodels\buildings\chs_seacliff_b_05,1,1,100.00,0,0.00,0,0.00,0,0.00,0,0.00,328614,1,328614,328614,328614,328614.00,0,,
directory_depth_3,rigidmodels\buildings\chs_seacliff_b_06,1,1,100.00,0,0.00,0,0.00,0,0.00,0,0.00,229430,1,229430,229430,229430,229430.00,0,,
directory_depth_3,rigidmodels\buildings\chs_seacliff_b_07,1,1,100.00,0,0.00,0,0.00,0,0.00,0,0.00,240516,1,240516,240516,240516,240516.00,0,,
directory_depth_3,rigidmodels\buildings\chs_seacliff_formation_01,1,1,100.00,0,0.00,0,0.00,0,0.00,0,0.00,534974,1,534974,534974,534974,534974.00,0,,
directory_depth_3,rigidmodels\buildings\chs_seacliff_formation_02,1,1,100.00,0,0.00,0,0.00,0,0.00,0,0.00,280246,1,280246,280246,280246,280246.00,0,,
directory_depth_3,rigidmodels\buildings\chs_seacliff_formation_03,1,1,100.00,0,0.00,0,0.00,0,0.00,0,0.00,165084,1,165084,165084,165084,165084.00,0,,
directory_depth_3,rigidmodels\buildings\chs_siege_tower_15m,11,11,100.00,0,0.00,0,0.00,0,0.00,0,0.00,11461900,11,11461900,103328,4823936,1041990.91,0,,
directory_depth_3,rigidmodels\buildings\chs_skull_01,1,1,100.00,0,0.00,0,0.00,0,0.00,0,0.00,11296,1,11296,11296,11296,11296.00,0,,
directory_depth_3,rigidmodels\buildings\chs_skull_02,1,1,100.00,0,0.00,0,0.00,0,0.00,0,0.00,13040,1,13040,13040,13040,13040.00,0,,
directory_depth_3,rigidmodels\buildings\chs_standing_01,1,1,100.00,0,0.00,0,0.00,0,0.00,0,0.00,120204,1,120204,120204,120204,120204.00,0,,
directory_depth_3,rigidmodels\buildings\chs_standing_02,1,1,100.00,0,0.00,0,0.00,0,0.00,0,0.00,44810,1,44810,44810,44810,44810.00,0,,
directory_depth_3,rigidmodels\buildings\chs_standing_03,1,1,100.00,0,0.00,0,0.00,0,0.00,0,0.00,12992,1,12992,12992,12992,12992.00,0,,
directory_depth_3,rigidmodels\buildings\chs_standing_04,1,1,100.00,0,0.00,0,0.00,0,0.00,0,0.00,24584,1,24584,24584,24584,24584.00,0,,
directory_depth_3,rigidmodels\buildings\chs_statue_death_bronze_01,2,2,100.00,0,0.00,0,0.00,0,0.00,0,0.00,416874,2,416874,203404,213470,208437.00,0,,
directory_depth_3,rigidmodels\buildings\chs_statue_death_stone_01,2,2,100.00,0,0.00,0,0.00,0,0.00,0,0.00,416874,2,416874,203404,213470,208437.00,0,,
directory_depth_3,rigidmodels\buildings\chs_statue_horse_bronze_01,1,1,100.00,0,0.00,0,0.00,0,0.00,0,0.00,160956,1,160956,160956,160956,160956.00,0,,
directory_depth_3,rigidmodels\buildings\chs_statue_horse_bronze_02,1,1,100.00,0,0.00,0,0.00,0,0.00,0,0.00,168316,1,168316,168316,168316,168316.00,0,,
directory_depth_3,rigidmodels\buildings\chs_statue_horse_bronze_03,1,1,100.00,0,0.00,0,0.00,0,0.00,0,0.00,186492,1,186492,186492,186492,186492.00,0,,
directory_depth_3,rigidmodels\buildings\chs_statue_woman_bronze_01,2,2,100.00,0,0.00,0,0.00,0,0.00,0,0.00,266368,2,266368,72492,193876,133184.00,0,,
directory_depth_3,rigidmodels\buildings\chs_statue_woman_bronze_02,2,2,100.00,0,0.00,0,0.00,0,0.00,0,0.00,262732,2,262732,74012,188720,131366.00,0,,
directory_depth_3,rigidmodels\buildings\chs_statue_woman_stone_01,2,2,100.00,0,0.00,0,0.00,0,0.00,0,0.00,266368,2,266368,72492,193876,133184.00,0,,
directory_depth_3,rigidmodels\buildings\chs_statue_woman_stone_02,2,2,100.00,0,0.00,0,0.00,0,0.00,0,0.00,262732,2,262732,74012,188720,131366.00,0,,
directory_depth_3,rigidmodels\buildings\chs_teeth_01a,1,1,100.00,0,0.00,0,0.00,0,0.00,0,0.00,27020,1,27020,27020,27020,27020.00,0,,
directory_depth_3,rigidmodels\buildings\chs_teeth_01b,1,1,100.00,0,0.00,0,0.00,0,0.00,0,0.00,29052,1,29052,29052,29052,29052.00,0,,
directory_depth_3,rigidmodels\buildings\chs_teeth_02a,1,1,100.00,0,0.00,0,0.00,0,0.00,0,0.00,27560,1,27560,27560,27560,27560.00,0,,
directory_depth_3,rigidmodels\buildings\chs_teeth_03a,1,1,100.00,0,0.00,0,0.00,0,0.00,0,0.00,70740,1,70740,70740,70740,70740.00,0,,
directory_depth_3,rigidmodels\buildings\chs_teeth_04a,1,1,100.00,0,0.00,0,0.00,0,0.00,0,0.00,39652,1,39652,39652,39652,39652.00,0,,
directory_depth_3,rigidmodels\buildings\chs_teeth_base_01,1,1,100.00,0,0.00,0,0.00,0,0.00,0,0.00,29644,1,29644,29644,29644,29644.00,0,,
directory_depth_3,rigidmodels\buildings\chs_teeth_base_02,1,1,100.00,0,0.00,0,0.00,0,0.00,0,0.00,30692,1,30692,30692,30692,30692.00,0,,
directory_depth_3,rigidmodels\buildings\chs_tower_free_01,2,2,100.00,0,0.00,0,0.00,0,0.00,0,0.00,1788590,2,1788590,622398,1166192,894295.00,0,,
directory_depth_3,rigidmodels\buildings\chs_tower_placement_01,3,3,100.00,0,0.00,0,0.00,0,0.00,0,0.00,3242734,3,3242734,595052,1862792,1080911.33,0,,
directory_depth_3,rigidmodels\buildings\chs_tower_placement_02,3,3,100.00,0,0.00,0,0.00,0,0.00,0,0.00,3242734,3,3242734,595052,1862792,1080911.33,0,,
directory_depth_3,rigidmodels\buildings\chs_tower_placement_03,3,3,100.00,0,0.00,0,0.00,0,0.00,0,0.00,3242734,3,3242734,595052,1862792,1080911.33,0,,
directory_depth_3,rigidmodels\buildings\chs_tower_placement_04,3,3,100.00,0,0.00,0,0.00,0,0.00,0,0.00,3242734,3,3242734,595052,1862792,1080911.33,0,,
directory_depth_3,rigidmodels\buildings\chs_tumor_00,1,1,100.00,0,0.00,0,0.00,0,0.00,0,0.00,24448,1,24448,24448,24448,24448.00,0,,
directory_depth_3,rigidmodels\buildings\chs_tumor_01,1,1,100.00,0,0.00,0,0.00,0,0.00,0,0.00,27668,1,27668,27668,27668,27668.00,0,,
directory_depth_3,rigidmodels\buildings\chs_tumor_02,1,1,100.00,0,0.00,0,0.00,0,0.00,0,0.00,26838,1,26838,26838,26838,26838.00,0,,
directory_depth_3,rigidmodels\buildings\chs_tumor_04,1,1,100.00,0,0.00,0,0.00,0,0.00,0,0.00,17956,1,17956,17956,17956,17956.00,0,,
directory_depth_3,rigidmodels\buildings\chs_tumor_05,1,1,100.00,0,0.00,0,0.00,0,0.00,0,0.00,21034,1,21034,21034,21034,21034.00,0,,
directory_depth_3,rigidmodels\buildings\chs_tumor_prime,1,1,100.00,0,0.00,0,0.00,0,0.00,0,0.00,35700,1,35700,35700,35700,35700.00,0,,
directory_depth_3,rigidmodels\buildings\chs_tzeentch_arch_01,1,1,100.00,0,0.00,0,0.00,0,0.00,0,0.00,63526,1,63526,63526,63526,63526.00,0,,
directory_depth_3,rigidmodels\buildings\chs_tzeentch_arm_01,1,1,100.00,0,0.00,0,0.00,0,0.00,0,0.00,26344,1,26344,26344,26344,26344.00,0,,
directory_depth_3,rigidmodels\buildings\chs_tzeentch_arm_01b,1,1,100.00,0,0.00,0,0.00,0,0.00,0,0.00,25564,1,25564,25564,25564,25564.00,0,,
directory_depth_3,rigidmodels\buildings\chs_tzeentch_arm_02,1,1,100.00,0,0.00,0,0.00,0,0.00,0,0.00,39606,1,39606,39606,39606,39606.00,0,,
directory_depth_3,rigidmodels\buildings\chs_tzeentch_arm_02b,1,1,100.00,0,0.00,0,0.00,0,0.00,0,0.00,38826,1,38826,38826,38826,38826.00,0,,
directory_depth_3,rigidmodels\buildings\chs_tzeentch_beak01,1,1,100.00,0,0.00,0,0.00,0,0.00,0,0.00,85396,1,85396,85396,85396,85396.00,0,,
directory_depth_3,rigidmodels\buildings\chs_tzeentch_beak02,1,1,100.00,0,0.00,0,0.00,0,0.00,0,0.00,30968,1,30968,30968,30968,30968.00,0,,
directory_depth_3,rigidmodels\buildings\chs_tzeentch_beak03,1,1,100.00,0,0.00,0,0.00,0,0.00,0,0.00,50504,1,50504,50504,50504,50504.00,0,,
directory_depth_3,rigidmodels\buildings\chs_tzeentch_birdhead_01,1,1,100.00,0,0.00,0,0.00,0,0.00,0,0.00,36696,1,36696,36696,36696,36696.00,0,,
directory_depth_3,rigidmodels\buildings\chs_tzeentch_birdhead_01b,1,1,100.00,0,0.00,0,0.00,0,0.00,0,0.00,32548,1,32548,32548,32548,32548.00,0,,
directory_depth_3,rigidmodels\buildings\chs_tzeentch_birdhead_02,1,1,100.00,0,0.00,0,0.00,0,0.00,0,0.00,39700,1,39700,39700,39700,39700.00,0,,
directory_depth_3,rigidmodels\buildings\chs_tzeentch_birdhead_03,1,1,100.00,0,0.00,0,0.00,0,0.00,0,0.00,38888,1,38888,38888,38888,38888.00,0,,
directory_depth_3,rigidmodels\buildings\chs_tzeentch_birdhead_04,1,1,100.00,0,0.00,0,0.00,0,0.00,0,0.00,25888,1,25888,25888,25888,25888.00,0,,
directory_depth_3,rigidmodels\buildings\chs_tzeentch_birdhead_05,1,1,100.00,0,0.00,0,0.00,0,0.00,0,0.00,44572,1,44572,44572,44572,44572.00,0,,
directory_depth_3,rigidmodels\buildings\chs_tzeentch_birdhead_05b,1,1,100.00,0,0.00,0,0.00,0,0.00,0,0.00,38944,1,38944,38944,38944,38944.00,0,,
directory_depth_3,rigidmodels\buildings\chs_tzeentch_birdhead_06,1,1,100.00,0,0.00,0,0.00,0,0.00,0,0.00,51056,1,51056,51056,51056,51056.00,0,,
directory_depth_3,rigidmodels\buildings\chs_tzeentch_birdhead_07,1,1,100.00,0,0.00,0,0.00,0,0.00,0,0.00,44796,1,44796,44796,44796,44796.00,0,,
directory_depth_3,rigidmodels\buildings\chs_tzeentch_birdspike_01,1,1,100.00,0,0.00,0,0.00,0,0.00,0,0.00,30680,1,30680,30680,30680,30680.00,0,,
directory_depth_3,rigidmodels\buildings\chs_tzeentch_birdspike_02,1,1,100.00,0,0.00,0,0.00,0,0.00,0,0.00,10388,1,10388,10388,10388,10388.00,0,,
directory_depth_3,rigidmodels\buildings\chs_tzeentch_birdspike_03,1,1,100.00,0,0.00,0,0.00,0,0.00,0,0.00,32584,1,32584,32584,32584,32584.00,0,,
directory_depth_3,rigidmodels\buildings\chs_tzeentch_birdspike_03b,1,1,100.00,0,0.00,0,0.00,0,0.00,0,0.00,27316,1,27316,27316,27316,27316.00,0,,
directory_depth_3,rigidmodels\buildings\chs_tzeentch_claw_01,1,1,100.00,0,0.00,0,0.00,0,0.00,0,0.00,62432,1,62432,62432,62432,62432.00,0,,
directory_depth_3,rigidmodels\buildings\chs_tzeentch_claw02,1,1,100.00,0,0.00,0,0.00,0,0.00,0,0.00,191828,1,191828,191828,191828,191828.00,0,,
directory_depth_3,rigidmodels\buildings\chs_tzeentch_crystal_01,1,1,100.00,0,0.00,0,0.00,0,0.00,0,0.00,15068,1,15068,15068,15068,15068.00,0,,
directory_depth_3,rigidmodels\buildings\chs_tzeentch_crystal_02,1,1,100.00,0,0.00,0,0.00,0,0.00,0,0.00,12412,1,12412,12412,12412,12412.00,0,,
directory_depth_3,rigidmodels\buildings\chs_tzeentch_eye01,1,1,100.00,0,0.00,0,0.00,0,0.00,0,0.00,63224,1,63224,63224,63224,63224.00,0,,
directory_depth_3,rigidmodels\buildings\chs_tzeentch_eyeballgrowth_01,1,1,100.00,0,0.00,0,0.00,0,0.00,0,0.00,57854,1,57854,57854,57854,57854.00,0,,
directory_depth_3,rigidmodels\buildings\chs_tzeentch_eyeinsert,1,1,100.00,0,0.00,0,0.00,0,0.00,0,0.00,47352,1,47352,47352,47352,47352.00,0,,
directory_depth_3,rigidmodels\buildings\chs_tzeentch_fish_01,1,1,100.00,0,0.00,0,0.00,0,0.00,0,0.00,41340,1,41340,41340,41340,41340.00,0,,
directory_depth_3,rigidmodels\buildings\chs_tzeentch_fish_01b,1,1,100.00,0,0.00,0,0.00,0,0.00,0,0.00,41340,1,41340,41340,41340,41340.00,0,,
directory_depth_3,rigidmodels\buildings\chs_tzeentch_fish_02,1,1,100.00,0,0.00,0,0.00,0,0.00,0,0.00,42688,1,42688,42688,42688,42688.00,0,,
directory_depth_3,rigidmodels\buildings\chs_tzeentch_fish_02b,1,1,100.00,0,0.00,0,0.00,0,0.00,0,0.00,42688,1,42688,42688,42688,42688.00,0,,
directory_depth_3,rigidmodels\buildings\chs_tzeentch_fish_03,1,1,100.00,0,0.00,0,0.00,0,0.00,0,0.00,52792,1,52792,52792,52792,52792.00,0,,
directory_depth_3,rigidmodels\buildings\chs_tzeentch_fish_03b,1,1,100.00,0,0.00,0,0.00,0,0.00,0,0.00,52792,1,52792,52792,52792,52792.00,0,,
directory_depth_3,rigidmodels\buildings\chs_tzeentch_fishhead_large_01,1,1,100.00,0,0.00,0,0.00,0,0.00,0,0.00,149428,1,149428,149428,149428,149428.00,0,,
directory_depth_3,rigidmodels\buildings\chs_tzeentch_gate_creep_01,1,1,100.00,0,0.00,0,0.00,0,0.00,0,0.00,31160,1,31160,31160,31160,31160.00,0,,
directory_depth_3,rigidmodels\buildings\chs_tzeentch_growth_01,1,1,100.00,0,0.00,0,0.00,0,0.00,0,0.00,29590,1,29590,29590,29590,29590.00,0,,
directory_depth_3,rigidmodels\buildings\chs_tzeentch_growth_02,1,1,100.00,0,0.00,0,0.00,0,0.00,0,0.00,47362,1,47362,47362,47362,47362.00,0,,
directory_depth_3,rigidmodels\buildings\chs_tzeentch_growth_03,1,1,100.00,0,0.00,0,0.00,0,0.00,0,0.00,32008,1,32008,32008,32008,32008.00,0,,
directory_depth_3,rigidmodels\buildings\chs_tzeentch_growth_04,1,1,100.00,0,0.00,0,0.00,0,0.00,0,0.00,35362,1,35362,35362,35362,35362.00,0,,
directory_depth_3,rigidmodels\buildings\chs_tzeentch_growth_05,1,1,100.00,0,0.00,0,0.00,0,0.00,0,0.00,43438,1,43438,43438,43438,43438.00,0,,
directory_depth_3,rigidmodels\buildings\chs_tzeentch_growth_06,1,1,100.00,0,0.00,0,0.00,0,0.00,0,0.00,52008,1,52008,52008,52008,52008.00,0,,
directory_depth_3,rigidmodels\buildings\chs_tzeentch_growth_07,1,1,100.00,0,0.00,0,0.00,0,0.00,0,0.00,45224,1,45224,45224,45224,45224.00,0,,
directory_depth_3,rigidmodels\buildings\chs_tzeentch_library_01,1,1,100.00,0,0.00,0,0.00,0,0.00,0,0.00,2245644,1,2245644,2245644,2245644,2245644.00,0,,
directory_depth_3,rigidmodels\buildings\chs_tzeentch_maw_01,1,1,100.00,0,0.00,0,0.00,0,0.00,0,0.00,29960,1,29960,29960,29960,29960.00,0,,
directory_depth_3,rigidmodels\buildings\chs_tzeentch_mouth02,1,1,100.00,0,0.00,0,0.00,0,0.00,0,0.00,114924,1,114924,114924,114924,114924.00,0,,
directory_depth_3,rigidmodels\buildings\chs_tzeentch_mouth03,1,1,100.00,0,0.00,0,0.00,0,0.00,0,0.00,95880,1,95880,95880,95880,95880.00,0,,
directory_depth_3,rigidmodels\buildings\chs_tzeentch_mouthteeth,1,1,100.00,0,0.00,0,0.00,0,0.00,0,0.00,28872,1,28872,28872,28872,28872.00,0,,
directory_depth_3,rigidmodels\buildings\chs_tzeentch_pedestal01,1,1,100.00,0,0.00,0,0.00,0,0.00,0,0.00,55936,1,55936,55936,55936,55936.00,0,,
directory_depth_3,rigidmodels\buildings\chs_tzeentch_pedestal02,1,1,100.00,0,0.00,0,0.00,0,0.00,0,0.00,69064,1,69064,69064,69064,69064.00,0,,
directory_depth_3,rigidmodels\buildings\chs_tzeentch_spikes_01,1,1,100.00,0,0.00,0,0.00,0,0.00,0,0.00,36454,1,36454,36454,36454,36454.00,0,,
directory_depth_3,rigidmodels\buildings\chs_tzeentch_spiral_01,1,1,100.00,0,0.00,0,0.00,0,0.00,0,0.00,36424,1,36424,36424,36424,36424.00,0,,
directory_depth_3,rigidmodels\buildings\chs_tzeentch_spiralstair_01,1,1,100.00,0,0.00,0,0.00,0,0.00,0,0.00,53992,1,53992,53992,53992,53992.00,0,,
directory_depth_3,rigidmodels\buildings\chs_tzeentch_spiralstair_02,1,1,100.00,0,0.00,0,0.00,0,0.00,0,0.00,102938,1,102938,102938,102938,102938.00,0,,
directory_depth_3,rigidmodels\buildings\chs_tzeentch_spiralstair_03,1,1,100.00,0,0.00,0,0.00,0,0.00,0,0.00,89066,1,89066,89066,89066,89066.00,0,,
directory_depth_3,rigidmodels\buildings\chs_tzeentch_spiralstair_04,1,1,100.00,0,0.00,0,0.00,0,0.00,0,0.00,91414,1,91414,91414,91414,91414.00,0,,
directory_depth_3,rigidmodels\buildings\chs_tzeentch_spiralstair_05,1,1,100.00,0,0.00,0,0.00,0,0.00,0,0.00,104104,1,104104,104104,104104,104104.00,0,,
directory_depth_3,rigidmodels\buildings\chs_tzeentch_symbol_01,1,1,100.00,0,0.00,0,0.00,0,0.00,0,0.00,50496,1,50496,50496,50496,50496.00,0,,
directory_depth_3,rigidmodels\buildings\chs_tzeentch_symbol_01_no_eye,1,1,100.00,0,0.00,0,0.00,0,0.00,0,0.00,25352,1,25352,25352,25352,25352.00,0,,
directory_depth_3,rigidmodels\buildings\chs_tzeentch_talon_01,1,1,100.00,0,0.00,0,0.00,0,0.00,0,0.00,26704,1,26704,26704,26704,26704.00,0,,
directory_depth_3,rigidmodels\buildings\chs_tzeentch_talongrowth_01,1,1,100.00,0,0.00,0,0.00,0,0.00,0,0.00,49664,1,49664,49664,49664,49664.00,0,,
directory_depth_3,rigidmodels\buildings\chs_tzeentch_talongrowth_01b,1,1,100.00,0,0.00,0,0.00,0,0.00,0,0.00,83036,1,83036,83036,83036,83036.00,0,,
directory_depth_3,rigidmodels\buildings\chs_tzeentch_tentacle_01,1,1,100.00,0,0.00,0,0.00,0,0.00,0,0.00,35754,1,35754,35754,35754,35754.00,0,,
directory_depth_3,rigidmodels\buildings\chs_tzeentch_tentacle_01b,1,1,100.00,0,0.00,0,0.00,0,0.00,0,0.00,35754,1,35754,35754,35754,35754.00,0,,
directory_depth_3,rigidmodels\buildings\chs_tzeentch_tentacle_02,1,1,100.00,0,0.00,0,0.00,0,0.00,0,0.00,28836,1,28836,28836,28836,28836.00,0,,
directory_depth_3,rigidmodels\buildings\chs_tzeentch_tentacle_02b,1,1,100.00,0,0.00,0,0.00,0,0.00,0,0.00,28836,1,28836,28836,28836,28836.00,0,,
directory_depth_3,rigidmodels\buildings\chs_tzeentch_tentacle_03,1,1,100.00,0,0.00,0,0.00,0,0.00,0,0.00,57936,1,57936,57936,57936,57936.00,0,,
directory_depth_3,rigidmodels\buildings\chs_tzeentch_tentacle01,1,1,100.00,0,0.00,0,0.00,0,0.00,0,0.00,69960,1,69960,69960,69960,69960.00,0,,
directory_depth_3,rigidmodels\buildings\chs_tzeentch_tentacle02,1,1,100.00,0,0.00,0,0.00,0,0.00,0,0.00,49168,1,49168,49168,49168,49168.00,0,,
directory_depth_3,rigidmodels\buildings\chs_tzeentch_tongue_01,1,1,100.00,0,0.00,0,0.00,0,0.00,0,0.00,15304,1,15304,15304,15304,15304.00,0,,
directory_depth_3,rigidmodels\buildings\chs_tzeentch_tongue_01b,1,1,100.00,0,0.00,0,0.00,0,0.00,0,0.00,15304,1,15304,15304,15304,15304.00,0,,
directory_depth_3,rigidmodels\buildings\chs_tzeentch_tongue_02,1,1,100.00,0,0.00,0,0.00,0,0.00,0,0.00,16084,1,16084,16084,16084,16084.00,0,,
directory_depth_3,rigidmodels\buildings\chs_tzeentch_tongue_02b,1,1,100.00,0,0.00,0,0.00,0,0.00,0,0.00,15304,1,15304,15304,15304,15304.00,0,,
directory_depth_3,rigidmodels\buildings\chs_tzeentch_tongue_03,1,1,100.00,0,0.00,0,0.00,0,0.00,0,0.00,15304,1,15304,15304,15304,15304.00,0,,
directory_depth_3,rigidmodels\buildings\chs_tzeentch_tongue_03b,1,1,100.00,0,0.00,0,0.00,0,0.00,0,0.00,15304,1,15304,15304,15304,15304.00,0,,
directory_depth_3,rigidmodels\buildings\chs_tzeentch_tower_01,1,1,100.00,0,0.00,0,0.00,0,0.00,0,0.00,197782,1,197782,197782,197782,197782.00,0,,
directory_depth_3,rigidmodels\buildings\chs_tzeentch_tower_02,1,1,100.00,0,0.00,0,0.00,0,0.00,0,0.00,89072,1,89072,89072,89072,89072.00,0,,
directory_depth_3,rigidmodels\buildings\chs_tzeentch_tower_03,1,1,100.00,0,0.00,0,0.00,0,0.00,0,0.00,150062,1,150062,150062,150062,150062.00,0,,
directory_depth_3,rigidmodels\buildings\chs_tzeentch_tower_04,1,1,100.00,0,0.00,0,0.00,0,0.00,0,0.00,116642,1,116642,116642,116642,116642.00,0,,
directory_depth_3,rigidmodels\buildings\chs_tzeentch_tower_05,1,1,100.00,0,0.00,0,0.00,0,0.00,0,0.00,170496,1,170496,170496,170496,170496.00,0,,
directory_depth_3,rigidmodels\buildings\chs_tzeentch_walleye_01,1,1,100.00,0,0.00,0,0.00,0,0.00,0,0.00,39802,1,39802,39802,39802,39802.00,0,,
directory_depth_3,rigidmodels\buildings\chs_tzeentch_walleye_02,1,1,100.00,0,0.00,0,0.00,0,0.00,0,0.00,45948,1,45948,45948,45948,45948.00,0,,
directory_depth_3,rigidmodels\buildings\chs_tzeentch_window_01,1,1,100.00,0,0.00,0,0.00,0,0.00,0,0.00,41158,1,41158,41158,41158,41158.00,0,,
directory_depth_3,rigidmodels\buildings\chs_tzeentch_wing_01,1,1,100.00,0,0.00,0,0.00,0,0.00,0,0.00,47702,1,47702,47702,47702,47702.00,0,,
directory_depth_3,rigidmodels\buildings\chs_tzeentch_wing_01b,1,1,100.00,0,0.00,0,0.00,0,0.00,0,0.00,47702,1,47702,47702,47702,47702.00,0,,
directory_depth_3,rigidmodels\buildings\chs_tzeentch_wing_02,1,1,100.00,0,0.00,0,0.00,0,0.00,0,0.00,38090,1,38090,38090,38090,38090.00,0,,
directory_depth_3,rigidmodels\buildings\chs_tzeentch_wing_02b,1,1,100.00,0,0.00,0,0.00,0,0.00,0,0.00,38084,1,38084,38084,38084,38084.00,0,,
directory_depth_3,rigidmodels\buildings\chs_tzeentch_worm01,1,1,100.00,0,0.00,0,0.00,0,0.00,0,0.00,57496,1,57496,57496,57496,57496.00,0,,
directory_depth_3,rigidmodels\buildings\chs_tzeentch_worm02,1,1,100.00,0,0.00,0,0.00,0,0.00,0,0.00,73340,1,73340,73340,73340,73340.00,0,,
directory_depth_3,rigidmodels\buildings\chs_wall_angled_joiner,1,1,100.00,0,0.00,0,0.00,0,0.00,0,0.00,168272,1,168272,168272,168272,168272.00,0,,
directory_depth_3,rigidmodels\buildings\chs_wall_angled_to_grid_joiner,3,3,100.00,0,0.00,0,0.00,0,0.00,0,0.00,2742618,3,2742618,537608,1398058,914206.00,0,,
directory_depth_3,rigidmodels\buildings\chs_wall_corner_90_external,1,1,100.00,0,0.00,0,0.00,0,0.00,0,0.00,634798,1,634798,634798,634798,634798.00,0,,
directory_depth_3,rigidmodels\buildings\chs_wall_corner_90_internal,1,1,100.00,0,0.00,0,0.00,0,0.00,0,0.00,952706,1,952706,952706,952706,952706.00,0,,
directory_depth_3,rigidmodels\buildings\chs_wall_emplacement,1,1,100.00,0,0.00,0,0.00,0,0.00,0,0.00,769362,1,769362,769362,769362,769362.00,0,,
directory_depth_3,rigidmodels\buildings\chs_wall_grid_to_angled_joiner,1,1,100.00,0,0.00,0,0.00,0,0.00,0,0.00,1136654,1,1136654,1136654,1136654,1136654.00,0,,
directory_depth_3,rigidmodels\buildings\chs_wall_merlon_01,3,3,100.00,0,0.00,0,0.00,0,0.00,0,0.00,49192,3,49192,3500,35252,16397.33,0,,
directory_depth_3,rigidmodels\buildings\chs_wall_merlon_02,3,3,100.00,0,0.00,0,0.00,0,0.00,0,0.00,50244,3,50244,3500,35252,16748.00,0,,
directory_depth_3,rigidmodels\buildings\chs_wall_stepdown_15m,1,1,100.00,0,0.00,0,0.00,0,0.00,0,0.00,1386074,1,1386074,1386074,1386074,1386074.00,0,,
directory_depth_3,rigidmodels\buildings\chs_wall_stepup_15m,1,1,100.00,0,0.00,0,0.00,0,0.00,0,0.00,1383386,1,1383386,1383386,1383386,1383386.00,0,,
directory_depth_3,rigidmodels\buildings\chs_wall_straight_20m,3,3,100.00,0,0.00,0,0.00,0,0.00,0,0.00,1755466,3,1755466,403560,919568,585155.33,0,,
directory_depth_3,rigidmodels\buildings\chs_wall_straight_20m_01,1,1,100.00,0,0.00,0,0.00,0,0.00,0,0.00,526830,1,526830,526830,526830,526830.00,0,,
directory_depth_3,rigidmodels\buildings\chs_wall_tower,3,3,100.00,0,0.00,0,0.00,0,0.00,0,0.00,3418312,3,3418312,920836,1433836,1139437.33,0,,
directory_depth_3,rigidmodels\buildings\chs_wall_tower_01,3,3,100.00,0,0.00,0,0.00,0,0.00,0,0.00,3418312,3,3418312,920836,1433836,1139437.33,0,,
directory_depth_3,rigidmodels\buildings\chs_wall_tower_02,3,3,100.00,0,0.00,0,0.00,0,0.00,0,0.00,3418312,3,3418312,920836,1433836,1139437.33,0,,
directory_depth_3,rigidmodels\buildings\chs_wall_tower_03,3,3,100.00,0,0.00,0,0.00,0,0.00,0,0.00,3418312,3,3418312,920836,1433836,1139437.33,0,,
directory_depth_3,rigidmodels\buildings\chs_webbing_01_a,1,1,100.00,0,0.00,0,0.00,0,0.00,0,0.00,48452,1,48452,48452,48452,48452.00,0,,
directory_depth_3,rigidmodels\buildings\chs_webbing_01_b,1,1,100.00,0,0.00,0,0.00,0,0.00,0,0.00,47464,1,47464,47464,47464,47464.00,0,,
directory_depth_3,rigidmodels\buildings\chs_webbing_01_c,1,1,100.00,0,0.00,0,0.00,0,0.00,0,0.00,48048,1,48048,48048,48048,48048.00,0,,
directory_depth_3,rigidmodels\buildings\chs_webbing_02_a,1,1,100.00,0,0.00,0,0.00,0,0.00,0,0.00,60924,1,60924,60924,60924,60924.00,0,,
directory_depth_3,rigidmodels\buildings\chs_webbing_02_b,1,1,100.00,0,0.00,0,0.00,0,0.00,0,0.00,58060,1,58060,58060,58060,58060.00,0,,
directory_depth_3,rigidmodels\buildings\chs_webbing_02_c,1,1,100.00,0,0.00,0,0.00,0,0.00,0,0.00,58720,1,58720,58720,58720,58720.00,0,,
directory_depth_3,rigidmodels\buildings\chs_webbing_03_a,1,1,100.00,0,0.00,0,0.00,0,0.00,0,0.00,57284,1,57284,57284,57284,57284.00,0,,
directory_depth_3,rigidmodels\buildings\chs_webbing_03_b,1,1,100.00,0,0.00,0,0.00,0,0.00,0,0.00,53636,1,53636,53636,53636,53636.00,0,,
directory_depth_3,rigidmodels\buildings\chs_webbing_03_c,1,1,100.00,0,0.00,0,0.00,0,0.00,0,0.00,55900,1,55900,55900,55900,55900.00,0,,
directory_depth_3,rigidmodels\buildings\cinematic_coast_treasure_chalice,1,1,100.00,0,0.00,0,0.00,0,0.00,0,0.00,78384,1,78384,78384,78384,78384.00,0,,
directory_depth_3,rigidmodels\buildings\cinematic_coast_treasure_chest_lid,1,1,100.00,0,0.00,0,0.00,0,0.00,0,0.00,82584,1,82584,82584,82584,82584.00,0,,
directory_depth_3,rigidmodels\buildings\cinematic_coast_treasure_chest_trunk,1,1,100.00,0,0.00,0,0.00,0,0.00,0,0.00,73444,1,73444,73444,73444,73444.00,0,,
directory_depth_3,rigidmodels\buildings\cinematic_coast_treasure_goldpile_a,1,1,100.00,0,0.00,0,0.00,0,0.00,0,0.00,878432,1,878432,878432,878432,878432.00,0,,
directory_depth_3,rigidmodels\buildings\cinematics_bst_cage_empty,1,1,100.00,0,0.00,0,0.00,0,0.00,0,0.00,1641636,1,1641636,1641636,1641636,1641636.00,0,,
directory_depth_3,rigidmodels\buildings\cinematics_wef_waystone_a,1,1,100.00,0,0.00,0,0.00,0,0.00,0,0.00,381968,1,381968,381968,381968,381968.00,0,,
directory_depth_3,rigidmodels\buildings\crack_01,1,1,100.00,0,0.00,0,0.00,0,0.00,0,0.00,91300,1,91300,91300,91300,91300.00,0,,
directory_depth_3,rigidmodels\buildings\crack_02,1,1,100.00,0,0.00,0,0.00,0,0.00,0,0.00,91300,1,91300,91300,91300,91300.00,0,,
directory_depth_3,rigidmodels\buildings\cst_barricade_blocker_01,2,2,100.00,0,0.00,0,0.00,0,0.00,0,0.00,188730,2,188730,91654,97076,94365.00,0,,
directory_depth_3,rigidmodels\buildings\cst_barricade_monument_01,2,2,100.00,0,0.00,0,0.00,0,0.00,0,0.00,25520,2,25520,12716,12804,12760.00,0,,
directory_depth_3,rigidmodels\buildings\cst_barricade_platform_01,3,3,100.00,0,0.00,0,0.00,0,0.00,0,0.00,1117144,3,1117144,318532,441652,372381.33,0,,
directory_depth_3,rigidmodels\buildings\cst_barricade_trap_01,2,2,100.00,0,0.00,0,0.00,0,0.00,0,0.00,530814,2,530814,247504,283310,265407.00,0,,
directory_depth_3,rigidmodels\buildings\cst_batteringram,3,3,100.00,0,0.00,0,0.00,0,0.00,0,0.00,2219298,3,2219298,387360,947526,739766.00,0,,
directory_depth_3,rigidmodels\buildings\cst_siege_tower_15m,6,6,100.00,0,0.00,0,0.00,0,0.00,0,0.00,5127340,6,5127340,38124,2947812,854556.67,0,,
directory_depth_3,rigidmodels\buildings\cst_tower_placement_01,2,2,100.00,0,0.00,0,0.00,0,0.00,0,0.00,4728658,2,4728658,1716788,3011870,2364329.00,0,,
directory_depth_3,rigidmodels\buildings\cst_tower_placement_02,2,2,100.00,0,0.00,0,0.00,0,0.00,0,0.00,4728658,2,4728658,1716788,3011870,2364329.00,0,,
directory_depth_3,rigidmodels\buildings\cst_tower_placement_03,2,2,100.00,0,0.00,0,0.00,0,0.00,0,0.00,4728658,2,4728658,1716788,3011870,2364329.00,0,,
directory_depth_3,rigidmodels\buildings\cst_tower_placement_04,2,2,100.00,0,0.00,0,0.00,0,0.00,0,0.00,4728658,2,4728658,1716788,3011870,2364329.00,0,,
directory_depth_3,rigidmodels\buildings\cth_barricade_blocker_01,2,2,100.00,0,0.00,0,0.00,0,0.00,0,0.00,188730,2,188730,91654,97076,94365.00,0,,
directory_depth_3,rigidmodels\buildings\cth_barricade_monument_01,2,2,100.00,0,0.00,0,0.00,0,0.00,0,0.00,25520,2,25520,12716,12804,12760.00,0,,
directory_depth_3,rigidmodels\buildings\cth_barricade_platform_01,3,3,100.00,0,0.00,0,0.00,0,0.00,0,0.00,1119244,3,1119244,318592,443632,373081.33,0,,
directory_depth_3,rigidmodels\buildings\cth_barricade_trap_01,2,2,100.00,0,0.00,0,0.00,0,0.00,0,0.00,530814,2,530814,247504,283310,265407.00,0,,
directory_depth_3,rigidmodels\buildings\cth_batteringram,5,5,100.00,0,0.00,0,0.00,0,0.00,0,0.00,1466140,5,1466140,73184,533360,293228.00,0,,
directory_depth_3,rigidmodels\buildings\cth_bedrock_01a,1,1,100.00,0,0.00,0,0.00,0,0.00,0,0.00,33072,1,33072,33072,33072,33072.00,0,,
directory_depth_3,rigidmodels\buildings\cth_bedrock_01b,1,1,100.00,0,0.00,0,0.00,0,0.00,0,0.00,52620,1,52620,52620,52620,52620.00,0,,
directory_depth_3,rigidmodels\buildings\cth_bedrock_01c,1,1,100.00,0,0.00,0,0.00,0,0.00,0,0.00,142574,1,142574,142574,142574,142574.00,0,,
directory_depth_3,rigidmodels\buildings\cth_bedrock_01d,1,1,100.00,0,0.00,0,0.00,0,0.00,0,0.00,103664,1,103664,103664,103664,103664.00,0,,
directory_depth_3,rigidmodels\buildings\cth_bedrock_01e,1,1,100.00,0,0.00,0,0.00,0,0.00,0,0.00,217430,1,217430,217430,217430,217430.00,0,,
directory_depth_3,rigidmodels\buildings\cth_bedrock_01f,1,1,100.00,0,0.00,0,0.00,0,0.00,0,0.00,247644,1,247644,247644,247644,247644.00,0,,
directory_depth_3,rigidmodels\buildings\cth_boulder_01,1,1,100.00,0,0.00,0,0.00,0,0.00,0,0.00,35612,1,35612,35612,35612,35612.00,0,,
directory_depth_3,rigidmodels\buildings\cth_boulder_02,1,1,100.00,0,0.00,0,0.00,0,0.00,0,0.00,38432,1,38432,38432,38432,38432.00,0,,
directory_depth_3,rigidmodels\buildings\cth_boulder_03,1,1,100.00,0,0.00,0,0.00,0,0.00,0,0.00,32216,1,32216,32216,32216,32216.00,0,,
directory_depth_3,rigidmodels\buildings\cth_boulder_04,1,1,100.00,0,0.00,0,0.00,0,0.00,0,0.00,74012,1,74012,74012,74012,74012.00,0,,
directory_depth_3,rigidmodels\buildings\cth_boulder_05,1,1,100.00,0,0.00,0,0.00,0,0.00,0,0.00,57644,1,57644,57644,57644,57644.00,0,,
directory_depth_3,rigidmodels\buildings\cth_boulder_06,1,1,100.00,0,0.00,0,0.00,0,0.00,0,0.00,71900,1,71900,71900,71900,71900.00,0,,
directory_depth_3,rigidmodels\buildings\cth_bridge_110m_01,1,1,100.00,0,0.00,0,0.00,0,0.00,0,0.00,1562092,1,1562092,1562092,1562092,1562092.00,0,,
directory_depth_3,rigidmodels\buildings\cth_bridge_110m_01_v2,1,1,100.00,0,0.00,0,0.00,0,0.00,0,0.00,1562092,1,1562092,1562092,1562092,1562092.00,0,,
directory_depth_3,rigidmodels\buildings\cth_bridge_110m_01_v2_nologic,1,1,100.00,0,0.00,0,0.00,0,0.00,0,0.00,1562092,1,1562092,1562092,1562092,1562092.00,0,,
directory_depth_3,rigidmodels\buildings\cth_cliffblock_01a,1,1,100.00,0,0.00,0,0.00,0,0.00,0,0.00,590604,1,590604,590604,590604,590604.00,0,,
directory_depth_3,rigidmodels\buildings\cth_cliffwall_01,1,1,100.00,0,0.00,0,0.00,0,0.00,0,0.00,445288,1,445288,445288,445288,445288.00,0,,
directory_depth_3,rigidmodels\buildings\cth_cliffwall_02,1,1,100.00,0,0.00,0,0.00,0,0.00,0,0.00,455844,1,455844,455844,455844,455844.00,0,,
directory_depth_3,rigidmodels\buildings\cth_cliffwall_03,1,1,100.00,0,0.00,0,0.00,0,0.00,0,0.00,259688,1,259688,259688,259688,259688.00,0,,
directory_depth_3,rigidmodels\buildings\cth_flag_streamer_01,1,1,100.00,0,0.00,0,0.00,0,0.00,0,0.00,28060,1,28060,28060,28060,28060.00,0,,
directory_depth_3,rigidmodels\buildings\cth_flag_streamer_large_01,1,1,100.00,0,0.00,0,0.00,0,0.00,0,0.00,28060,1,28060,28060,28060,28060.00,0,,
directory_depth_3,rigidmodels\buildings\cth_great_bastion_wall_bastion_01,1,1,100.00,0,0.00,0,0.00,0,0.00,0,0.00,45428,1,45428,45428,45428,45428.00,0,,
directory_depth_3,rigidmodels\buildings\cth_great_bastion_wall_buttress_01,1,1,100.00,0,0.00,0,0.00,0,0.00,0,0.00,6444,1,6444,6444,6444,6444.00,0,,
directory_depth_3,rigidmodels\buildings\cth_great_bastion_wall_curve_45_01,1,1,100.00,0,0.00,0,0.00,0,0.00,0,0.00,134420,1,134420,134420,134420,134420.00,0,,
directory_depth_3,rigidmodels\buildings\cth_great_bastion_wall_curve_45_02,1,1,100.00,0,0.00,0,0.00,0,0.00,0,0.00,134452,1,134452,134452,134452,134452.00,0,,
directory_depth_3,rigidmodels\buildings\cth_great_bastion_wall_gateway_01,1,1,100.00,0,0.00,0,0.00,0,0.00,0,0.00,106340,1,106340,106340,106340,106340.00,0,,
directory_depth_3,rigidmodels\buildings\cth_great_bastion_wall_straight_01,1,1,100.00,0,0.00,0,0.00,0,0.00,0,0.00,58900,1,58900,58900,58900,58900.00,0,,
directory_depth_3,rigidmodels\buildings\cth_hero_building_01,1,1,100.00,0,0.00,0,0.00,0,0.00,0,0.00,1962532,1,1962532,1962532,1962532,1962532.00,0,,
directory_depth_3,rigidmodels\buildings\cth_hero_building_01_add_tower,1,1,100.00,0,0.00,0,0.00,0,0.00,0,0.00,20012,1,20012,20012,20012,20012.00,0,,
directory_depth_3,rigidmodels\buildings\cth_hero_building_02,1,1,100.00,0,0.00,0,0.00,0,0.00,0,0.00,1436054,1,1436054,1436054,1436054,1436054.00,0,,
directory_depth_3,rigidmodels\buildings\cth_hero_building_02_add_tower,1,1,100.00,0,0.00,0,0.00,0,0.00,0,0.00,18892,1,18892,18892,18892,18892.00,0,,
directory_depth_3,rigidmodels\buildings\cth_hero_building_03,1,1,100.00,0,0.00,0,0.00,0,0.00,0,0.00,949878,1,949878,949878,949878,949878.00,0,,
directory_depth_3,rigidmodels\buildings\cth_hero_building_04,1,1,100.00,0,0.00,0,0.00,0,0.00,0,0.00,1208270,1,1208270,1208270,1208270,1208270.00,0,,
directory_depth_3,rigidmodels\buildings\cth_hero_building_05_add_tower,1,1,100.00,0,0.00,0,0.00,0,0.00,0,0.00,19196,1,19196,19196,19196,19196.00,0,,
directory_depth_3,rigidmodels\buildings\cth_hero_building_05a,1,1,100.00,0,0.00,0,0.00,0,0.00,0,0.00,700778,1,700778,700778,700778,700778.00,0,,
directory_depth_3,rigidmodels\buildings\cth_hero_building_05b,1,1,100.00,0,0.00,0,0.00,0,0.00,0,0.00,726134,1,726134,726134,726134,726134.00,0,,
directory_depth_3,rigidmodels\buildings\cth_hero_building_06,1,1,100.00,0,0.00,0,0.00,0,0.00,0,0.00,1119058,1,1119058,1119058,1119058,1119058.00,0,,
directory_depth_3,rigidmodels\buildings\cth_hero_building_07,1,1,100.00,0,0.00,0,0.00,0,0.00,0,0.00,896812,1,896812,896812,896812,896812.00,0,,
directory_depth_3,rigidmodels\buildings\cth_hero_building_08,1,1,100.00,0,0.00,0,0.00,0,0.00,0,0.00,583734,1,583734,583734,583734,583734.00,0,,
directory_depth_3,rigidmodels\buildings\cth_hero_building_08_add_base,1,1,100.00,0,0.00,0,0.00,0,0.00,0,0.00,58600,1,58600,58600,58600,58600.00,0,,
directory_depth_3,rigidmodels\buildings\cth_hero_building_09,1,1,100.00,0,0.00,0,0.00,0,0.00,0,0.00,462590,1,462590,462590,462590,462590.00,0,,
directory_depth_3,rigidmodels\buildings\cth_hero_building_10,1,1,100.00,0,0.00,0,0.00,0,0.00,0,0.00,380120,1,380120,380120,380120,380120.00,0,,
directory_depth_3,rigidmodels\buildings\cth_hero_building_11,1,1,100.00,0,0.00,0,0.00,0,0.00,0,0.00,509046,1,509046,509046,509046,509046.00,0,,
directory_depth_3,rigidmodels\buildings\cth_hero_building_12,1,1,100.00,0,0.00,0,0.00,0,0.00,0,0.00,789992,1,789992,789992,789992,789992.00,0,,
directory_depth_3,rigidmodels\buildings\cth_hero_building_13,1,1,100.00,0,0.00,0,0.00,0,0.00,0,0.00,429376,1,429376,429376,429376,429376.00,0,,
directory_depth_3,rigidmodels\buildings\cth_hero_building_14,1,1,100.00,0,0.00,0,0.00,0,0.00,0,0.00,759708,1,759708,759708,759708,759708.00,0,,
directory_depth_3,rigidmodels\buildings\cth_hero_building_balcony_open_10m,1,1,100.00,0,0.00,0,0.00,0,0.00,0,0.00,81602,1,81602,81602,81602,81602.00,0,,
directory_depth_3,rigidmodels\buildings\cth_hero_building_balcony_steps_01,1,1,100.00,0,0.00,0,0.00,0,0.00,0,0.00,113224,1,113224,113224,113224,113224.00,0,,
directory_depth_3,rigidmodels\buildings\cth_hero_building_balcony_straight_10m,1,1,100.00,0,0.00,0,0.00,0,0.00,0,0.00,65446,1,65446,65446,65446,65446.00,0,,
directory_depth_3,rigidmodels\buildings\cth_hero_building_doorway_01,1,1,100.00,0,0.00,0,0.00,0,0.00,0,0.00,328204,1,328204,328204,328204,328204.00,0,,
directory_depth_3,rigidmodels\buildings\cth_hero_building_doorway_02,1,1,100.00,0,0.00,0,0.00,0,0.00,0,0.00,110302,1,110302,110302,110302,110302.00,0,,
directory_depth_3,rigidmodels\buildings\cth_hero_cablecar_01,1,1,100.00,0,0.00,0,0.00,0,0.00,0,0.00,623834,1,623834,623834,623834,623834.00,0,,
directory_depth_3,rigidmodels\buildings\cth_hero_cwall01_short_corner_01,1,1,100.00,0,0.00,0,0.00,0,0.00,0,0.00,184616,1,184616,184616,184616,184616.00,0,,
directory_depth_3,rigidmodels\buildings\cth_hero_cwall01_short_pillar_01,1,1,100.00,0,0.00,0,0.00,0,0.00,0,0.00,112108,1,112108,112108,112108,112108.00,0,,
directory_depth_3,rigidmodels\buildings\cth_hero_cwall01_short_straight_01,1,1,100.00,0,0.00,0,0.00,0,0.00,0,0.00,84748,1,84748,84748,84748,84748.00,0,,
directory_depth_3,rigidmodels\buildings\cth_hero_cwall01_short_straight_02,1,1,100.00,0,0.00,0,0.00,0,0.00,0,0.00,90248,1,90248,90248,90248,90248.00,0,,
directory_depth_3,rigidmodels\buildings\cth_hero_cwall01_tall_corner_01,1,1,100.00,0,0.00,0,0.00,0,0.00,0,0.00,128996,1,128996,128996,128996,128996.00,0,,
directory_depth_3,rigidmodels\buildings\cth_hero_cwall01_tall_pillar_01,1,1,100.00,0,0.00,0,0.00,0,0.00,0,0.00,90240,1,90240,90240,90240,90240.00,0,,
directory_depth_3,rigidmodels\buildings\cth_hero_cwall01_tall_stepped_down,1,1,100.00,0,0.00,0,0.00,0,0.00,0,0.00,171508,1,171508,171508,171508,171508.00,0,,
directory_depth_3,rigidmodels\buildings\cth_hero_cwall01_tall_stepped_up,1,1,100.00,0,0.00,0,0.00,0,0.00,0,0.00,171470,1,171470,171470,171470,171470.00,0,,
directory_depth_3,rigidmodels\buildings\cth_hero_cwall01_tall_straight_01,1,1,100.00,0,0.00,0,0.00,0,0.00,0,0.00,42816,1,42816,42816,42816,42816.00,0,,
directory_depth_3,rigidmodels\buildings\cth_hero_gate_01,1,1,100.00,0,0.00,0,0.00,0,0.00,0,0.00,976500,1,976500,976500,976500,976500.00,0,,
directory_depth_3,rigidmodels\buildings\cth_hero_gate_02,1,1,100.00,0,0.00,0,0.00,0,0.00,0,0.00,2444102,1,2444102,2444102,2444102,2444102.00,0,,
directory_depth_3,rigidmodels\buildings\cth_hero_gate_03,1,1,100.00,0,0.00,0,0.00,0,0.00,0,0.00,1503790,1,1503790,1503790,1503790,1503790.00,0,,
directory_depth_3,rigidmodels\buildings\cth_hero_groundpiece_01_10m,1,1,100.00,0,0.00,0,0.00,0,0.00,0,0.00,3116,1,3116,3116,3116,3116.00,0,,
directory_depth_3,rigidmodels\buildings\cth_hero_groundpiece_01_20m,1,1,100.00,0,0.00,0,0.00,0,0.00,0,0.00,3116,1,3116,3116,3116,3116.00,0,,
directory_depth_3,rigidmodels\buildings\cth_hero_large_01,1,1,100.00,0,0.00,0,0.00,0,0.00,0,0.00,136564,1,136564,136564,136564,136564.00,0,,
directory_depth_3,rigidmodels\buildings\cth_hero_large_02,1,1,100.00,0,0.00,0,0.00,0,0.00,0,0.00,69884,1,69884,69884,69884,69884.00,0,,
directory_depth_3,rigidmodels\buildings\cth_hero_large_archway_01,1,1,100.00,0,0.00,0,0.00,0,0.00,0,0.00,315854,1,315854,315854,315854,315854.00,0,,
directory_depth_3,rigidmodels\buildings\cth_hero_large_support_pillar_01,1,1,100.00,0,0.00,0,0.00,0,0.00,0,0.00,46276,1,46276,46276,46276,46276.00,0,,
directory_depth_3,rigidmodels\buildings\cth_hero_large_support_pillar_02,1,1,100.00,0,0.00,0,0.00,0,0.00,0,0.00,51516,1,51516,51516,51516,51516.00,0,,
directory_depth_3,rigidmodels\buildings\cth_hero_large_support_pillar_03,1,1,100.00,0,0.00,0,0.00,0,0.00,0,0.00,52240,1,52240,52240,52240,52240.00,0,,
directory_depth_3,rigidmodels\buildings\cth_hero_large_wall01_tall_corner,1,1,100.00,0,0.00,0,0.00,0,0.00,0,0.00,23310,1,23310,23310,23310,23310.00,0,,
directory_depth_3,rigidmodels\buildings\cth_hero_large_wall01_tall_straight_20m,1,1,100.00,0,0.00,0,0.00,0,0.00,0,0.00,12460,1,12460,12460,12460,12460.00,0,,
directory_depth_3,rigidmodels\buildings\cth_hero_steps_steep_01,1,1,100.00,0,0.00,0,0.00,0,0.00,0,0.00,101620,1,101620,101620,101620,101620.00,0,,
directory_depth_3,rigidmodels\buildings\cth_hero_support_counterweight_01,1,1,100.00,0,0.00,0,0.00,0,0.00,0,0.00,69310,1,69310,69310,69310,69310.00,0,,
directory_depth_3,rigidmodels\buildings\cth_infield_building_01,1,1,100.00,0,0.00,0,0.00,0,0.00,0,0.00,530110,1,530110,530110,530110,530110.00,0,,
directory_depth_3,rigidmodels\buildings\cth_infield_building_02,1,1,100.00,0,0.00,0,0.00,0,0.00,0,0.00,809480,1,809480,809480,809480,809480.00,0,,
directory_depth_3,rigidmodels\buildings\cth_infield_building_03,1,1,100.00,0,0.00,0,0.00,0,0.00,0,0.00,1226758,1,1226758,1226758,1226758,1226758.00,0,,
directory_depth_3,rigidmodels\buildings\cth_infield_building_04,1,1,100.00,0,0.00,0,0.00,0,0.00,0,0.00,932140,1,932140,932140,932140,932140.00,0,,
directory_depth_3,rigidmodels\buildings\cth_infield_building_05,1,1,100.00,0,0.00,0,0.00,0,0.00,0,0.00,451616,1,451616,451616,451616,451616.00,0,,
directory_depth_3,rigidmodels\buildings\cth_infield_building_06,1,1,100.00,0,0.00,0,0.00,0,0.00,0,0.00,605584,1,605584,605584,605584,605584.00,0,,
directory_depth_3,rigidmodels\buildings\cth_infield_building_07,1,1,100.00,0,0.00,0,0.00,0,0.00,0,0.00,462854,1,462854,462854,462854,462854.00,0,,
directory_depth_3,rigidmodels\buildings\cth_infield_building_08,1,1,100.00,0,0.00,0,0.00,0,0.00,0,0.00,405012,1,405012,405012,405012,405012.00,0,,
directory_depth_3,rigidmodels\buildings\cth_infield_building_09,1,1,100.00,0,0.00,0,0.00,0,0.00,0,0.00,239160,1,239160,239160,239160,239160.00,0,,
directory_depth_3,rigidmodels\buildings\cth_infield_building_10,1,1,100.00,0,0.00,0,0.00,0,0.00,0,0.00,138194,1,138194,138194,138194,138194.00,0,,
directory_depth_3,rigidmodels\buildings\cth_infield_building_11,1,1,100.00,0,0.00,0,0.00,0,0.00,0,0.00,172752,1,172752,172752,172752,172752.00,0,,
directory_depth_3,rigidmodels\buildings\cth_infield_building_12,1,1,100.00,0,0.00,0,0.00,0,0.00,0,0.00,137840,1,137840,137840,137840,137840.00,0,,
directory_depth_3,rigidmodels\buildings\cth_infield_building_13,1,1,100.00,0,0.00,0,0.00,0,0.00,0,0.00,141726,1,141726,141726,141726,141726.00,0,,
directory_depth_3,rigidmodels\buildings\cth_infield_building_14,1,1,100.00,0,0.00,0,0.00,0,0.00,0,0.00,94720,1,94720,94720,94720,94720.00,0,,
directory_depth_3,rigidmodels\buildings\cth_infield_building_15,1,1,100.00,0,0.00,0,0.00,0,0.00,0,0.00,74620,1,74620,74620,74620,74620.00,0,,
directory_depth_3,rigidmodels\buildings\cth_infield_building_doorway_01,1,1,100.00,0,0.00,0,0.00,0,0.00,0,0.00,335548,1,335548,335548,335548,335548.00,0,,
directory_depth_3,rigidmodels\buildings\cth_infield_building_doorway_02,1,1,100.00,0,0.00,0,0.00,0,0.00,0,0.00,111262,1,111262,111262,111262,111262.00,0,,
directory_depth_3,rigidmodels\buildings\cth_infield_cwall01_short_corner_01,1,1,100.00,0,0.00,0,0.00,0,0.00,0,0.00,184264,1,184264,184264,184264,184264.00,0,,
directory_depth_3,rigidmodels\buildings\cth_infield_cwall01_short_gateway_01,1,1,100.00,0,0.00,0,0.00,0,0.00,0,0.00,224808,1,224808,224808,224808,224808.00,0,,
directory_depth_3,rigidmodels\buildings\cth_infield_cwall01_short_pillar_01,1,1,100.00,0,0.00,0,0.00,0,0.00,0,0.00,112780,1,112780,112780,112780,112780.00,0,,
directory_depth_3,rigidmodels\buildings\cth_infield_cwall01_short_straight_01_10m,1,1,100.00,0,0.00,0,0.00,0,0.00,0,0.00,84716,1,84716,84716,84716,84716.00,0,,
directory_depth_3,rigidmodels\buildings\cth_infield_cwall01_short_straight_02_10m,1,1,100.00,0,0.00,0,0.00,0,0.00,0,0.00,90248,1,90248,90248,90248,90248.00,0,,
directory_depth_3,rigidmodels\buildings\cth_infield_cwall02_short_corner_01,1,1,100.00,0,0.00,0,0.00,0,0.00,0,0.00,184264,1,184264,184264,184264,184264.00,0,,
directory_depth_3,rigidmodels\buildings\cth_infield_cwall02_short_gateway_01,1,1,100.00,0,0.00,0,0.00,0,0.00,0,0.00,224808,1,224808,224808,224808,224808.00,0,,
directory_depth_3,rigidmodels\buildings\cth_infield_cwall02_short_pillar_01,1,1,100.00,0,0.00,0,0.00,0,0.00,0,0.00,112780,1,112780,112780,112780,112780.00,0,,
directory_depth_3,rigidmodels\buildings\cth_infield_cwall02_short_praywheel_01,1,1,100.00,0,0.00,0,0.00,0,0.00,0,0.00,730084,1,730084,730084,730084,730084.00,0,,
directory_depth_3,rigidmodels\buildings\cth_infield_cwall02_short_praywheel_02,1,1,100.00,0,0.00,0,0.00,0,0.00,0,0.00,439736,1,439736,439736,439736,439736.00,0,,
directory_depth_3,rigidmodels\buildings\cth_infield_cwall02_short_praywheel_add_01,1,1,100.00,0,0.00,0,0.00,0,0.00,0,0.00,79952,1,79952,79952,79952,79952.00,0,,
directory_depth_3,rigidmodels\buildings\cth_infield_cwall02_short_straight_01_10m,1,1,100.00,0,0.00,0,0.00,0,0.00,0,0.00,84780,1,84780,84780,84780,84780.00,0,,
directory_depth_3,rigidmodels\buildings\cth_infield_cwall02_short_straight_02_10m,1,1,100.00,0,0.00,0,0.00,0,0.00,0,0.00,90248,1,90248,90248,90248,90248.00,0,,
directory_depth_3,rigidmodels\buildings\cth_infield_cwall02_tall_pillar_01,1,1,100.00,0,0.00,0,0.00,0,0.00,0,0.00,112436,1,112436,112436,112436,112436.00,0,,
directory_depth_3,rigidmodels\buildings\cth_infield_gate_01,1,1,100.00,0,0.00,0,0.00,0,0.00,0,0.00,1516046,1,1516046,1516046,1516046,1516046.00,0,,
directory_depth_3,rigidmodels\buildings\cth_infield_rural_building_01,1,1,100.00,0,0.00,0,0.00,0,0.00,0,0.00,417248,1,417248,417248,417248,417248.00,0,,
directory_depth_3,rigidmodels\buildings\cth_infield_rural_building_02,1,1,100.00,0,0.00,0,0.00,0,0.00,0,0.00,300454,1,300454,300454,300454,300454.00,0,,
directory_depth_3,rigidmodels\buildings\cth_infield_rural_building_03,1,1,100.00,0,0.00,0,0.00,0,0.00,0,0.00,385020,1,385020,385020,385020,385020.00,0,,
directory_depth_3,rigidmodels\buildings\cth_infield_rural_building_04,1,1,100.00,0,0.00,0,0.00,0,0.00,0,0.00,276722,1,276722,276722,276722,276722.00,0,,
directory_depth_3,rigidmodels\buildings\cth_infield_rural_building_05,1,1,100.00,0,0.00,0,0.00,0,0.00,0,0.00,167112,1,167112,167112,167112,167112.00,0,,
directory_depth_3,rigidmodels\buildings\cth_infield_rural_building_06,1,1,100.00,0,0.00,0,0.00,0,0.00,0,0.00,141316,1,141316,141316,141316,141316.00,0,,
directory_depth_3,rigidmodels\buildings\cth_infield_rural_building_stilts_01,1,1,100.00,0,0.00,0,0.00,0,0.00,0,0.00,192026,1,192026,192026,192026,192026.00,0,,
directory_depth_3,rigidmodels\buildings\cth_infield_rural_building_stilts_02,1,1,100.00,0,0.00,0,0.00,0,0.00,0,0.00,315628,1,315628,315628,315628,315628.00,0,,
directory_depth_3,rigidmodels\buildings\cth_infield_rural_cwall_01_90corner_01,1,1,100.00,0,0.00,0,0.00,0,0.00,0,0.00,191832,1,191832,191832,191832,191832.00,0,,
directory_depth_3,rigidmodels\buildings\cth_infield_rural_cwall_01_gate_01,1,1,100.00,0,0.00,0,0.00,0,0.00,0,0.00,198608,1,198608,198608,198608,198608.00,0,,
directory_depth_3,rigidmodels\buildings\cth_infield_rural_cwall_01_straight_01_10m,1,1,100.00,0,0.00,0,0.00,0,0.00,0,0.00,96438,1,96438,96438,96438,96438.00,0,,
directory_depth_3,rigidmodels\buildings\cth_infield_structure_floating_01_demolition,50,50,100.00,0,0.00,0,0.00,0,0.00,0,0.00,23035742,50,23035742,12336,5722546,460714.84,0,,
directory_depth_3,rigidmodels\buildings\cth_mudbank_high_straight_01,1,1,100.00,0,0.00,0,0.00,0,0.00,0,0.00,61336,1,61336,61336,61336,61336.00,0,,
directory_depth_3,rigidmodels\buildings\cth_mudbank_high_straight_02,1,1,100.00,0,0.00,0,0.00,0,0.00,0,0.00,63774,1,63774,63774,63774,63774.00,0,,
directory_depth_3,rigidmodels\buildings\cth_mudbank_high_straight_03,1,1,100.00,0,0.00,0,0.00,0,0.00,0,0.00,25312,1,25312,25312,25312,25312.00,0,,
directory_depth_3,rigidmodels\buildings\cth_mudbank_low_straight_01,1,1,100.00,0,0.00,0,0.00,0,0.00,0,0.00,33298,1,33298,33298,33298,33298.00,0,,
directory_depth_3,rigidmodels\buildings\cth_mudbank_low_straight_02,1,1,100.00,0,0.00,0,0.00,0,0.00,0,0.00,40024,1,40024,40024,40024,40024.00,0,,
directory_depth_3,rigidmodels\buildings\cth_mudbank_low_straight_03,1,1,100.00,0,0.00,0,0.00,0,0.00,0,0.00,39738,1,39738,39738,39738,39738.00,0,,
directory_depth_3,rigidmodels\buildings\cth_mudbank_low_straight_04,1,1,100.00,0,0.00,0,0.00,0,0.00,0,0.00,39528,1,39528,39528,39528,39528.00,0,,
directory_depth_3,rigidmodels\buildings\cth_prop_banner_01,1,1,100.00,0,0.00,0,0.00,0,0.00,0,0.00,56464,1,56464,56464,56464,56464.00,0,,
directory_depth_3,rigidmodels\buildings\cth_prop_banner_02,1,1,100.00,0,0.00,0,0.00,0,0.00,0,0.00,47352,1,47352,47352,47352,47352.00,0,,
directory_depth_3,rigidmodels\buildings\cth_prop_banner_03,1,1,100.00,0,0.00,0,0.00,0,0.00,0,0.00,5604,1,5604,5604,5604,5604.00,0,,
directory_depth_3,rigidmodels\buildings\cth_prop_banner_04,1,1,100.00,0,0.00,0,0.00,0,0.00,0,0.00,7784,1,7784,7784,7784,7784.00,0,,
directory_depth_3,rigidmodels\buildings\cth_prop_bench_01,3,3,100.00,0,0.00,0,0.00,0,0.00,0,0.00,112884,3,112884,29260,48368,37628.00,0,,
directory_depth_3,rigidmodels\buildings\cth_prop_bench_chair_01,3,3,100.00,0,0.00,0,0.00,0,0.00,0,0.00,31800,3,31800,5960,19664,10600.00,0,,
directory_depth_3,rigidmodels\buildings\cth_prop_billboard_01,1,1,100.00,0,0.00,0,0.00,0,0.00,0,0.00,18692,1,18692,18692,18692,18692.00,0,,
directory_depth_3,rigidmodels\buildings\cth_prop_billboard_02,1,1,100.00,0,0.00,0,0.00,0,0.00,0,0.00,11552,1,11552,11552,11552,11552.00,0,,
directory_depth_3,rigidmodels\buildings\cth_prop_billboard_03,1,1,100.00,0,0.00,0,0.00,0,0.00,0,0.00,19812,1,19812,19812,19812,19812.00,0,,
directory_depth_3,rigidmodels\buildings\cth_prop_billboard_04,1,1,100.00,0,0.00,0,0.00,0,0.00,0,0.00,7456,1,7456,7456,7456,7456.00,0,,
directory_depth_3,rigidmodels\buildings\cth_prop_billboard_05,1,1,100.00,0,0.00,0,0.00,0,0.00,0,0.00,7176,1,7176,7176,7176,7176.00,0,,
directory_depth_3,rigidmodels\buildings\cth_prop_boat_junk_medium_01,1,1,100.00,0,0.00,0,0.00,0,0.00,0,0.00,2253500,1,2253500,2253500,2253500,2253500.00,0,,
directory_depth_3,rigidmodels\buildings\cth_prop_boat_small_01,1,1,100.00,0,0.00,0,0.00,0,0.00,0,0.00,63264,1,63264,63264,63264,63264.00,0,,
directory_depth_3,rigidmodels\buildings\cth_prop_boat_small_02,1,1,100.00,0,0.00,0,0.00,0,0.00,0,0.00,38168,1,38168,38168,38168,38168.00,0,,
directory_depth_3,rigidmodels\buildings\cth_prop_bridge_small_01,1,1,100.00,0,0.00,0,0.00,0,0.00,0,0.00,212302,1,212302,212302,212302,212302.00,0,,
directory_depth_3,rigidmodels\buildings\cth_prop_bridge_small_02,1,1,100.00,0,0.00,0,0.00,0,0.00,0,0.00,215038,1,215038,215038,215038,215038.00,0,,
directory_depth_3,rigidmodels\buildings\cth_prop_cable_long_60m,1,1,100.00,0,0.00,0,0.00,0,0.00,0,0.00,10964,1,10964,10964,10964,10964.00,0,,
directory_depth_3,rigidmodels\buildings\cth_prop_cable_long_curved_120m,1,1,100.00,0,0.00,0,0.00,0,0.00,0,0.00,17236,1,17236,17236,17236,17236.00,0,,
directory_depth_3,rigidmodels\buildings\cth_prop_canopy_01,3,3,100.00,0,0.00,0,0.00,0,0.00,0,0.00,111902,3,111902,30822,50176,37300.67,0,,
directory_depth_3,rigidmodels\buildings\cth_prop_canopy_02,3,3,100.00,0,0.00,0,0.00,0,0.00,0,0.00,110254,3,110254,25872,55702,36751.33,0,,
directory_depth_3,rigidmodels\buildings\cth_prop_canopy_03,3,3,100.00,0,0.00,0,0.00,0,0.00,0,0.00,289268,3,289268,65880,119190,96422.67,0,,
directory_depth_3,rigidmodels\buildings\cth_prop_canopy_04,1,1,100.00,0,0.00,0,0.00,0,0.00,0,0.00,20228,1,20228,20228,20228,20228.00,0,,
directory_depth_3,rigidmodels\buildings\cth_prop_drum_01,1,1,100.00,0,0.00,0,0.00,0,0.00,0,0.00,190672,1,190672,190672,190672,190672.00,0,,
directory_depth_3,rigidmodels\buildings\cth_prop_drum_small_01,1,1,100.00,0,0.00,0,0.00,0,0.00,0,0.00,181984,1,181984,181984,181984,181984.00,0,,
directory_depth_3,rigidmodels\buildings\cth_prop_drum_withstand_01,1,1,100.00,0,0.00,0,0.00,0,0.00,0,0.00,252356,1,252356,252356,252356,252356.00,0,,
directory_depth_3,rigidmodels\buildings\cth_prop_drum_withstand_02,1,1,100.00,0,0.00,0,0.00,0,0.00,0,0.00,168574,1,168574,168574,168574,168574.00,0,,
directory_depth_3,rigidmodels\buildings\cth_prop_fence_01_10m,3,3,100.00,0,0.00,0,0.00,0,0.00,0,0.00,180400,3,180400,39404,74220,60133.33,0,,
directory_depth_3,rigidmodels\buildings\cth_prop_fence_01_20m,3,3,100.00,0,0.00,0,0.00,0,0.00,0,0.00,304600,3,304600,65452,135084,101533.33,0,,
directory_depth_3,rigidmodels\buildings\cth_prop_hero_toriigate_01,1,1,100.00,0,0.00,0,0.00,0,0.00,0,0.00,110698,1,110698,110698,110698,110698.00,0,,
directory_depth_3,rigidmodels\buildings\cth_prop_ladder_01,1,1,100.00,0,0.00,0,0.00,0,0.00,0,0.00,30060,1,30060,30060,30060,30060.00,0,,
directory_depth_3,rigidmodels\buildings\cth_prop_lanterns_02,1,1,100.00,0,0.00,0,0.00,0,0.00,0,0.00,154190,1,154190,154190,154190,154190.00,0,,
directory_depth_3,rigidmodels\buildings\cth_prop_lanterns_03,1,1,100.00,0,0.00,0,0.00,0,0.00,0,0.00,32940,1,32940,32940,32940,32940.00,0,,
directory_depth_3,rigidmodels\buildings\cth_prop_lanterns_04,3,3,100.00,0,0.00,0,0.00,0,0.00,0,0.00,515516,3,515516,84004,330016,171838.67,0,,
directory_depth_3,rigidmodels\buildings\cth_prop_lanterns_small_string_01,1,1,100.00,0,0.00,0,0.00,0,0.00,0,0.00,50262,1,50262,50262,50262,50262.00,0,,
directory_depth_3,rigidmodels\buildings\cth_prop_lanterns_small_string_02,1,1,100.00,0,0.00,0,0.00,0,0.00,0,0.00,68964,1,68964,68964,68964,68964.00,0,,
directory_depth_3,rigidmodels\buildings\cth_prop_lanterns_small_string_03,1,1,100.00,0,0.00,0,0.00,0,0.00,0,0.00,107488,1,107488,107488,107488,107488.00,0,,
directory_depth_3,rigidmodels\buildings\cth_prop_lanterns_string_01,1,1,100.00,0,0.00,0,0.00,0,0.00,0,0.00,64412,1,64412,64412,64412,64412.00,0,,
directory_depth_3,rigidmodels\buildings\cth_prop_lanterns_string_02,1,1,100.00,0,0.00,0,0.00,0,0.00,0,0.00,97756,1,97756,97756,97756,97756.00,0,,
directory_depth_3,rigidmodels\buildings\cth_prop_large_cog_01,1,1,100.00,0,0.00,0,0.00,0,0.00,0,0.00,560808,1,560808,560808,560808,560808.00,0,,
directory_depth_3,rigidmodels\buildings\cth_prop_large_cog_aframe_01,1,1,100.00,0,0.00,0,0.00,0,0.00,0,0.00,117480,1,117480,117480,117480,117480.00,0,,
directory_depth_3,rigidmodels\buildings\cth_prop_large_cog_axle_01,1,1,100.00,0,0.00,0,0.00,0,0.00,0,0.00,35160,1,35160,35160,35160,35160.00,0,,
directory_depth_3,rigidmodels\buildings\cth_prop_market_01,3,3,100.00,0,0.00,0,0.00,0,0.00,0,0.00,873638,3,873638,115438,498658,291212.67,0,,
directory_depth_3,rigidmodels\buildings\cth_prop_market_02,3,3,100.00,0,0.00,0,0.00,0,0.00,0,0.00,1149426,3,1149426,310996,421122,383142.00,0,,
directory_depth_3,rigidmodels\buildings\cth_prop_market_03,3,3,100.00,0,0.00,0,0.00,0,0.00,0,0.00,784720,3,784720,251506,280354,261573.33,0,,
directory_depth_3,rigidmodels\buildings\cth_prop_market_04,3,3,100.00,0,0.00,0,0.00,0,0.00,0,0.00,275730,3,275730,90156,95330,91910.00,0,,
directory_depth_3,rigidmodels\buildings\cth_prop_market_05,3,3,100.00,0,0.00,0,0.00,0,0.00,0,0.00,350866,3,350866,104106,129196,116955.33,0,,
directory_depth_3,rigidmodels\buildings\cth_prop_market_06,3,3,100.00,0,0.00,0,0.00,0,0.00,0,0.00,722020,3,722020,211808,257436,240673.33,0,,
directory_depth_3,rigidmodels\buildings\cth_prop_parasol_01,3,3,100.00,0,0.00,0,0.00,0,0.00,0,0.00,56424,3,56424,10078,27756,18808.00,0,,
directory_depth_3,rigidmodels\buildings\cth_prop_parasol_01_closed,3,3,100.00,0,0.00,0,0.00,0,0.00,0,0.00,44334,3,44334,10770,16866,14778.00,0,,
directory_depth_3,rigidmodels\buildings\cth_prop_parasol_02,3,3,100.00,0,0.00,0,0.00,0,0.00,0,0.00,40212,3,40212,8464,16184,13404.00,0,,
directory_depth_3,rigidmodels\buildings\cth_prop_rural_torigate_01,1,1,100.00,0,0.00,0,0.00,0,0.00,0,0.00,34960,1,34960,34960,34960,34960.00,0,,
directory_depth_3,rigidmodels\buildings\cth_prop_rural_water_channel_01,3,3,100.00,0,0.00,0,0.00,0,0.00,0,0.00,280018,3,280018,29536,138808,93339.33,0,,
directory_depth_3,rigidmodels\buildings\cth_prop_rural_waterwheel_01,1,1,100.00,0,0.00,0,0.00,0,0.00,0,0.00,386104,1,386104,386104,386104,386104.00,0,,
directory_depth_3,rigidmodels\buildings\cth_prop_rural_waterwheel_stand_01,1,1,100.00,0,0.00,0,0.00,0,0.00,0,0.00,32816,1,32816,32816,32816,32816.00,0,,
directory_depth_3,rigidmodels\buildings\cth_prop_rural_wooden_walkway_01,3,3,100.00,0,0.00,0,0.00,0,0.00,0,0.00,282736,3,282736,42024,182000,94245.33,0,,
directory_depth_3,rigidmodels\buildings\cth_prop_statue_drago_jade,1,1,100.00,0,0.00,0,0.00,0,0.00,0,0.00,166416,1,166416,166416,166416,166416.00,0,,
directory_depth_3,rigidmodels\buildings\cth_prop_statue_drago_stone,1,1,100.00,0,0.00,0,0.00,0,0.00,0,0.00,167536,1,167536,167536,167536,167536.00,0,,
directory_depth_3,rigidmodels\buildings\cth_prop_table_01,3,3,100.00,0,0.00,0,0.00,0,0.00,0,0.00,86600,3,86600,21220,43896,28866.67,0,,
directory_depth_3,rigidmodels\buildings\cth_prop_table_small_01,3,3,100.00,0,0.00,0,0.00,0,0.00,0,0.00,136772,3,136772,37656,57944,45590.67,0,,
directory_depth_3,rigidmodels\buildings\cth_prop_table_small_02,3,3,100.00,0,0.00,0,0.00,0,0.00,0,0.00,110208,3,110208,18300,71260,36736.00,0,,
directory_depth_3,rigidmodels\buildings\cth_prop_wall01_pillar_01,1,1,100.00,0,0.00,0,0.00,0,0.00,0,0.00,37216,1,37216,37216,37216,37216.00,0,,
directory_depth_3,rigidmodels\buildings\cth_prop_wall01_steps_01,1,1,100.00,0,0.00,0,0.00,0,0.00,0,0.00,214384,1,214384,214384,214384,214384.00,0,,
directory_depth_3,rigidmodels\buildings\cth_prop_wall01_straight_10m_01,1,1,100.00,0,0.00,0,0.00,0,0.00,0,0.00,75248,1,75248,75248,75248,75248.00,0,,
directory_depth_3,rigidmodels\buildings\cth_rice_field_lrg_01,1,1,100.00,0,0.00,0,0.00,0,0.00,0,0.00,54040,1,54040,54040,54040,54040.00,0,,
directory_depth_3,rigidmodels\buildings\cth_rice_field_lrg_02,1,1,100.00,0,0.00,0,0.00,0,0.00,0,0.00,49272,1,49272,49272,49272,49272.00,0,,
directory_depth_3,rigidmodels\buildings\cth_rice_field_lrg_03,1,1,100.00,0,0.00,0,0.00,0,0.00,0,0.00,50828,1,50828,50828,50828,50828.00,0,,
directory_depth_3,rigidmodels\buildings\cth_rice_field_med_01,1,1,100.00,0,0.00,0,0.00,0,0.00,0,0.00,30902,1,30902,30902,30902,30902.00,0,,
directory_depth_3,rigidmodels\buildings\cth_rice_field_med_03,1,1,100.00,0,0.00,0,0.00,0,0.00,0,0.00,36558,1,36558,36558,36558,36558.00,0,,
directory_depth_3,rigidmodels\buildings\cth_rice_field_sml_01,1,1,100.00,0,0.00,0,0.00,0,0.00,0,0.00,25616,1,25616,25616,25616,25616.00,0,,
directory_depth_3,rigidmodels\buildings\cth_ricepaddy_nogo_01,1,1,100.00,0,0.00,0,0.00,0,0.00,0,0.00,27948,1,27948,27948,27948,27948.00,0,,
directory_depth_3,rigidmodels\buildings\cth_ricepaddy_nogo_02,1,1,100.00,0,0.00,0,0.00,0,0.00,0,0.00,24476,1,24476,24476,24476,24476.00,0,,
directory_depth_3,rigidmodels\buildings\cth_ricepaddy_nogo_03,1,1,100.00,0,0.00,0,0.00,0,0.00,0,0.00,29054,1,29054,29054,29054,29054.00,0,,
directory_depth_3,rigidmodels\buildings\cth_ricepaddy_traverse_01,1,1,100.00,0,0.00,0,0.00,0,0.00,0,0.00,56514,1,56514,56514,56514,56514.00,0,,
directory_depth_3,rigidmodels\buildings\cth_ricepaddy_traverse_02,1,1,100.00,0,0.00,0,0.00,0,0.00,0,0.00,56514,1,56514,56514,56514,56514.00,0,,
directory_depth_3,rigidmodels\buildings\cth_rock_base_01a,1,1,100.00,0,0.00,0,0.00,0,0.00,0,0.00,156188,1,156188,156188,156188,156188.00,0,,
directory_depth_3,rigidmodels\buildings\cth_rock_base_02a,1,1,100.00,0,0.00,0,0.00,0,0.00,0,0.00,355420,1,355420,355420,355420,355420.00,0,,
directory_depth_3,rigidmodels\buildings\cth_rock_base_03a,1,1,100.00,0,0.00,0,0.00,0,0.00,0,0.00,649332,1,649332,649332,649332,649332.00,0,,
directory_depth_3,rigidmodels\buildings\cth_rock_chunk_01a,1,1,100.00,0,0.00,0,0.00,0,0.00,0,0.00,222776,1,222776,222776,222776,222776.00,0,,
directory_depth_3,rigidmodels\buildings\cth_rock_chunk_01b,1,1,100.00,0,0.00,0,0.00,0,0.00,0,0.00,208756,1,208756,208756,208756,208756.00,0,,
directory_depth_3,rigidmodels\buildings\cth_rock_chunk_01c,1,1,100.00,0,0.00,0,0.00,0,0.00,0,0.00,183272,1,183272,183272,183272,183272.00,0,,
directory_depth_3,rigidmodels\buildings\cth_rock_chunk_01d,1,1,100.00,0,0.00,0,0.00,0,0.00,0,0.00,140792,1,140792,140792,140792,140792.00,0,,
directory_depth_3,rigidmodels\buildings\cth_rock_chunk_02a,1,1,100.00,0,0.00,0,0.00,0,0.00,0,0.00,128028,1,128028,128028,128028,128028.00,0,,
directory_depth_3,rigidmodels\buildings\cth_rock_chunk_02b,1,1,100.00,0,0.00,0,0.00,0,0.00,0,0.00,123916,1,123916,123916,123916,123916.00,0,,
directory_depth_3,rigidmodels\buildings\cth_rock_chunk_02c,1,1,100.00,0,0.00,0,0.00,0,0.00,0,0.00,133724,1,133724,133724,133724,133724.00,0,,
directory_depth_3,rigidmodels\buildings\cth_rock_chunk_03a,1,1,100.00,0,0.00,0,0.00,0,0.00,0,0.00,77236,1,77236,77236,77236,77236.00,0,,
directory_depth_3,rigidmodels\buildings\cth_rock_chunk_03b,1,1,100.00,0,0.00,0,0.00,0,0.00,0,0.00,112156,1,112156,112156,112156,112156.00,0,,
directory_depth_3,rigidmodels\buildings\cth_shrub_teabush_line_a,1,1,100.00,0,0.00,0,0.00,0,0.00,0,0.00,131502,1,131502,131502,131502,131502.00,0,,
directory_depth_3,rigidmodels\buildings\cth_siege_tower_15m,14,14,100.00,0,0.00,0,0.00,0,0.00,0,0.00,5973046,14,5973046,27864,1986568,426646.14,0,,
directory_depth_3,rigidmodels\buildings\cth_stat_drag_01,1,1,100.00,0,0.00,0,0.00,0,0.00,0,0.00,283750,1,283750,283750,283750,283750.00,0,,
directory_depth_3,rigidmodels\buildings\cth_stat_drag_01_rock,1,1,100.00,0,0.00,0,0.00,0,0.00,0,0.00,289126,1,289126,289126,289126,289126.00,0,,
directory_depth_3,rigidmodels\buildings\cth_stat_draghead_01,1,1,100.00,0,0.00,0,0.00,0,0.00,0,0.00,158900,1,158900,158900,158900,158900.00,0,,
directory_depth_3,rigidmodels\buildings\cth_stat_draghead_01_rock,1,1,100.00,0,0.00,0,0.00,0,0.00,0,0.00,158900,1,158900,158900,158900,158900.00,0,,
directory_depth_3,rigidmodels\buildings\cth_stat_lion_01,1,1,100.00,0,0.00,0,0.00,0,0.00,0,0.00,179310,1,179310,179310,179310,179310.00,0,,
directory_depth_3,rigidmodels\buildings\cth_stat_lion_01_rock,1,1,100.00,0,0.00,0,0.00,0,0.00,0,0.00,179310,1,179310,179310,179310,179310.00,0,,
directory_depth_3,rigidmodels\buildings\cth_subtropical_cliffpiece_01,1,1,100.00,0,0.00,0,0.00,0,0.00,0,0.00,52740,1,52740,52740,52740,52740.00,0,,
directory_depth_3,rigidmodels\buildings\cth_subtropical_cliffpiece_02,1,1,100.00,0,0.00,0,0.00,0,0.00,0,0.00,94792,1,94792,94792,94792,94792.00,0,,
directory_depth_3,rigidmodels\buildings\cth_subtropical_cliffpiece_03,1,1,100.00,0,0.00,0,0.00,0,0.00,0,0.00,54532,1,54532,54532,54532,54532.00,0,,
directory_depth_3,rigidmodels\buildings\cth_subtropical_cliffpiece_04,1,1,100.00,0,0.00,0,0.00,0,0.00,0,0.00,95624,1,95624,95624,95624,95624.00,0,,
directory_depth_3,rigidmodels\buildings\cth_subtropical_mtn_01,1,1,100.00,0,0.00,0,0.00,0,0.00,0,0.00,216312,1,216312,216312,216312,216312.00,0,,
directory_depth_3,rigidmodels\buildings\cth_subtropical_mtn_02,1,1,100.00,0,0.00,0,0.00,0,0.00,0,0.00,241978,1,241978,241978,241978,241978.00,0,,
directory_depth_3,rigidmodels\buildings\cth_subtropical_mtn_03,1,1,100.00,0,0.00,0,0.00,0,0.00,0,0.00,299434,1,299434,299434,299434,299434.00,0,,
directory_depth_3,rigidmodels\buildings\cth_subtropical_mtn_cheap_01,1,1,100.00,0,0.00,0,0.00,0,0.00,0,0.00,208212,1,208212,208212,208212,208212.00,0,,
directory_depth_3,rigidmodels\buildings\cth_subtropical_mtn_cheap_02,1,1,100.00,0,0.00,0,0.00,0,0.00,0,0.00,226678,1,226678,226678,226678,226678.00,0,,
directory_depth_3,rigidmodels\buildings\cth_subtropical_mtn_cheap_03,1,1,100.00,0,0.00,0,0.00,0,0.00,0,0.00,299690,1,299690,299690,299690,299690.00,0,,
directory_depth_3,rigidmodels\buildings\cth_tem_mountain_01a,1,1,100.00,0,0.00,0,0.00,0,0.00,0,0.00,148222,1,148222,148222,148222,148222.00,0,,
directory_depth_3,rigidmodels\buildings\cth_tem_mountain_01c,1,1,100.00,0,0.00,0,0.00,0,0.00,0,0.00,162350,1,162350,162350,162350,162350.00,0,,
directory_depth_3,rigidmodels\buildings\cth_tem_mountain_02a,1,1,100.00,0,0.00,0,0.00,0,0.00,0,0.00,148938,1,148938,148938,148938,148938.00,0,,
directory_depth_3,rigidmodels\buildings\cth_tem_mountain_02c,1,1,100.00,0,0.00,0,0.00,0,0.00,0,0.00,171752,1,171752,171752,171752,171752.00,0,,
directory_depth_3,rigidmodels\buildings\cth_tem_mountain_03a,1,1,100.00,0,0.00,0,0.00,0,0.00,0,0.00,139852,1,139852,139852,139852,139852.00,0,,
directory_depth_3,rigidmodels\buildings\cth_tem_mountain_03c,1,1,100.00,0,0.00,0,0.00,0,0.00,0,0.00,140154,1,140154,140154,140154,140154.00,0,,
directory_depth_3,rigidmodels\buildings\cth_tem_mountain_04a,1,1,100.00,0,0.00,0,0.00,0,0.00,0,0.00,51316,1,51316,51316,51316,51316.00,0,,
directory_depth_3,rigidmodels\buildings\cth_tem_mountain_04c,1,1,100.00,0,0.00,0,0.00,0,0.00,0,0.00,50060,1,50060,50060,50060,50060.00,0,,
directory_depth_3,rigidmodels\buildings\cth_tem_mountain_05a,1,1,100.00,0,0.00,0,0.00,0,0.00,0,0.00,52572,1,52572,52572,52572,52572.00,0,,
directory_depth_3,rigidmodels\buildings\cth_tem_mtnpiece_01,1,1,100.00,0,0.00,0,0.00,0,0.00,0,0.00,400720,1,400720,400720,400720,400720.00,0,,
directory_depth_3,rigidmodels\buildings\cth_tem_mtnpiece_02,1,1,100.00,0,0.00,0,0.00,0,0.00,0,0.00,479452,1,479452,479452,479452,479452.00,0,,
directory_depth_3,rigidmodels\buildings\cth_tem_mtnpiece_03a,1,1,100.00,0,0.00,0,0.00,0,0.00,0,0.00,52764,1,52764,52764,52764,52764.00,0,,
directory_depth_3,rigidmodels\buildings\cth_tem_mtnpiece_04a,1,1,100.00,0,0.00,0,0.00,0,0.00,0,0.00,52572,1,52572,52572,52572,52572.00,0,,
directory_depth_3,rigidmodels\buildings\cth_tem_mtnpiece_05a,1,1,100.00,0,0.00,0,0.00,0,0.00,0,0.00,52540,1,52540,52540,52540,52540.00,0,,
directory_depth_3,rigidmodels\buildings\cth_tem_rockpillar_01,1,1,100.00,0,0.00,0,0.00,0,0.00,0,0.00,576736,1,576736,576736,576736,576736.00,0,,
directory_depth_3,rigidmodels\buildings\cth_tem_rockpillar_02,1,1,100.00,0,0.00,0,0.00,0,0.00,0,0.00,579258,1,579258,579258,579258,579258.00,0,,
directory_depth_3,rigidmodels\buildings\cth_tem_rockpillar_03,1,1,100.00,0,0.00,0,0.00,0,0.00,0,0.00,613750,1,613750,613750,613750,613750.00,0,,
directory_depth_3,rigidmodels\buildings\cth_terracotta_sentinel_armleft_01,1,1,100.00,0,0.00,0,0.00,0,0.00,0,0.00,442208,1,442208,442208,442208,442208.00,0,,
directory_depth_3,rigidmodels\buildings\cth_terracotta_sentinel_armright_01,1,1,100.00,0,0.00,0,0.00,0,0.00,0,0.00,436920,1,436920,436920,436920,436920.00,0,,
directory_depth_3,rigidmodels\buildings\cth_terracotta_sentinel_chest_01,1,1,100.00,0,0.00,0,0.00,0,0.00,0,0.00,465060,1,465060,465060,465060,465060.00,0,,
directory_depth_3,rigidmodels\buildings\cth_terracotta_sentinel_head_01,1,1,100.00,0,0.00,0,0.00,0,0.00,0,0.00,188236,1,188236,188236,188236,188236.00,0,,
directory_depth_3,rigidmodels\buildings\cth_terracotta_sentinel_legleft_01,1,1,100.00,0,0.00,0,0.00,0,0.00,0,0.00,127270,1,127270,127270,127270,127270.00,0,,
directory_depth_3,rigidmodels\buildings\cth_terracotta_sentinel_legright_01,1,1,100.00,0,0.00,0,0.00,0,0.00,0,0.00,132686,1,132686,132686,132686,132686.00,0,,
directory_depth_3,rigidmodels\buildings\cth_terracotta_sentinel_shoulderleft_01,1,1,100.00,0,0.00,0,0.00,0,0.00,0,0.00,88016,1,88016,88016,88016,88016.00,0,,
directory_depth_3,rigidmodels\buildings\cth_terracotta_sentinel_shoulderright_01,1,1,100.00,0,0.00,0,0.00,0,0.00,0,0.00,87428,1,87428,87428,87428,87428.00,0,,
directory_depth_3,rigidmodels\buildings\cth_tower_placement_01,3,3,100.00,0,0.00,0,0.00,0,0.00,0,0.00,3242734,3,3242734,595052,1862792,1080911.33,0,,
directory_depth_3,rigidmodels\buildings\cth_tower_placement_02,3,3,100.00,0,0.00,0,0.00,0,0.00,0,0.00,3242734,3,3242734,595052,1862792,1080911.33,0,,
directory_depth_3,rigidmodels\buildings\cth_tower_placement_03,3,3,100.00,0,0.00,0,0.00,0,0.00,0,0.00,3242734,3,3242734,595052,1862792,1080911.33,0,,
directory_depth_3,rigidmodels\buildings\cth_tower_placement_04,3,3,100.00,0,0.00,0,0.00,0,0.00,0,0.00,3242734,3,3242734,595052,1862792,1080911.33,0,,
directory_depth_3,rigidmodels\buildings\cth_wall_angled_joiner,1,1,100.00,0,0.00,0,0.00,0,0.00,0,0.00,157808,1,157808,157808,157808,157808.00,0,,
directory_depth_3,rigidmodels\buildings\cth_wall_angled_to_grid_joiner,1,1,100.00,0,0.00,0,0.00,0,0.00,0,0.00,957492,1,957492,957492,957492,957492.00,0,,
directory_depth_3,rigidmodels\buildings\cth_wall_corner_90_external,1,1,100.00,0,0.00,0,0.00,0,0.00,0,0.00,547186,1,547186,547186,547186,547186.00,0,,
directory_depth_3,rigidmodels\buildings\cth_wall_corner_90_internal,1,1,100.00,0,0.00,0,0.00,0,0.00,0,0.00,1803034,1,1803034,1803034,1803034,1803034.00,0,,
directory_depth_3,rigidmodels\buildings\cth_wall_gatehouse_60,10,10,100.00,0,0.00,0,0.00,0,0.00,0,0.00,12343596,10,12343596,251776,3807468,1234359.60,0,,
directory_depth_3,rigidmodels\buildings\cth_wall_grid_to_angled_joiner,1,1,100.00,0,0.00,0,0.00,0,0.00,0,0.00,957556,1,957556,957556,957556,957556.00,0,,
directory_depth_3,rigidmodels\buildings\cth_wall_merlon_01,3,3,100.00,0,0.00,0,0.00,0,0.00,0,0.00,89786,3,89786,15568,49558,29928.67,0,,
directory_depth_3,rigidmodels\buildings\cth_wall_straight_20m_01,3,3,100.00,0,0.00,0,0.00,0,0.00,0,0.00,2928908,3,2928908,555072,1216906,976302.67,0,,
directory_depth_3,rigidmodels\buildings\cth_wall_straight_20m_emplacement,1,1,100.00,0,0.00,0,0.00,0,0.00,0,0.00,860516,1,860516,860516,860516,860516.00,0,,
directory_depth_3,rigidmodels\buildings\cth_wall_tower,3,3,100.00,0,0.00,0,0.00,0,0.00,0,0.00,6167850,3,6167850,1489190,2736362,2055950.00,0,,
directory_depth_3,rigidmodels\buildings\cth_wall_tower_01,3,3,100.00,0,0.00,0,0.00,0,0.00,0,0.00,6167850,3,6167850,1489190,2736362,2055950.00,0,,
directory_depth_3,rigidmodels\buildings\cth_wall_tower_02,3,3,100.00,0,0.00,0,0.00,0,0.00,0,0.00,6167850,3,6167850,1489190,2736362,2055950.00,0,,
directory_depth_3,rigidmodels\buildings\cth_wall_tower_03,3,3,100.00,0,0.00,0,0.00,0,0.00,0,0.00,6167850,3,6167850,1489190,2736362,2055950.00,0,,
directory_depth_3,rigidmodels\buildings\def_agent_ships_01,1,1,100.00,0,0.00,0,0.00,0,0.00,0,0.00,343478,1,343478,343478,343478,343478.00,0,,
directory_depth_3,rigidmodels\buildings\def_army_ship_01,1,1,100.00,0,0.00,0,0.00,0,0.00,0,0.00,474032,1,474032,474032,474032,474032.00,0,,
directory_depth_3,rigidmodels\buildings\def_banner_01,1,1,100.00,0,0.00,0,0.00,0,0.00,0,0.00,2860,1,2860,2860,2860,2860.00,0,,
directory_depth_3,rigidmodels\buildings\def_banner_02,1,1,100.00,0,0.00,0,0.00,0,0.00,0,0.00,2860,1,2860,2860,2860,2860.00,0,,
directory_depth_3,rigidmodels\buildings\def_banner_03,1,1,100.00,0,0.00,0,0.00,0,0.00,0,0.00,2632,1,2632,2632,2632,2632.00,0,,
directory_depth_3,rigidmodels\buildings\def_banner_04,1,1,100.00,0,0.00,0,0.00,0,0.00,0,0.00,2594,1,2594,2594,2594,2594.00,0,,
directory_depth_3,rigidmodels\buildings\def_banner_05,1,1,100.00,0,0.00,0,0.00,0,0.00,0,0.00,2594,1,2594,2594,2594,2594.00,0,,
directory_depth_3,rigidmodels\buildings\def_banner_06,1,1,100.00,0,0.00,0,0.00,0,0.00,0,0.00,2518,1,2518,2518,2518,2518.00,0,,
directory_depth_3,rigidmodels\buildings\def_banner_07,1,1,100.00,0,0.00,0,0.00,0,0.00,0,0.00,2518,1,2518,2518,2518,2518.00,0,,
directory_depth_3,rigidmodels\buildings\def_barricade_blocker_01,2,2,100.00,0,0.00,0,0.00,0,0.00,0,0.00,188730,2,188730,91654,97076,94365.00,0,,
directory_depth_3,rigidmodels\buildings\def_barricade_monument_01,2,2,100.00,0,0.00,0,0.00,0,0.00,0,0.00,25520,2,25520,12716,12804,12760.00,0,,
directory_depth_3,rigidmodels\buildings\def_barricade_platform_01,3,3,100.00,0,0.00,0,0.00,0,0.00,0,0.00,1117144,3,1117144,318532,441652,372381.33,0,,
directory_depth_3,rigidmodels\buildings\def_barricade_trap_01,2,2,100.00,0,0.00,0,0.00,0,0.00,0,0.00,530814,2,530814,247504,283310,265407.00,0,,
directory_depth_3,rigidmodels\buildings\def_barricade_trap_02,2,2,100.00,0,0.00,0,0.00,0,0.00,0,0.00,188196,2,188196,93308,94888,94098.00,0,,
directory_depth_3,rigidmodels\buildings\def_basalt_large_01,1,1,100.00,0,0.00,0,0.00,0,0.00,0,0.00,150072,1,150072,150072,150072,150072.00,0,,
directory_depth_3,rigidmodels\buildings\def_basalt_large_02,1,1,100.00,0,0.00,0,0.00,0,0.00,0,0.00,435032,1,435032,435032,435032,435032.00,0,,
directory_depth_3,rigidmodels\buildings\def_basalt_med_01,1,1,100.00,0,0.00,0,0.00,0,0.00,0,0.00,162808,1,162808,162808,162808,162808.00,0,,
directory_depth_3,rigidmodels\buildings\def_basalt_med_02,1,1,100.00,0,0.00,0,0.00,0,0.00,0,0.00,171600,1,171600,171600,171600,171600.00,0,,
directory_depth_3,rigidmodels\buildings\def_basalt_sml_01,1,1,100.00,0,0.00,0,0.00,0,0.00,0,0.00,25928,1,25928,25928,25928,25928.00,0,,
directory_depth_3,rigidmodels\buildings\def_basalt_sml_02,1,1,100.00,0,0.00,0,0.00,0,0.00,0,0.00,27192,1,27192,27192,27192,27192.00,0,,
directory_depth_3,rigidmodels\buildings\def_basalt_sml_03,1,1,100.00,0,0.00,0,0.00,0,0.00,0,0.00,27728,1,27728,27728,27728,27728.00,0,,
directory_depth_3,rigidmodels\buildings\def_basaltmountain_01,1,1,100.00,0,0.00,0,0.00,0,0.00,0,0.00,681620,1,681620,681620,681620,681620.00,0,,
directory_depth_3,rigidmodels\buildings\def_basaltmountain_02,1,1,100.00,0,0.00,0,0.00,0,0.00,0,0.00,638184,1,638184,638184,638184,638184.00,0,,
directory_depth_3,rigidmodels\buildings\def_basaltmountain_03,1,1,100.00,0,0.00,0,0.00,0,0.00,0,0.00,685370,1,685370,685370,685370,685370.00,0,,
directory_depth_3,rigidmodels\buildings\def_basaltmountain_04,1,1,100.00,0,0.00,0,0.00,0,0.00,0,0.00,643270,1,643270,643270,643270,643270.00,0,,
directory_depth_3,rigidmodels\buildings\def_batteringram,7,7,100.00,0,0.00,0,0.00,0,0.00,0,0.00,1512804,7,1512804,22832,563044,216114.86,0,,
directory_depth_3,rigidmodels\buildings\def_black_ark_01,1,1,100.00,0,0.00,0,0.00,0,0.00,0,0.00,1813356,1,1813356,1813356,1813356,1813356.00,0,,
directory_depth_3,rigidmodels\buildings\def_bouldergroup_01,1,1,100.00,0,0.00,0,0.00,0,0.00,0,0.00,152892,1,152892,152892,152892,152892.00,0,,
directory_depth_3,rigidmodels\buildings\def_brazier_01,3,3,100.00,0,0.00,0,0.00,0,0.00,0,0.00,463806,3,463806,104562,187128,154602.00,0,,
directory_depth_3,rigidmodels\buildings\def_brazier_02,3,3,100.00,0,0.00,0,0.00,0,0.00,0,0.00,474086,3,474086,154132,160710,158028.67,0,,
directory_depth_3,rigidmodels\buildings\def_brazier_03,1,1,100.00,0,0.00,0,0.00,0,0.00,0,0.00,169326,1,169326,169326,169326,169326.00,0,,
directory_depth_3,rigidmodels\buildings\def_bridge_01,3,3,100.00,0,0.00,0,0.00,0,0.00,0,0.00,1398148,3,1398148,438080,514840,466049.33,0,,
directory_depth_3,rigidmodels\buildings\def_bridge_02,1,1,100.00,0,0.00,0,0.00,0,0.00,0,0.00,491080,1,491080,491080,491080,491080.00,0,,
directory_depth_3,rigidmodels\buildings\def_bridge_03,1,1,100.00,0,0.00,0,0.00,0,0.00,0,0.00,286468,1,286468,286468,286468,286468.00,0,,
directory_depth_3,rigidmodels\buildings\def_cage_a,3,3,100.00,0,0.00,0,0.00,0,0.00,0,0.00,183850,3,183850,48630,86352,61283.33,0,,
directory_depth_3,rigidmodels\buildings\def_cage_b,3,3,100.00,0,0.00,0,0.00,0,0.00,0,0.00,229980,3,229980,33712,133148,76660.00,0,,
directory_depth_3,rigidmodels\buildings\def_cliff_01,1,1,100.00,0,0.00,0,0.00,0,0.00,0,0.00,494178,1,494178,494178,494178,494178.00,0,,
directory_depth_3,rigidmodels\buildings\def_cliff_02,1,1,100.00,0,0.00,0,0.00,0,0.00,0,0.00,222264,1,222264,222264,222264,222264.00,0,,
directory_depth_3,rigidmodels\buildings\def_corral,3,3,100.00,0,0.00,0,0.00,0,0.00,0,0.00,963168,3,963168,12366,576986,321056.00,0,,
directory_depth_3,rigidmodels\buildings\def_crystal_01,1,1,100.00,0,0.00,0,0.00,0,0.00,0,0.00,27524,1,27524,27524,27524,27524.00,0,,
directory_depth_3,rigidmodels\buildings\def_crystal_02,1,1,100.00,0,0.00,0,0.00,0,0.00,0,0.00,20744,1,20744,20744,20744,20744.00,0,,
directory_depth_3,rigidmodels\buildings\def_crystal_03,1,1,100.00,0,0.00,0,0.00,0,0.00,0,0.00,55800,1,55800,55800,55800,55800.00,0,,
directory_depth_3,rigidmodels\buildings\def_crystal_04,1,1,100.00,0,0.00,0,0.00,0,0.00,0,0.00,41488,1,41488,41488,41488,41488.00,0,,
directory_depth_3,rigidmodels\buildings\def_desertrock_01,1,1,100.00,0,0.00,0,0.00,0,0.00,0,0.00,297760,1,297760,297760,297760,297760.00,0,,
directory_depth_3,rigidmodels\buildings\def_floor_tile_4_a,1,1,100.00,0,0.00,0,0.00,0,0.00,0,0.00,10932,1,10932,10932,10932,10932.00,0,,
directory_depth_3,rigidmodels\buildings\def_gate_small_01,1,1,100.00,0,0.00,0,0.00,0,0.00,0,0.00,214602,1,214602,214602,214602,214602.00,0,,
directory_depth_3,rigidmodels\buildings\def_gate_small_pillar_01,1,1,100.00,0,0.00,0,0.00,0,0.00,0,0.00,21206,1,21206,21206,21206,21206.00,0,,
directory_depth_3,rigidmodels\buildings\def_gate_small_wall_01,1,1,100.00,0,0.00,0,0.00,0,0.00,0,0.00,33416,1,33416,33416,33416,33416.00,0,,
directory_depth_3,rigidmodels\buildings\def_gateadd_01,1,1,100.00,0,0.00,0,0.00,0,0.00,0,0.00,220562,1,220562,220562,220562,220562.00,0,,
directory_depth_3,rigidmodels\buildings\def_gateadd_02,1,1,100.00,0,0.00,0,0.00,0,0.00,0,0.00,152328,1,152328,152328,152328,152328.00,0,,
directory_depth_3,rigidmodels\buildings\def_gateadd_03,1,1,100.00,0,0.00,0,0.00,0,0.00,0,0.00,198474,1,198474,198474,198474,198474.00,0,,
directory_depth_3,rigidmodels\buildings\def_gateadd_04,1,1,100.00,0,0.00,0,0.00,0,0.00,0,0.00,211686,1,211686,211686,211686,211686.00,0,,
directory_depth_3,rigidmodels\buildings\def_grid_01,1,1,100.00,0,0.00,0,0.00,0,0.00,0,0.00,26992,1,26992,26992,26992,26992.00,0,,
directory_depth_3,rigidmodels\buildings\def_grid_02,1,1,100.00,0,0.00,0,0.00,0,0.00,0,0.00,29040,1,29040,29040,29040,29040.00,0,,
directory_depth_3,rigidmodels\buildings\def_grid_03,1,1,100.00,0,0.00,0,0.00,0,0.00,0,0.00,24732,1,24732,24732,24732,24732.00,0,,
directory_depth_3,rigidmodels\buildings\def_house_01,3,3,100.00,0,0.00,0,0.00,0,0.00,0,0.00,2840096,3,2840096,730316,1266372,946698.67,0,,
directory_depth_3,rigidmodels\buildings\def_house_01_cheap,1,1,100.00,0,0.00,0,0.00,0,0.00,0,0.00,817110,1,817110,817110,817110,817110.00,0,,
directory_depth_3,rigidmodels\buildings\def_house_02,3,3,100.00,0,0.00,0,0.00,0,0.00,0,0.00,3038268,3,3038268,838494,1315986,1012756.00,0,,
directory_depth_3,rigidmodels\buildings\def_infield_bridge_connector_01,1,1,100.00,0,0.00,0,0.00,0,0.00,0,0.00,16340,1,16340,16340,16340,16340.00,0,,
directory_depth_3,rigidmodels\buildings\def_ladder_01,1,1,100.00,0,0.00,0,0.00,0,0.00,0,0.00,310024,1,310024,310024,310024,310024.00,0,,
directory_depth_3,rigidmodels\buildings\def_lantern_01,1,1,100.00,0,0.00,0,0.00,0,0.00,0,0.00,38790,1,38790,38790,38790,38790.00,0,,
directory_depth_3,rigidmodels\buildings\def_market_crates,3,3,100.00,0,0.00,0,0.00,0,0.00,0,0.00,177612,3,177612,28084,78228,59204.00,0,,
directory_depth_3,rigidmodels\buildings\def_market_shelving,3,3,100.00,0,0.00,0,0.00,0,0.00,0,0.00,574204,3,574204,162352,215164,191401.33,0,,
directory_depth_3,rigidmodels\buildings\def_market_shelving_empty,3,3,100.00,0,0.00,0,0.00,0,0.00,0,0.00,174890,3,174890,41982,73608,58296.67,0,,
directory_depth_3,rigidmodels\buildings\def_market_stocks,3,3,100.00,0,0.00,0,0.00,0,0.00,0,0.00,271412,3,271412,69688,128280,90470.67,0,,
directory_depth_3,rigidmodels\buildings\def_market_stool,3,3,100.00,0,0.00,0,0.00,0,0.00,0,0.00,76620,3,76620,21304,33908,25540.00,0,,
directory_depth_3,rigidmodels\buildings\def_market_table_a_torture,3,3,100.00,0,0.00,0,0.00,0,0.00,0,0.00,280370,3,280370,72244,126768,93456.67,0,,
directory_depth_3,rigidmodels\buildings\def_market_table_b_torture,3,3,100.00,0,0.00,0,0.00,0,0.00,0,0.00,328802,3,328802,88592,150842,109600.67,0,,
directory_depth_3,rigidmodels\buildings\def_market_table_c,3,3,100.00,0,0.00,0,0.00,0,0.00,0,0.00,183794,3,183794,40482,90350,61264.67,0,,
directory_depth_3,rigidmodels\buildings\def_market_table_c_alchemy,3,3,100.00,0,0.00,0,0.00,0,0.00,0,0.00,360100,3,360100,40042,194992,120033.33,0,,
directory_depth_3,rigidmodels\buildings\def_merlonskull_01,3,3,100.00,0,0.00,0,0.00,0,0.00,0,0.00,159312,3,159312,21388,79076,53104.00,0,,
directory_depth_3,rigidmodels\buildings\def_mountain_01,1,1,100.00,0,0.00,0,0.00,0,0.00,0,0.00,681620,1,681620,681620,681620,681620.00,0,,
directory_depth_3,rigidmodels\buildings\def_mountain_02,1,1,100.00,0,0.00,0,0.00,0,0.00,0,0.00,638184,1,638184,638184,638184,638184.00,0,,
directory_depth_3,rigidmodels\buildings\def_mountain_03,1,1,100.00,0,0.00,0,0.00,0,0.00,0,0.00,685370,1,685370,685370,685370,685370.00,0,,
directory_depth_3,rigidmodels\buildings\def_mountain_04,1,1,100.00,0,0.00,0,0.00,0,0.00,0,0.00,643270,1,643270,643270,643270,643270.00,0,,
directory_depth_3,rigidmodels\buildings\def_pit_arch_15m_01,1,1,100.00,0,0.00,0,0.00,0,0.00,0,0.00,53510,1,53510,53510,53510,53510.00,0,,
directory_depth_3,rigidmodels\buildings\def_pit_archlong_15m_01,1,1,100.00,0,0.00,0,0.00,0,0.00,0,0.00,58200,1,58200,58200,58200,58200.00,0,,
directory_depth_3,rigidmodels\buildings\def_pit_archlong_5m_01,1,1,100.00,0,0.00,0,0.00,0,0.00,0,0.00,28664,1,28664,28664,28664,28664.00,0,,
directory_depth_3,rigidmodels\buildings\def_pit_archwindow_5m_01,1,1,100.00,0,0.00,0,0.00,0,0.00,0,0.00,27448,1,27448,27448,27448,27448.00,0,,
directory_depth_3,rigidmodels\buildings\def_pit_archwindowlong_5m_01,1,1,100.00,0,0.00,0,0.00,0,0.00,0,0.00,28292,1,28292,28292,28292,28292.00,0,,
directory_depth_3,rigidmodels\buildings\def_pit_archwindows_15m_01,1,1,100.00,0,0.00,0,0.00,0,0.00,0,0.00,53556,1,53556,53556,53556,53556.00,0,,
directory_depth_3,rigidmodels\buildings\def_pit_archwindowslong_15m_01,1,1,100.00,0,0.00,0,0.00,0,0.00,0,0.00,62068,1,62068,62068,62068,62068.00,0,,
directory_depth_3,rigidmodels\buildings\def_pit_cornertop_ext_01,1,1,100.00,0,0.00,0,0.00,0,0.00,0,0.00,128618,1,128618,128618,128618,128618.00,0,,
directory_depth_3,rigidmodels\buildings\def_pit_cornertop_int_01,1,1,100.00,0,0.00,0,0.00,0,0.00,0,0.00,98336,1,98336,98336,98336,98336.00,0,,
directory_depth_3,rigidmodels\buildings\def_pit_cornertop_nospikes_ext_01,1,1,100.00,0,0.00,0,0.00,0,0.00,0,0.00,17484,1,17484,17484,17484,17484.00,0,,
directory_depth_3,rigidmodels\buildings\def_pit_cornertop_nospikes_ext_02,1,1,100.00,0,0.00,0,0.00,0,0.00,0,0.00,15860,1,15860,15860,15860,15860.00,0,,
directory_depth_3,rigidmodels\buildings\def_pit_cornertop_nospikes_int_02,1,1,100.00,0,0.00,0,0.00,0,0.00,0,0.00,16608,1,16608,16608,16608,16608.00,0,,
directory_depth_3,rigidmodels\buildings\def_pit_top_straight_5m_01,1,1,100.00,0,0.00,0,0.00,0,0.00,0,0.00,58270,1,58270,58270,58270,58270.00,0,,
directory_depth_3,rigidmodels\buildings\def_pit_top_straight15m_01,1,1,100.00,0,0.00,0,0.00,0,0.00,0,0.00,140090,1,140090,140090,140090,140090.00,0,,
directory_depth_3,rigidmodels\buildings\def_pit_topnospikes_straight_5m_01,1,1,100.00,0,0.00,0,0.00,0,0.00,0,0.00,15468,1,15468,15468,15468,15468.00,0,,
directory_depth_3,rigidmodels\buildings\def_pit_topnospikes_straight_5m_02,1,1,100.00,0,0.00,0,0.00,0,0.00,0,0.00,15020,1,15020,15020,15020,15020.00,0,,
directory_depth_3,rigidmodels\buildings\def_pit_topnospikes_straight15m_01,1,1,100.00,0,0.00,0,0.00,0,0.00,0,0.00,15728,1,15728,15728,15728,15728.00,0,,
directory_depth_3,rigidmodels\buildings\def_pit_topnospikes_straight15m_02,1,1,100.00,0,0.00,0,0.00,0,0.00,0,0.00,15020,1,15020,15020,15020,15020.00,0,,
directory_depth_3,rigidmodels\buildings\def_pit_topnospikes_straight5m_02,1,1,100.00,0,0.00,0,0.00,0,0.00,0,0.00,8660,1,8660,8660,8660,8660.00,0,,
directory_depth_3,rigidmodels\buildings\def_pit_wall_15m_01,1,1,100.00,0,0.00,0,0.00,0,0.00,0,0.00,20172,1,20172,20172,20172,20172.00,0,,
directory_depth_3,rigidmodels\buildings\def_pit_wall_long_15m_01,1,1,100.00,0,0.00,0,0.00,0,0.00,0,0.00,37200,1,37200,37200,37200,37200.00,0,,
directory_depth_3,rigidmodels\buildings\def_pit_wall_long_5m_01,1,1,100.00,0,0.00,0,0.00,0,0.00,0,0.00,21048,1,21048,21048,21048,21048.00,0,,
directory_depth_3,rigidmodels\buildings\def_plaza_01,1,1,100.00,0,0.00,0,0.00,0,0.00,0,0.00,60900,1,60900,60900,60900,60900.00,0,,
directory_depth_3,rigidmodels\buildings\def_rock_ice_large_01,1,1,100.00,0,0.00,0,0.00,0,0.00,0,0.00,150072,1,150072,150072,150072,150072.00,0,,
directory_depth_3,rigidmodels\buildings\def_rock_ice_large_02,1,1,100.00,0,0.00,0,0.00,0,0.00,0,0.00,435032,1,435032,435032,435032,435032.00,0,,
directory_depth_3,rigidmodels\buildings\def_rock_ice_med_01,1,1,100.00,0,0.00,0,0.00,0,0.00,0,0.00,162808,1,162808,162808,162808,162808.00,0,,
directory_depth_3,rigidmodels\buildings\def_rock_ice_med_02,1,1,100.00,0,0.00,0,0.00,0,0.00,0,0.00,171600,1,171600,171600,171600,171600.00,0,,
directory_depth_3,rigidmodels\buildings\def_rock_ice_sml_01,1,1,100.00,0,0.00,0,0.00,0,0.00,0,0.00,25928,1,25928,25928,25928,25928.00,0,,
directory_depth_3,rigidmodels\buildings\def_rock_ice_sml_02,1,1,100.00,0,0.00,0,0.00,0,0.00,0,0.00,27192,1,27192,27192,27192,27192.00,0,,
directory_depth_3,rigidmodels\buildings\def_rock_ice_sml_03,1,1,100.00,0,0.00,0,0.00,0,0.00,0,0.00,27728,1,27728,27728,27728,27728.00,0,,
directory_depth_3,rigidmodels\buildings\def_rockpillar_01,1,1,100.00,0,0.00,0,0.00,0,0.00,0,0.00,472920,1,472920,472920,472920,472920.00,0,,
directory_depth_3,rigidmodels\buildings\def_rockpillar_02,1,1,100.00,0,0.00,0,0.00,0,0.00,0,0.00,366960,1,366960,366960,366960,366960.00,0,,
directory_depth_3,rigidmodels\buildings\def_rockpillar_chunk_01,1,1,100.00,0,0.00,0,0.00,0,0.00,0,0.00,85432,1,85432,85432,85432,85432.00,0,,
directory_depth_3,rigidmodels\buildings\def_rockpillar_chunk_02,1,1,100.00,0,0.00,0,0.00,0,0.00,0,0.00,93632,1,93632,93632,93632,93632.00,0,,
directory_depth_3,rigidmodels\buildings\def_siege_tower_15m,8,8,100.00,0,0.00,0,0.00,0,0.00,0,0.00,2266492,8,2266492,49828,725736,283311.50,0,,
directory_depth_3,rigidmodels\buildings\def_stairs_small_01,1,1,100.00,0,0.00,0,0.00,0,0.00,0,0.00,24732,1,24732,24732,24732,24732.00,0,,
directory_depth_3,rigidmodels\buildings\def_statue_khaine_01,1,1,100.00,0,0.00,0,0.00,0,0.00,0,0.00,248884,1,248884,248884,248884,248884.00,0,,
directory_depth_3,rigidmodels\buildings\def_tent_a,3,3,100.00,0,0.00,0,0.00,0,0.00,0,0.00,582928,3,582928,52650,336526,194309.33,0,,
directory_depth_3,rigidmodels\buildings\def_tent_b,3,3,100.00,0,0.00,0,0.00,0,0.00,0,0.00,296088,3,296088,29002,141866,98696.00,0,,
directory_depth_3,rigidmodels\buildings\def_tent_c,3,3,100.00,0,0.00,0,0.00,0,0.00,0,0.00,571986,3,571986,32878,311928,190662.00,0,,
directory_depth_3,rigidmodels\buildings\def_tent_d,3,3,100.00,0,0.00,0,0.00,0,0.00,0,0.00,809676,3,809676,90760,379080,269892.00,0,,
directory_depth_3,rigidmodels\buildings\def_tent_e,3,3,100.00,0,0.00,0,0.00,0,0.00,0,0.00,392538,3,392538,37732,188604,130846.00,0,,
directory_depth_3,rigidmodels\buildings\def_tent_throne,3,3,100.00,0,0.00,0,0.00,0,0.00,0,0.00,381774,3,381774,83566,195794,127258.00,0,,
directory_depth_3,rigidmodels\buildings\def_tent_throne_no_back,3,3,100.00,0,0.00,0,0.00,0,0.00,0,0.00,328740,3,328740,83566,142760,109580.00,0,,
directory_depth_3,rigidmodels\buildings\def_tower_01,3,3,100.00,0,0.00,0,0.00,0,0.00,0,0.00,1616674,3,1616674,485094,604588,538891.33,0,,
directory_depth_3,rigidmodels\buildings\def_tower_02,3,3,100.00,0,0.00,0,0.00,0,0.00,0,0.00,1837994,3,1837994,493624,761944,612664.67,0,,
directory_depth_3,rigidmodels\buildings\def_tower_03,1,1,100.00,0,0.00,0,0.00,0,0.00,0,0.00,700764,1,700764,700764,700764,700764.00,0,,
directory_depth_3,rigidmodels\buildings\def_tower_04,1,1,100.00,0,0.00,0,0.00,0,0.00,0,0.00,1132026,1,1132026,1132026,1132026,1132026.00,0,,
directory_depth_3,rigidmodels\buildings\def_tower_05,3,3,100.00,0,0.00,0,0.00,0,0.00,0,0.00,4078884,3,4078884,1271128,1459092,1359628.00,0,,
directory_depth_3,rigidmodels\buildings\def_tower_06,3,3,100.00,0,0.00,0,0.00,0,0.00,0,0.00,3917978,3,3917978,1151988,1396872,1305992.67,0,,
directory_depth_3,rigidmodels\buildings\def_tower_base_01,1,1,100.00,0,0.00,0,0.00,0,0.00,0,0.00,109720,1,109720,109720,109720,109720.00,0,,
directory_depth_3,rigidmodels\buildings\def_tower_base_02,1,1,100.00,0,0.00,0,0.00,0,0.00,0,0.00,241608,1,241608,241608,241608,241608.00,0,,
directory_depth_3,rigidmodels\buildings\def_tower_big_01,3,3,100.00,0,0.00,0,0.00,0,0.00,0,0.00,4352186,3,4352186,1343108,1605704,1450728.67,0,,
directory_depth_3,rigidmodels\buildings\def_tower_big_02,3,3,100.00,0,0.00,0,0.00,0,0.00,0,0.00,5002194,3,5002194,1330252,1899890,1667398.00,0,,
directory_depth_3,rigidmodels\buildings\def_tower_big_03,3,3,100.00,0,0.00,0,0.00,0,0.00,0,0.00,4616316,3,4616316,1309692,1690404,1538772.00,0,,
directory_depth_3,rigidmodels\buildings\def_tower_big_04,3,3,100.00,0,0.00,0,0.00,0,0.00,0,0.00,4088160,3,4088160,1190642,1569138,1362720.00,0,,
directory_depth_3,rigidmodels\buildings\def_tower_big_05,3,3,100.00,0,0.00,0,0.00,0,0.00,0,0.00,5510356,3,5510356,1394824,2175290,1836785.33,0,,
directory_depth_3,rigidmodels\buildings\def_tower_placement_01,3,3,100.00,0,0.00,0,0.00,0,0.00,0,0.00,3242734,3,3242734,595052,1862792,1080911.33,0,,
directory_depth_3,rigidmodels\buildings\def_tower_placement_02,3,3,100.00,0,0.00,0,0.00,0,0.00,0,0.00,3242734,3,3242734,595052,1862792,1080911.33,0,,
directory_depth_3,rigidmodels\buildings\def_tower_placement_03,3,3,100.00,0,0.00,0,0.00,0,0.00,0,0.00,3242734,3,3242734,595052,1862792,1080911.33,0,,
directory_depth_3,rigidmodels\buildings\def_tower_placement_04,3,3,100.00,0,0.00,0,0.00,0,0.00,0,0.00,3242734,3,3242734,595052,1862792,1080911.33,0,,
directory_depth_3,rigidmodels\buildings\def_wall_angled_joiner,1,1,100.00,0,0.00,0,0.00,0,0.00,0,0.00,94138,1,94138,94138,94138,94138.00,0,,
directory_depth_3,rigidmodels\buildings\def_wall_angled_to_grid_joiner,3,3,100.00,0,0.00,0,0.00,0,0.00,0,0.00,2209206,3,2209206,224370,1632498,736402.00,0,,
directory_depth_3,rigidmodels\buildings\def_wall_corner_90_exter,1,1,100.00,0,0.00,0,0.00,0,0.00,0,0.00,623956,1,623956,623956,623956,623956.00,0,,
directory_depth_3,rigidmodels\buildings\def_wall_corner_90_inter,1,1,100.00,0,0.00,0,0.00,0,0.00,0,0.00,884626,1,884626,884626,884626,884626.00,0,,
directory_depth_3,rigidmodels\buildings\def_wall_gatehouse_60,10,10,100.00,0,0.00,0,0.00,0,0.00,0,0.00,7994564,10,7994564,57308,2710342,799456.40,0,,
directory_depth_3,rigidmodels\buildings\def_wall_grid_to_angled_joiner,3,3,100.00,0,0.00,0,0.00,0,0.00,0,0.00,2192858,3,2192858,224210,1616310,730952.67,0,,
directory_depth_3,rigidmodels\buildings\def_wall_outfield_01,1,1,100.00,0,0.00,0,0.00,0,0.00,0,0.00,217526,1,217526,217526,217526,217526.00,0,,
directory_depth_3,rigidmodels\buildings\def_wall_outfield_02,1,1,100.00,0,0.00,0,0.00,0,0.00,0,0.00,218354,1,218354,218354,218354,218354.00,0,,
directory_depth_3,rigidmodels\buildings\def_wall_outfield_big_01,1,1,100.00,0,0.00,0,0.00,0,0.00,0,0.00,69762,1,69762,69762,69762,69762.00,0,,
directory_depth_3,rigidmodels\buildings\def_wall_outfield_big_01_02,1,1,100.00,0,0.00,0,0.00,0,0.00,0,0.00,74316,1,74316,74316,74316,74316.00,0,,
directory_depth_3,rigidmodels\buildings\def_wall_outfield_big_02,1,1,100.00,0,0.00,0,0.00,0,0.00,0,0.00,30726,1,30726,30726,30726,30726.00,0,,
directory_depth_3,rigidmodels\buildings\def_wall_outfield_big_02_01,1,1,100.00,0,0.00,0,0.00,0,0.00,0,0.00,414878,1,414878,414878,414878,414878.00,0,,
directory_depth_3,rigidmodels\buildings\def_wall_outfield_big_03,1,1,100.00,0,0.00,0,0.00,0,0.00,0,0.00,130196,1,130196,130196,130196,130196.00,0,,
directory_depth_3,rigidmodels\buildings\def_wall_outfield_big_04,1,1,100.00,0,0.00,0,0.00,0,0.00,0,0.00,22020,1,22020,22020,22020,22020.00,0,,
directory_depth_3,rigidmodels\buildings\def_wall_outfield_kit_01,1,1,100.00,0,0.00,0,0.00,0,0.00,0,0.00,76844,1,76844,76844,76844,76844.00,0,,
directory_depth_3,rigidmodels\buildings\def_wall_outfield_kit_02,1,1,100.00,0,0.00,0,0.00,0,0.00,0,0.00,50694,1,50694,50694,50694,50694.00,0,,
directory_depth_3,rigidmodels\buildings\def_wall_outfield_kit_03,1,1,100.00,0,0.00,0,0.00,0,0.00,0,0.00,19588,1,19588,19588,19588,19588.00,0,,
directory_depth_3,rigidmodels\buildings\def_wall_outfield_path_01,1,1,100.00,0,0.00,0,0.00,0,0.00,0,0.00,18396,1,18396,18396,18396,18396.00,0,,
directory_depth_3,rigidmodels\buildings\def_wall_outfield_pillar_01,1,1,100.00,0,0.00,0,0.00,0,0.00,0,0.00,385006,1,385006,385006,385006,385006.00,0,,
directory_depth_3,rigidmodels\buildings\def_wall_stepdown_15m,1,1,100.00,0,0.00,0,0.00,0,0.00,0,0.00,524534,1,524534,524534,524534,524534.00,0,,
directory_depth_3,rigidmodels\buildings\def_wall_stepup_15m,1,1,100.00,0,0.00,0,0.00,0,0.00,0,0.00,524534,1,524534,524534,524534,524534.00,0,,
directory_depth_3,rigidmodels\buildings\def_wall_straight_20,3,3,100.00,0,0.00,0,0.00,0,0.00,0,0.00,3075710,3,3075710,488330,1767420,1025236.67,0,,
directory_depth_3,rigidmodels\buildings\def_wall_straight_20_blocked,1,1,100.00,0,0.00,0,0.00,0,0.00,0,0.00,1089772,1,1089772,1089772,1089772,1089772.00,0,,
directory_depth_3,rigidmodels\buildings\def_wall_tower,3,3,100.00,0,0.00,0,0.00,0,0.00,0,0.00,3756352,3,3756352,933904,1581334,1252117.33,0,,
directory_depth_3,rigidmodels\buildings\def_wall_tower_01,3,3,100.00,0,0.00,0,0.00,0,0.00,0,0.00,4241912,3,4241912,1109396,1581334,1413970.67,0,,
directory_depth_3,rigidmodels\buildings\def_wall_tower_02,3,3,100.00,0,0.00,0,0.00,0,0.00,0,0.00,4241912,3,4241912,1109396,1581334,1413970.67,0,,
directory_depth_3,rigidmodels\buildings\def_wall_tower_03,3,3,100.00,0,0.00,0,0.00,0,0.00,0,0.00,4241912,3,4241912,1109396,1581334,1413970.67,0,,
directory_depth_3,rigidmodels\buildings\dragon_cave_body,1,1,100.00,0,0.00,0,0.00,0,0.00,0,0.00,265656,1,265656,265656,265656,265656.00,0,,
directory_depth_3,rigidmodels\buildings\dragon_cave_bone_a,1,1,100.00,0,0.00,0,0.00,0,0.00,0,0.00,16176,1,16176,16176,16176,16176.00,0,,
directory_depth_3,rigidmodels\buildings\dragon_cave_head,1,1,100.00,0,0.00,0,0.00,0,0.00,0,0.00,354944,1,354944,354944,354944,354944.00,0,,
directory_depth_3,rigidmodels\buildings\dragon_cave_tooth_a,1,1,100.00,0,0.00,0,0.00,0,0.00,0,0.00,21420,1,21420,21420,21420,21420.00,0,,
directory_depth_3,rigidmodels\buildings\dragon_cave_tooth_b,1,1,100.00,0,0.00,0,0.00,0,0.00,0,0.00,17108,1,17108,17108,17108,17108.00,0,,
directory_depth_3,rigidmodels\buildings\dragon_cave_tooth_c,1,1,100.00,0,0.00,0,0.00,0,0.00,0,0.00,17008,1,17008,17008,17008,17008.00,0,,
directory_depth_3,rigidmodels\buildings\dragon_cave_tooth_d,1,1,100.00,0,0.00,0,0.00,0,0.00,0,0.00,16840,1,16840,16840,16840,16840.00,0,,
directory_depth_3,rigidmodels\buildings\dragon_cave_tooth_e,1,1,100.00,0,0.00,0,0.00,0,0.00,0,0.00,19408,1,19408,19408,19408,19408.00,0,,
directory_depth_3,rigidmodels\buildings\dwf_arche_railyard_01,3,3,100.00,0,0.00,0,0.00,0,0.00,0,0.00,3461872,3,3461872,1112792,1213760,1153957.33,0,,
directory_depth_3,rigidmodels\buildings\dwf_arche_railyard_02,3,3,100.00,0,0.00,0,0.00,0,0.00,0,0.00,1844056,3,1844056,517806,666152,614685.33,0,,
directory_depth_3,rigidmodels\buildings\dwf_archers_waterway_01,2,2,100.00,0,0.00,0,0.00,0,0.00,0,0.00,73904,2,73904,28574,45330,36952.00,0,,
directory_depth_3,rigidmodels\buildings\dwf_archers_waterway_01_cnr,1,1,100.00,0,0.00,0,0.00,0,0.00,0,0.00,28484,1,28484,28484,28484,28484.00,0,,
directory_depth_3,rigidmodels\buildings\dwf_archers_waterway_01_left,1,1,100.00,0,0.00,0,0.00,0,0.00,0,0.00,18062,1,18062,18062,18062,18062.00,0,,
directory_depth_3,rigidmodels\buildings\dwf_archers_waterway_01_right,1,1,100.00,0,0.00,0,0.00,0,0.00,0,0.00,18158,1,18158,18158,18158,18158.00,0,,
directory_depth_3,rigidmodels\buildings\dwf_arches_100m_01,2,2,100.00,0,0.00,0,0.00,0,0.00,0,0.00,268670,2,268670,113516,155154,134335.00,0,,
directory_depth_3,rigidmodels\buildings\dwf_arches_100m_02,1,1,100.00,0,0.00,0,0.00,0,0.00,0,0.00,27892,1,27892,27892,27892,27892.00,0,,
directory_depth_3,rigidmodels\buildings\dwf_arches_50m_01,3,3,100.00,0,0.00,0,0.00,0,0.00,0,0.00,213866,3,213866,60108,78442,71288.67,0,,
directory_depth_3,rigidmodels\buildings\dwf_arches_50m_02,1,1,100.00,0,0.00,0,0.00,0,0.00,0,0.00,69380,1,69380,69380,69380,69380.00,0,,
directory_depth_3,rigidmodels\buildings\dwf_arches_50m_03,1,1,100.00,0,0.00,0,0.00,0,0.00,0,0.00,49372,1,49372,49372,49372,49372.00,0,,
directory_depth_3,rigidmodels\buildings\dwf_arches_50m_04,3,3,100.00,0,0.00,0,0.00,0,0.00,0,0.00,237040,3,237040,68276,88834,79013.33,0,,
directory_depth_3,rigidmodels\buildings\dwf_arches_50m_05,1,1,100.00,0,0.00,0,0.00,0,0.00,0,0.00,253576,1,253576,253576,253576,253576.00,0,,
directory_depth_3,rigidmodels\buildings\dwf_banner_small_01,1,1,100.00,0,0.00,0,0.00,0,0.00,0,0.00,4072,1,4072,4072,4072,4072.00,0,,
directory_depth_3,rigidmodels\buildings\dwf_banner_small_02,1,1,100.00,0,0.00,0,0.00,0,0.00,0,0.00,3012,1,3012,3012,3012,3012.00,0,,
directory_depth_3,rigidmodels\buildings\dwf_banner_tall,1,1,100.00,0,0.00,0,0.00,0,0.00,0,0.00,4324,1,4324,4324,4324,4324.00,0,,
directory_depth_3,rigidmodels\buildings\dwf_banner_wide_01,1,1,100.00,0,0.00,0,0.00,0,0.00,0,0.00,3528,1,3528,3528,3528,3528.00,0,,
directory_depth_3,rigidmodels\buildings\dwf_banner_wide_02,1,1,100.00,0,0.00,0,0.00,0,0.00,0,0.00,3592,1,3592,3592,3592,3592.00,0,,
directory_depth_3,rigidmodels\buildings\dwf_banner_wide_03,1,1,100.00,0,0.00,0,0.00,0,0.00,0,0.00,2556,1,2556,2556,2556,2556.00,0,,
directory_depth_3,rigidmodels\buildings\dwf_barracks_barrells_01,1,1,100.00,0,0.00,0,0.00,0,0.00,0,0.00,111844,1,111844,111844,111844,111844.00,0,,
directory_depth_3,rigidmodels\buildings\dwf_barracks_barrells_02,1,1,100.00,0,0.00,0,0.00,0,0.00,0,0.00,54764,1,54764,54764,54764,54764.00,0,,
directory_depth_3,rigidmodels\buildings\dwf_barracks_face_01,2,2,100.00,0,0.00,0,0.00,0,0.00,0,0.00,204908,2,204908,101812,103096,102454.00,0,,
directory_depth_3,rigidmodels\buildings\dwf_barracks_furnace_01,1,1,100.00,0,0.00,0,0.00,0,0.00,0,0.00,29912,1,29912,29912,29912,29912.00,0,,
directory_depth_3,rigidmodels\buildings\dwf_barracks_gateway_01,2,2,100.00,0,0.00,0,0.00,0,0.00,0,0.00,213216,2,213216,85146,128070,106608.00,0,,
directory_depth_3,rigidmodels\buildings\dwf_barracks_housing_01,2,2,100.00,0,0.00,0,0.00,0,0.00,0,0.00,497730,2,497730,229964,267766,248865.00,0,,
directory_depth_3,rigidmodels\buildings\dwf_barracks_lower_wall_01,2,2,100.00,0,0.00,0,0.00,0,0.00,0,0.00,100522,2,100522,17068,83454,50261.00,0,,
directory_depth_3,rigidmodels\buildings\dwf_barracks_pillar_01,3,3,100.00,0,0.00,0,0.00,0,0.00,0,0.00,430934,3,430934,85988,192108,143644.67,0,,
directory_depth_3,rigidmodels\buildings\dwf_barracks_pillar_02,3,3,100.00,0,0.00,0,0.00,0,0.00,0,0.00,431222,3,431222,85988,192268,143740.67,0,,
directory_depth_3,rigidmodels\buildings\dwf_barracks_pillar_03,3,3,100.00,0,0.00,0,0.00,0,0.00,0,0.00,431062,3,431062,85988,192108,143687.33,0,,
directory_depth_3,rigidmodels\buildings\dwf_barracks_platform_stone_01,2,2,100.00,0,0.00,0,0.00,0,0.00,0,0.00,279604,2,279604,113402,166202,139802.00,0,,
directory_depth_3,rigidmodels\buildings\dwf_barracks_platform_wooden_01,1,1,100.00,0,0.00,0,0.00,0,0.00,0,0.00,145084,1,145084,145084,145084,145084.00,0,,
directory_depth_3,rigidmodels\buildings\dwf_barracks_platform_wooden_02,2,2,100.00,0,0.00,0,0.00,0,0.00,0,0.00,211868,2,211868,70948,140920,105934.00,0,,
directory_depth_3,rigidmodels\buildings\dwf_barracks_platform_wooden_03,2,2,100.00,0,0.00,0,0.00,0,0.00,0,0.00,347136,2,347136,152648,194488,173568.00,0,,
directory_depth_3,rigidmodels\buildings\dwf_barracks_platform_wooden_04,2,2,100.00,0,0.00,0,0.00,0,0.00,0,0.00,244508,2,244508,90116,154392,122254.00,0,,
directory_depth_3,rigidmodels\buildings\dwf_barracks_refuse_01,1,1,100.00,0,0.00,0,0.00,0,0.00,0,0.00,109942,1,109942,109942,109942,109942.00,0,,
directory_depth_3,rigidmodels\buildings\dwf_barracks_stone_shed_01,2,2,100.00,0,0.00,0,0.00,0,0.00,0,0.00,215710,2,215710,107752,107958,107855.00,0,,
directory_depth_3,rigidmodels\buildings\dwf_barracks_stone_shed_02,2,2,100.00,0,0.00,0,0.00,0,0.00,0,0.00,125684,2,125684,62236,63448,62842.00,0,,
directory_depth_3,rigidmodels\buildings\dwf_barracks_table_01,2,2,100.00,0,0.00,0,0.00,0,0.00,0,0.00,35984,2,35984,15336,20648,17992.00,0,,
directory_depth_3,rigidmodels\buildings\dwf_barracks_walls_01,2,2,100.00,0,0.00,0,0.00,0,0.00,0,0.00,100982,2,100982,30432,70550,50491.00,0,,
directory_depth_3,rigidmodels\buildings\dwf_barracks_workshop_01,2,2,100.00,0,0.00,0,0.00,0,0.00,0,0.00,151896,2,151896,27900,123996,75948.00,0,,
directory_depth_3,rigidmodels\buildings\dwf_barrel_01,2,2,100.00,0,0.00,0,0.00,0,0.00,0,0.00,39822,2,39822,11694,28128,19911.00,0,,
directory_depth_3,rigidmodels\buildings\dwf_barrel_02,2,2,100.00,0,0.00,0,0.00,0,0.00,0,0.00,45032,2,45032,11694,33338,22516.00,0,,
directory_depth_3,rigidmodels\buildings\dwf_barricade_blocker_01,2,2,100.00,0,0.00,0,0.00,0,0.00,0,0.00,188730,2,188730,91654,97076,94365.00,0,,
directory_depth_3,rigidmodels\buildings\dwf_barricade_monument_01,2,2,100.00,0,0.00,0,0.00,0,0.00,0,0.00,25520,2,25520,12716,12804,12760.00,0,,
directory_depth_3,rigidmodels\buildings\dwf_barricade_platform_01,3,3,100.00,0,0.00,0,0.00,0,0.00,0,0.00,1117144,3,1117144,318532,441652,372381.33,0,,
directory_depth_3,rigidmodels\buildings\dwf_barricade_trap_01,2,2,100.00,0,0.00,0,0.00,0,0.00,0,0.00,530814,2,530814,247504,283310,265407.00,0,,
directory_depth_3,rigidmodels\buildings\dwf_barricade_trap_02,2,2,100.00,0,0.00,0,0.00,0,0.00,0,0.00,188196,2,188196,93308,94888,94098.00,0,,
directory_depth_3,rigidmodels\buildings\dwf_batteringram,16,16,100.00,0,0.00,0,0.00,0,0.00,0,0.00,2021154,16,2021154,7108,742298,126322.13,0,,
directory_depth_3,rigidmodels\buildings\dwf_battle_shrine_01,1,1,100.00,0,0.00,0,0.00,0,0.00,0,0.00,393514,1,393514,393514,393514,393514.00,0,,
directory_depth_3,rigidmodels\buildings\dwf_boar_roaster,2,2,100.00,0,0.00,0,0.00,0,0.00,0,0.00,142766,2,142766,58720,84046,71383.00,0,,
directory_depth_3,rigidmodels\buildings\dwf_brazier_01,2,2,100.00,0,0.00,0,0.00,0,0.00,0,0.00,328930,2,328930,61288,267642,164465.00,0,,
directory_depth_3,rigidmodels\buildings\dwf_bridge_01,1,1,100.00,0,0.00,0,0.00,0,0.00,0,0.00,451696,1,451696,451696,451696,451696.00,0,,
directory_depth_3,rigidmodels\buildings\dwf_bridge_02,1,1,100.00,0,0.00,0,0.00,0,0.00,0,0.00,62728,1,62728,62728,62728,62728.00,0,,
directory_depth_3,rigidmodels\buildings\dwf_bridge_03,1,1,100.00,0,0.00,0,0.00,0,0.00,0,0.00,42856,1,42856,42856,42856,42856.00,0,,
directory_depth_3,rigidmodels\buildings\dwf_bridge_03_end,1,1,100.00,0,0.00,0,0.00,0,0.00,0,0.00,35000,1,35000,35000,35000,35000.00,0,,
directory_depth_3,rigidmodels\buildings\dwf_bridge_03_gameplay_end,1,1,100.00,0,0.00,0,0.00,0,0.00,0,0.00,35000,1,35000,35000,35000,35000.00,0,,
directory_depth_3,rigidmodels\buildings\dwf_bridge_04,2,2,100.00,0,0.00,0,0.00,0,0.00,0,0.00,618298,2,618298,285574,332724,309149.00,0,,
directory_depth_3,rigidmodels\buildings\dwf_bridge_04_end,2,2,100.00,0,0.00,0,0.00,0,0.00,0,0.00,320948,2,320948,154554,166394,160474.00,0,,
directory_depth_3,rigidmodels\buildings\dwf_bridge_05,1,1,100.00,0,0.00,0,0.00,0,0.00,0,0.00,344870,1,344870,344870,344870,344870.00,0,,
directory_depth_3,rigidmodels\buildings\dwf_bridge_110m_01,1,1,100.00,0,0.00,0,0.00,0,0.00,0,0.00,529464,1,529464,529464,529464,529464.00,0,,
directory_depth_3,rigidmodels\buildings\dwf_bridge_deco_01,1,1,100.00,0,0.00,0,0.00,0,0.00,0,0.00,22128,1,22128,22128,22128,22128.00,0,,
directory_depth_3,rigidmodels\buildings\dwf_bridge_gameplay_01,1,1,100.00,0,0.00,0,0.00,0,0.00,0,0.00,454036,1,454036,454036,454036,454036.00,0,,
directory_depth_3,rigidmodels\buildings\dwf_bridge_gameplay_02,2,2,100.00,0,0.00,0,0.00,0,0.00,0,0.00,156838,2,156838,62728,94110,78419.00,0,,
directory_depth_3,rigidmodels\buildings\dwf_bridge_gameplay_03,1,1,100.00,0,0.00,0,0.00,0,0.00,0,0.00,35000,1,35000,35000,35000,35000.00,0,,
directory_depth_3,rigidmodels\buildings\dwf_bridge_gameplay_03_end,1,1,100.00,0,0.00,0,0.00,0,0.00,0,0.00,35000,1,35000,35000,35000,35000.00,0,,
directory_depth_3,rigidmodels\buildings\dwf_bridge_gameplay_04,2,2,100.00,0,0.00,0,0.00,0,0.00,0,0.00,618298,2,618298,285574,332724,309149.00,0,,
directory_depth_3,rigidmodels\buildings\dwf_bridge_gameplay_04_end,2,2,100.00,0,0.00,0,0.00,0,0.00,0,0.00,320948,2,320948,154554,166394,160474.00,0,,
directory_depth_3,rigidmodels\buildings\dwf_bridge_gameplay_05_end,1,1,100.00,0,0.00,0,0.00,0,0.00,0,0.00,79166,1,79166,79166,79166,79166.00,0,,
directory_depth_3,rigidmodels\buildings\dwf_bridge_gameplay_06,1,1,100.00,0,0.00,0,0.00,0,0.00,0,0.00,388432,1,388432,388432,388432,388432.00,0,,
directory_depth_3,rigidmodels\buildings\dwf_bridge_routing_01,2,2,100.00,0,0.00,0,0.00,0,0.00,0,0.00,1724214,2,1724214,743464,980750,862107.00,0,,
directory_depth_3,rigidmodels\buildings\dwf_capture_doorway_01,1,1,100.00,0,0.00,0,0.00,0,0.00,0,0.00,480974,1,480974,480974,480974,480974.00,0,,
directory_depth_3,rigidmodels\buildings\dwf_capture_wall_01,1,1,100.00,0,0.00,0,0.00,0,0.00,0,0.00,435588,1,435588,435588,435588,435588.00,0,,
directory_depth_3,rigidmodels\buildings\dwf_capture_wall_02,1,1,100.00,0,0.00,0,0.00,0,0.00,0,0.00,420632,1,420632,420632,420632,420632.00,0,,
directory_depth_3,rigidmodels\buildings\dwf_capturepoint_01_01,2,2,100.00,0,0.00,0,0.00,0,0.00,0,0.00,1489192,2,1489192,732900,756292,744596.00,0,,
directory_depth_3,rigidmodels\buildings\dwf_capturepoint_01_03,3,3,100.00,0,0.00,0,0.00,0,0.00,0,0.00,1972036,3,1972036,541880,726496,657345.33,0,,
directory_depth_3,rigidmodels\buildings\dwf_cart_large_01,1,1,100.00,0,0.00,0,0.00,0,0.00,0,0.00,195292,1,195292,195292,195292,195292.00,0,,
directory_depth_3,rigidmodels\buildings\dwf_cave_block_01,1,1,100.00,0,0.00,0,0.00,0,0.00,0,0.00,387108,1,387108,387108,387108,387108.00,0,,
directory_depth_3,rigidmodels\buildings\dwf_cave_block_02,1,1,100.00,0,0.00,0,0.00,0,0.00,0,0.00,589598,1,589598,589598,589598,589598.00,0,,
directory_depth_3,rigidmodels\buildings\dwf_cave_block_03,1,1,100.00,0,0.00,0,0.00,0,0.00,0,0.00,246652,1,246652,246652,246652,246652.00,0,,
directory_depth_3,rigidmodels\buildings\dwf_cave_block_04,1,1,100.00,0,0.00,0,0.00,0,0.00,0,0.00,577060,1,577060,577060,577060,577060.00,0,,
directory_depth_3,rigidmodels\buildings\dwf_cave_block_05,1,1,100.00,0,0.00,0,0.00,0,0.00,0,0.00,116886,1,116886,116886,116886,116886.00,0,,
directory_depth_3,rigidmodels\buildings\dwf_cave_block_06,1,1,100.00,0,0.00,0,0.00,0,0.00,0,0.00,210650,1,210650,210650,210650,210650.00,0,,
directory_depth_3,rigidmodels\buildings\dwf_cave_block_07,1,1,100.00,0,0.00,0,0.00,0,0.00,0,0.00,512426,1,512426,512426,512426,512426.00,0,,
directory_depth_3,rigidmodels\buildings\dwf_cave_roof_01,1,1,100.00,0,0.00,0,0.00,0,0.00,0,0.00,46996,1,46996,46996,46996,46996.00,0,,
directory_depth_3,rigidmodels\buildings\dwf_cave_roof_02,1,1,100.00,0,0.00,0,0.00,0,0.00,0,0.00,47708,1,47708,47708,47708,47708.00,0,,
directory_depth_3,rigidmodels\buildings\dwf_cave_roof_03,1,1,100.00,0,0.00,0,0.00,0,0.00,0,0.00,63136,1,63136,63136,63136,63136.00,0,,
directory_depth_3,rigidmodels\buildings\dwf_cave_roof_04,1,1,100.00,0,0.00,0,0.00,0,0.00,0,0.00,63344,1,63344,63344,63344,63344.00,0,,
directory_depth_3,rigidmodels\buildings\dwf_cave_roof_05,1,1,100.00,0,0.00,0,0.00,0,0.00,0,0.00,56280,1,56280,56280,56280,56280.00,0,,
directory_depth_3,rigidmodels\buildings\dwf_cave_roof_06,1,1,100.00,0,0.00,0,0.00,0,0.00,0,0.00,77108,1,77108,77108,77108,77108.00,0,,
directory_depth_3,rigidmodels\buildings\dwf_cave_walls_01,1,1,100.00,0,0.00,0,0.00,0,0.00,0,0.00,892702,1,892702,892702,892702,892702.00,0,,
directory_depth_3,rigidmodels\buildings\dwf_cave_walls_02,1,1,100.00,0,0.00,0,0.00,0,0.00,0,0.00,803940,1,803940,803940,803940,803940.00,0,,
directory_depth_3,rigidmodels\buildings\dwf_cave_walls_03,1,1,100.00,0,0.00,0,0.00,0,0.00,0,0.00,639440,1,639440,639440,639440,639440.00,0,,
directory_depth_3,rigidmodels\buildings\dwf_cave_walls_04,1,1,100.00,0,0.00,0,0.00,0,0.00,0,0.00,848444,1,848444,848444,848444,848444.00,0,,
directory_depth_3,rigidmodels\buildings\dwf_cave_walls_05,1,1,100.00,0,0.00,0,0.00,0,0.00,0,0.00,409660,1,409660,409660,409660,409660.00,0,,
directory_depth_3,rigidmodels\buildings\dwf_cave_walls_06,1,1,100.00,0,0.00,0,0.00,0,0.00,0,0.00,610026,1,610026,610026,610026,610026.00,0,,
directory_depth_3,rigidmodels\buildings\dwf_chimney_big_01,1,1,100.00,0,0.00,0,0.00,0,0.00,0,0.00,52496,1,52496,52496,52496,52496.00,0,,
directory_depth_3,rigidmodels\buildings\dwf_chimney_big_02,1,1,100.00,0,0.00,0,0.00,0,0.00,0,0.00,27156,1,27156,27156,27156,27156.00,0,,
directory_depth_3,rigidmodels\buildings\dwf_chimney_big_03,1,1,100.00,0,0.00,0,0.00,0,0.00,0,0.00,8916,1,8916,8916,8916,8916.00,0,,
directory_depth_3,rigidmodels\buildings\dwf_chimney_big_04,1,1,100.00,0,0.00,0,0.00,0,0.00,0,0.00,16004,1,16004,16004,16004,16004.00,0,,
directory_depth_3,rigidmodels\buildings\dwf_cliff_block_01,1,1,100.00,0,0.00,0,0.00,0,0.00,0,0.00,219244,1,219244,219244,219244,219244.00,0,,
directory_depth_3,rigidmodels\buildings\dwf_cliff_lrg_01_a,1,1,100.00,0,0.00,0,0.00,0,0.00,0,0.00,81430,1,81430,81430,81430,81430.00,0,,
directory_depth_3,rigidmodels\buildings\dwf_cliff_lrg_01_b,1,1,100.00,0,0.00,0,0.00,0,0.00,0,0.00,84962,1,84962,84962,84962,84962.00,0,,
directory_depth_3,rigidmodels\buildings\dwf_cliff_lrg_01_c,1,1,100.00,0,0.00,0,0.00,0,0.00,0,0.00,81572,1,81572,81572,81572,81572.00,0,,
directory_depth_3,rigidmodels\buildings\dwf_cliff_lrg_01_d,1,1,100.00,0,0.00,0,0.00,0,0.00,0,0.00,81638,1,81638,81638,81638,81638.00,0,,
directory_depth_3,rigidmodels\buildings\dwf_cliff_lrg_01_e,1,1,100.00,0,0.00,0,0.00,0,0.00,0,0.00,82210,1,82210,82210,82210,82210.00,0,,
directory_depth_3,rigidmodels\buildings\dwf_cliff_lrg_01_e_mirror,1,1,100.00,0,0.00,0,0.00,0,0.00,0,0.00,82172,1,82172,82172,82172,82172.00,0,,
directory_depth_3,rigidmodels\buildings\dwf_cliff_lrg_01_f,1,1,100.00,0,0.00,0,0.00,0,0.00,0,0.00,85218,1,85218,85218,85218,85218.00,0,,
directory_depth_3,rigidmodels\buildings\dwf_cliff_lrg_01_g,1,1,100.00,0,0.00,0,0.00,0,0.00,0,0.00,81690,1,81690,81690,81690,81690.00,0,,
directory_depth_3,rigidmodels\buildings\dwf_cliff_lrg_01_h,1,1,100.00,0,0.00,0,0.00,0,0.00,0,0.00,81722,1,81722,81722,81722,81722.00,0,,
directory_depth_3,rigidmodels\buildings\dwf_cliff_lrg_02_a,1,1,100.00,0,0.00,0,0.00,0,0.00,0,0.00,79956,1,79956,79956,79956,79956.00,0,,
directory_depth_3,rigidmodels\buildings\dwf_cliff_lrg_02_b,1,1,100.00,0,0.00,0,0.00,0,0.00,0,0.00,79772,1,79772,79772,79772,79772.00,0,,
directory_depth_3,rigidmodels\buildings\dwf_cliff_lrg_02_c,1,1,100.00,0,0.00,0,0.00,0,0.00,0,0.00,81220,1,81220,81220,81220,81220.00,0,,
directory_depth_3,rigidmodels\buildings\dwf_cliff_lrg_02_d,1,1,100.00,0,0.00,0,0.00,0,0.00,0,0.00,81562,1,81562,81562,81562,81562.00,0,,
directory_depth_3,rigidmodels\buildings\dwf_cliff_lrg_02_e,1,1,100.00,0,0.00,0,0.00,0,0.00,0,0.00,81498,1,81498,81498,81498,81498.00,0,,
directory_depth_3,rigidmodels\buildings\dwf_cliff_lrg_02_f,1,1,100.00,0,0.00,0,0.00,0,0.00,0,0.00,83102,1,83102,83102,83102,83102.00,0,,
directory_depth_3,rigidmodels\buildings\dwf_cliff_stal_01,1,1,100.00,0,0.00,0,0.00,0,0.00,0,0.00,76998,1,76998,76998,76998,76998.00,0,,
directory_depth_3,rigidmodels\buildings\dwf_cliff_stal_02,1,1,100.00,0,0.00,0,0.00,0,0.00,0,0.00,593042,1,593042,593042,593042,593042.00,0,,
directory_depth_3,rigidmodels\buildings\dwf_columns_big_01,1,1,100.00,0,0.00,0,0.00,0,0.00,0,0.00,160760,1,160760,160760,160760,160760.00,0,,
directory_depth_3,rigidmodels\buildings\dwf_columns_corner_big_01,1,1,100.00,0,0.00,0,0.00,0,0.00,0,0.00,100288,1,100288,100288,100288,100288.00,0,,
directory_depth_3,rigidmodels\buildings\dwf_debris_01,1,1,100.00,0,0.00,0,0.00,0,0.00,0,0.00,3516,1,3516,3516,3516,3516.00,0,,
directory_depth_3,rigidmodels\buildings\dwf_debris_02,1,1,100.00,0,0.00,0,0.00,0,0.00,0,0.00,6024,1,6024,6024,6024,6024.00,0,,
directory_depth_3,rigidmodels\buildings\dwf_debris_03,1,1,100.00,0,0.00,0,0.00,0,0.00,0,0.00,4380,1,4380,4380,4380,4380.00,0,,
directory_depth_3,rigidmodels\buildings\dwf_debris_04,1,1,100.00,0,0.00,0,0.00,0,0.00,0,0.00,9600,1,9600,9600,9600,9600.00,0,,
directory_depth_3,rigidmodels\buildings\dwf_debris_05,1,1,100.00,0,0.00,0,0.00,0,0.00,0,0.00,3516,1,3516,3516,3516,3516.00,0,,
directory_depth_3,rigidmodels\buildings\dwf_debris_06,1,1,100.00,0,0.00,0,0.00,0,0.00,0,0.00,10044,1,10044,10044,10044,10044.00,0,,
directory_depth_3,rigidmodels\buildings\dwf_debris_07,1,1,100.00,0,0.00,0,0.00,0,0.00,0,0.00,9048,1,9048,9048,9048,9048.00,0,,
directory_depth_3,rigidmodels\buildings\dwf_debris_08,1,1,100.00,0,0.00,0,0.00,0,0.00,0,0.00,10148,1,10148,10148,10148,10148.00,0,,
directory_depth_3,rigidmodels\buildings\dwf_defense_bastion_01,1,1,100.00,0,0.00,0,0.00,0,0.00,0,0.00,238396,1,238396,238396,238396,238396.00,0,,
directory_depth_3,rigidmodels\buildings\dwf_defense_bastion_02,3,3,100.00,0,0.00,0,0.00,0,0.00,0,0.00,806728,3,806728,93970,359532,268909.33,0,,
directory_depth_3,rigidmodels\buildings\dwf_defense_bastion_door_01,1,1,100.00,0,0.00,0,0.00,0,0.00,0,0.00,9024,1,9024,9024,9024,9024.00,0,,
directory_depth_3,rigidmodels\buildings\dwf_defense_tower_01,2,2,100.00,0,0.00,0,0.00,0,0.00,0,0.00,600032,2,600032,270136,329896,300016.00,0,,
directory_depth_3,rigidmodels\buildings\dwf_defense_tower_02,2,2,100.00,0,0.00,0,0.00,0,0.00,0,0.00,562904,2,562904,223568,339336,281452.00,0,,
directory_depth_3,rigidmodels\buildings\dwf_forge_01,1,1,100.00,0,0.00,0,0.00,0,0.00,0,0.00,882392,1,882392,882392,882392,882392.00,0,,
directory_depth_3,rigidmodels\buildings\dwf_forge_arch_cnr,1,1,100.00,0,0.00,0,0.00,0,0.00,0,0.00,71212,1,71212,71212,71212,71212.00,0,,
directory_depth_3,rigidmodels\buildings\dwf_forge_arch_end,1,1,100.00,0,0.00,0,0.00,0,0.00,0,0.00,5524,1,5524,5524,5524,5524.00,0,,
directory_depth_3,rigidmodels\buildings\dwf_forge_arch_slope,3,3,100.00,0,0.00,0,0.00,0,0.00,0,0.00,381668,3,381668,103736,168138,127222.67,0,,
directory_depth_3,rigidmodels\buildings\dwf_forge_arch_str,3,3,100.00,0,0.00,0,0.00,0,0.00,0,0.00,239688,3,239688,52604,111342,79896.00,0,,
directory_depth_3,rigidmodels\buildings\dwf_forge_conveyer,1,1,100.00,0,0.00,0,0.00,0,0.00,0,0.00,308792,1,308792,308792,308792,308792.00,0,,
directory_depth_3,rigidmodels\buildings\dwf_forge_drophammer_01,1,1,100.00,0,0.00,0,0.00,0,0.00,0,0.00,128488,1,128488,128488,128488,128488.00,0,,
directory_depth_3,rigidmodels\buildings\dwf_forge_drophammer_02,1,1,100.00,0,0.00,0,0.00,0,0.00,0,0.00,179262,1,179262,179262,179262,179262.00,0,,
directory_depth_3,rigidmodels\buildings\dwf_forge_drophammer_03,1,1,100.00,0,0.00,0,0.00,0,0.00,0,0.00,247228,1,247228,247228,247228,247228.00,0,,
directory_depth_3,rigidmodels\buildings\dwf_forge_hammer_giant,2,2,100.00,0,0.00,0,0.00,0,0.00,0,0.00,857490,2,857490,407372,450118,428745.00,0,,
directory_depth_3,rigidmodels\buildings\dwf_gatehouse_60m,9,9,100.00,0,0.00,0,0.00,0,0.00,0,0.00,3298000,9,3298000,113032,1190628,366444.44,0,,
directory_depth_3,rigidmodels\buildings\dwf_gatehouse_head_01,2,2,100.00,0,0.00,0,0.00,0,0.00,0,0.00,247712,2,247712,120680,127032,123856.00,0,,
directory_depth_3,rigidmodels\buildings\dwf_gatehouse_head_02,2,2,100.00,0,0.00,0,0.00,0,0.00,0,0.00,235574,2,235574,108542,127032,117787.00,0,,
directory_depth_3,rigidmodels\buildings\dwf_grimms_01,1,1,100.00,0,0.00,0,0.00,0,0.00,0,0.00,155726,1,155726,155726,155726,155726.00,0,,
directory_depth_3,rigidmodels\buildings\dwf_grimms_02,1,1,100.00,0,0.00,0,0.00,0,0.00,0,0.00,259528,1,259528,259528,259528,259528.00,0,,
directory_depth_3,rigidmodels\buildings\dwf_grimms_03,1,1,100.00,0,0.00,0,0.00,0,0.00,0,0.00,194470,1,194470,194470,194470,194470.00,0,,
directory_depth_3,rigidmodels\buildings\dwf_grimms_04,1,1,100.00,0,0.00,0,0.00,0,0.00,0,0.00,72254,1,72254,72254,72254,72254.00,0,,
directory_depth_3,rigidmodels\buildings\dwf_gyro_pad_01,1,1,100.00,0,0.00,0,0.00,0,0.00,0,0.00,1332066,1,1332066,1332066,1332066,1332066.00,0,,
directory_depth_3,rigidmodels\buildings\dwf_house_barrel_01,1,1,100.00,0,0.00,0,0.00,0,0.00,0,0.00,899208,1,899208,899208,899208,899208.00,0,,
directory_depth_3,rigidmodels\buildings\dwf_house_blacksmith_01,1,1,100.00,0,0.00,0,0.00,0,0.00,0,0.00,1123592,1,1123592,1123592,1123592,1123592.00,0,,
directory_depth_3,rigidmodels\buildings\dwf_house_brewery_01,1,1,100.00,0,0.00,0,0.00,0,0.00,0,0.00,815108,1,815108,815108,815108,815108.00,0,,
directory_depth_3,rigidmodels\buildings\dwf_house_doublestorey_01,3,3,100.00,0,0.00,0,0.00,0,0.00,0,0.00,4258358,3,4258358,1311170,1510876,1419452.67,0,,
directory_depth_3,rigidmodels\buildings\dwf_house_doublestorey_02,3,3,100.00,0,0.00,0,0.00,0,0.00,0,0.00,3579686,3,3579686,1071262,1287544,1193228.67,0,,
directory_depth_3,rigidmodels\buildings\dwf_lamp_small,2,2,100.00,0,0.00,0,0.00,0,0.00,0,0.00,6524,2,6524,2976,3548,3262.00,0,,
directory_depth_3,rigidmodels\buildings\dwf_lantern_01,1,1,100.00,0,0.00,0,0.00,0,0.00,0,0.00,293592,1,293592,293592,293592,293592.00,0,,
directory_depth_3,rigidmodels\buildings\dwf_lantern_hanging_01,3,3,100.00,0,0.00,0,0.00,0,0.00,0,0.00,466732,3,466732,139344,187470,155577.33,0,,
directory_depth_3,rigidmodels\buildings\dwf_merlon_01,3,3,100.00,0,0.00,0,0.00,0,0.00,0,0.00,52948,3,52948,12918,22364,17649.33,0,,
directory_depth_3,rigidmodels\buildings\dwf_merlon_01_mirror,3,3,100.00,0,0.00,0,0.00,0,0.00,0,0.00,42196,3,42196,7446,22556,14065.33,0,,
directory_depth_3,rigidmodels\buildings\dwf_merlon_02,3,3,100.00,0,0.00,0,0.00,0,0.00,0,0.00,57342,3,57342,13948,22364,19114.00,0,,
directory_depth_3,rigidmodels\buildings\dwf_merlon_03,3,3,100.00,0,0.00,0,0.00,0,0.00,0,0.00,53970,3,53970,13948,22364,17990.00,0,,
directory_depth_3,rigidmodels\buildings\dwf_merlon_gatehouse_small_01,2,2,100.00,0,0.00,0,0.00,0,0.00,0,0.00,18550,2,18550,7524,11026,9275.00,0,,
directory_depth_3,rigidmodels\buildings\dwf_merlon_gatehouse_small_02,2,2,100.00,0,0.00,0,0.00,0,0.00,0,0.00,18026,2,18026,7524,10502,9013.00,0,,
directory_depth_3,rigidmodels\buildings\dwf_ming_cart_01,1,1,100.00,0,0.00,0,0.00,0,0.00,0,0.00,41168,1,41168,41168,41168,41168.00,0,,
directory_depth_3,rigidmodels\buildings\dwf_ming_cart_02,1,1,100.00,0,0.00,0,0.00,0,0.00,0,0.00,49800,1,49800,49800,49800,49800.00,0,,
directory_depth_3,rigidmodels\buildings\dwf_ming_equip_misc_01,1,1,100.00,0,0.00,0,0.00,0,0.00,0,0.00,114258,1,114258,114258,114258,114258.00,0,,
directory_depth_3,rigidmodels\buildings\dwf_ming_equip_misc_02,1,1,100.00,0,0.00,0,0.00,0,0.00,0,0.00,149436,1,149436,149436,149436,149436.00,0,,
directory_depth_3,rigidmodels\buildings\dwf_ming_equip_misc_03,1,1,100.00,0,0.00,0,0.00,0,0.00,0,0.00,151192,1,151192,151192,151192,151192.00,0,,
directory_depth_3,rigidmodels\buildings\dwf_mining_anvil,1,1,100.00,0,0.00,0,0.00,0,0.00,0,0.00,43356,1,43356,43356,43356,43356.00,0,,
directory_depth_3,rigidmodels\buildings\dwf_mining_chain_01,1,1,100.00,0,0.00,0,0.00,0,0.00,0,0.00,78660,1,78660,78660,78660,78660.00,0,,
directory_depth_3,rigidmodels\buildings\dwf_mining_coal_pit_01,1,1,100.00,0,0.00,0,0.00,0,0.00,0,0.00,155190,1,155190,155190,155190,155190.00,0,,
directory_depth_3,rigidmodels\buildings\dwf_mining_cog_01,1,1,100.00,0,0.00,0,0.00,0,0.00,0,0.00,67108,1,67108,67108,67108,67108.00,0,,
directory_depth_3,rigidmodels\buildings\dwf_mining_conveyer_01,1,1,100.00,0,0.00,0,0.00,0,0.00,0,0.00,232300,1,232300,232300,232300,232300.00,0,,
directory_depth_3,rigidmodels\buildings\dwf_mining_conveyer_02,1,1,100.00,0,0.00,0,0.00,0,0.00,0,0.00,58468,1,58468,58468,58468,58468.00,0,,
directory_depth_3,rigidmodels\buildings\dwf_mining_crucible,1,1,100.00,0,0.00,0,0.00,0,0.00,0,0.00,26788,1,26788,26788,26788,26788.00,0,,
directory_depth_3,rigidmodels\buildings\dwf_mining_elevator_01,1,1,100.00,0,0.00,0,0.00,0,0.00,0,0.00,182428,1,182428,182428,182428,182428.00,0,,
directory_depth_3,rigidmodels\buildings\dwf_mining_entrance_face_01,1,1,100.00,0,0.00,0,0.00,0,0.00,0,0.00,113766,1,113766,113766,113766,113766.00,0,,
directory_depth_3,rigidmodels\buildings\dwf_mining_entrance_large_01,1,1,100.00,0,0.00,0,0.00,0,0.00,0,0.00,24708,1,24708,24708,24708,24708.00,0,,
directory_depth_3,rigidmodels\buildings\dwf_mining_entrance_roman_01,1,1,100.00,0,0.00,0,0.00,0,0.00,0,0.00,11572,1,11572,11572,11572,11572.00,0,,
directory_depth_3,rigidmodels\buildings\dwf_mining_entrance_shed_01,1,1,100.00,0,0.00,0,0.00,0,0.00,0,0.00,131888,1,131888,131888,131888,131888.00,0,,
directory_depth_3,rigidmodels\buildings\dwf_mining_equip_engine_01,1,1,100.00,0,0.00,0,0.00,0,0.00,0,0.00,195864,1,195864,195864,195864,195864.00,0,,
directory_depth_3,rigidmodels\buildings\dwf_mining_forge_metal_01,1,1,100.00,0,0.00,0,0.00,0,0.00,0,0.00,136928,1,136928,136928,136928,136928.00,0,,
directory_depth_3,rigidmodels\buildings\dwf_mining_forge_metal_02,1,1,100.00,0,0.00,0,0.00,0,0.00,0,0.00,223040,1,223040,223040,223040,223040.00,0,,
directory_depth_3,rigidmodels\buildings\dwf_mining_forge_pit_01,1,1,100.00,0,0.00,0,0.00,0,0.00,0,0.00,227604,1,227604,227604,227604,227604.00,0,,
directory_depth_3,rigidmodels\buildings\dwf_mining_forge_stone,1,1,100.00,0,0.00,0,0.00,0,0.00,0,0.00,12068,1,12068,12068,12068,12068.00,0,,
directory_depth_3,rigidmodels\buildings\dwf_mining_hammer,1,1,100.00,0,0.00,0,0.00,0,0.00,0,0.00,10136,1,10136,10136,10136,10136.00,0,,
directory_depth_3,rigidmodels\buildings\dwf_mining_shed_01,1,1,100.00,0,0.00,0,0.00,0,0.00,0,0.00,41844,1,41844,41844,41844,41844.00,0,,
directory_depth_3,rigidmodels\buildings\dwf_mining_shed_02,1,1,100.00,0,0.00,0,0.00,0,0.00,0,0.00,16528,1,16528,16528,16528,16528.00,0,,
directory_depth_3,rigidmodels\buildings\dwf_mining_stairs_01,1,1,100.00,0,0.00,0,0.00,0,0.00,0,0.00,50076,1,50076,50076,50076,50076.00,0,,
directory_depth_3,rigidmodels\buildings\dwf_mining_strut_01,1,1,100.00,0,0.00,0,0.00,0,0.00,0,0.00,5196,1,5196,5196,5196,5196.00,0,,
directory_depth_3,rigidmodels\buildings\dwf_mining_track_arch_01,1,1,100.00,0,0.00,0,0.00,0,0.00,0,0.00,14772,1,14772,14772,14772,14772.00,0,,
directory_depth_3,rigidmodels\buildings\dwf_mining_track_cnr_5m,1,1,100.00,0,0.00,0,0.00,0,0.00,0,0.00,28816,1,28816,28816,28816,28816.00,0,,
directory_depth_3,rigidmodels\buildings\dwf_mining_track_crane_01,1,1,100.00,0,0.00,0,0.00,0,0.00,0,0.00,33980,1,33980,33980,33980,33980.00,0,,
directory_depth_3,rigidmodels\buildings\dwf_mining_track_end_5m,1,1,100.00,0,0.00,0,0.00,0,0.00,0,0.00,22880,1,22880,22880,22880,22880.00,0,,
directory_depth_3,rigidmodels\buildings\dwf_mining_track_rdwn_5m,3,3,100.00,0,0.00,0,0.00,0,0.00,0,0.00,124740,3,124740,38488,45616,41580.00,0,,
directory_depth_3,rigidmodels\buildings\dwf_mining_track_rup_5m,3,3,100.00,0,0.00,0,0.00,0,0.00,0,0.00,123756,3,123756,38488,44144,41252.00,0,,
directory_depth_3,rigidmodels\buildings\dwf_mining_track_str_5m,3,3,100.00,0,0.00,0,0.00,0,0.00,0,0.00,126728,3,126728,38256,49984,42242.67,0,,
directory_depth_3,rigidmodels\buildings\dwf_mining_trap_door_01,1,1,100.00,0,0.00,0,0.00,0,0.00,0,0.00,14672,1,14672,14672,14672,14672.00,0,,
directory_depth_3,rigidmodels\buildings\dwf_mining_wbarrow,1,1,100.00,0,0.00,0,0.00,0,0.00,0,0.00,18056,1,18056,18056,18056,18056.00,0,,
directory_depth_3,rigidmodels\buildings\dwf_road_std_01,2,2,100.00,0,0.00,0,0.00,0,0.00,0,0.00,314294,2,314294,130042,184252,157147.00,0,,
directory_depth_3,rigidmodels\buildings\dwf_road_std_02,1,1,100.00,0,0.00,0,0.00,0,0.00,0,0.00,83066,1,83066,83066,83066,83066.00,0,,
directory_depth_3,rigidmodels\buildings\dwf_road_std_03,1,1,100.00,0,0.00,0,0.00,0,0.00,0,0.00,84924,1,84924,84924,84924,84924.00,0,,
directory_depth_3,rigidmodels\buildings\dwf_rock_a,1,1,100.00,0,0.00,0,0.00,0,0.00,0,0.00,53720,1,53720,53720,53720,53720.00,0,,
directory_depth_3,rigidmodels\buildings\dwf_rock_b,1,1,100.00,0,0.00,0,0.00,0,0.00,0,0.00,57144,1,57144,57144,57144,57144.00,0,,
directory_depth_3,rigidmodels\buildings\dwf_rock_c,1,1,100.00,0,0.00,0,0.00,0,0.00,0,0.00,48916,1,48916,48916,48916,48916.00,0,,
directory_depth_3,rigidmodels\buildings\dwf_rock_d,1,1,100.00,0,0.00,0,0.00,0,0.00,0,0.00,47680,1,47680,47680,47680,47680.00,0,,
directory_depth_3,rigidmodels\buildings\dwf_rock_e,1,1,100.00,0,0.00,0,0.00,0,0.00,0,0.00,39940,1,39940,39940,39940,39940.00,0,,
directory_depth_3,rigidmodels\buildings\dwf_rocklrg_01,1,1,100.00,0,0.00,0,0.00,0,0.00,0,0.00,31732,1,31732,31732,31732,31732.00,0,,
directory_depth_3,rigidmodels\buildings\dwf_rocklrg_02,1,1,100.00,0,0.00,0,0.00,0,0.00,0,0.00,16628,1,16628,16628,16628,16628.00,0,,
directory_depth_3,rigidmodels\buildings\dwf_rockmed_01,1,1,100.00,0,0.00,0,0.00,0,0.00,0,0.00,15364,1,15364,15364,15364,15364.00,0,,
directory_depth_3,rigidmodels\buildings\dwf_rockmed_02,1,1,100.00,0,0.00,0,0.00,0,0.00,0,0.00,15688,1,15688,15688,15688,15688.00,0,,
directory_depth_3,rigidmodels\buildings\dwf_rockmed_03,1,1,100.00,0,0.00,0,0.00,0,0.00,0,0.00,14540,1,14540,14540,14540,14540.00,0,,
directory_depth_3,rigidmodels\buildings\dwf_rocksml_01,1,1,100.00,0,0.00,0,0.00,0,0.00,0,0.00,10308,1,10308,10308,10308,10308.00,0,,
directory_depth_3,rigidmodels\buildings\dwf_roof_big_01,1,1,100.00,0,0.00,0,0.00,0,0.00,0,0.00,87664,1,87664,87664,87664,87664.00,0,,
directory_depth_3,rigidmodels\buildings\dwf_roof_pilar_01,1,1,100.00,0,0.00,0,0.00,0,0.00,0,0.00,325508,1,325508,325508,325508,325508.00,0,,
directory_depth_3,rigidmodels\buildings\dwf_roof_railyard_piece_02,3,3,100.00,0,0.00,0,0.00,0,0.00,0,0.00,5179368,3,5179368,1659036,1788250,1726456.00,0,,
directory_depth_3,rigidmodels\buildings\dwf_rubble_01,1,1,100.00,0,0.00,0,0.00,0,0.00,0,0.00,134254,1,134254,134254,134254,134254.00,0,,
directory_depth_3,rigidmodels\buildings\dwf_rubble_flat_01,1,1,100.00,0,0.00,0,0.00,0,0.00,0,0.00,3612,1,3612,3612,3612,3612.00,0,,
directory_depth_3,rigidmodels\buildings\dwf_rubble_flat_02,1,1,100.00,0,0.00,0,0.00,0,0.00,0,0.00,3872,1,3872,3872,3872,3872.00,0,,
directory_depth_3,rigidmodels\buildings\dwf_rubble_flat_04,1,1,100.00,0,0.00,0,0.00,0,0.00,0,0.00,3104,1,3104,3104,3104,3104.00,0,,
directory_depth_3,rigidmodels\buildings\dwf_rubble_flat_05,1,1,100.00,0,0.00,0,0.00,0,0.00,0,0.00,3292,1,3292,3292,3292,3292.00,0,,
directory_depth_3,rigidmodels\buildings\dwf_rubble_path_01,1,1,100.00,0,0.00,0,0.00,0,0.00,0,0.00,106970,1,106970,106970,106970,106970.00,0,,
directory_depth_3,rigidmodels\buildings\dwf_rubble_path_02,1,1,100.00,0,0.00,0,0.00,0,0.00,0,0.00,61048,1,61048,61048,61048,61048.00,0,,
directory_depth_3,rigidmodels\buildings\dwf_rubble_rocks_01,1,1,100.00,0,0.00,0,0.00,0,0.00,0,0.00,22006,1,22006,22006,22006,22006.00,0,,
directory_depth_3,rigidmodels\buildings\dwf_rubble_small_01,1,1,100.00,0,0.00,0,0.00,0,0.00,0,0.00,36840,1,36840,36840,36840,36840.00,0,,
directory_depth_3,rigidmodels\buildings\dwf_rubble_small_02,1,1,100.00,0,0.00,0,0.00,0,0.00,0,0.00,46770,1,46770,46770,46770,46770.00,0,,
directory_depth_3,rigidmodels\buildings\dwf_rubble_small_03,1,1,100.00,0,0.00,0,0.00,0,0.00,0,0.00,63428,1,63428,63428,63428,63428.00,0,,
directory_depth_3,rigidmodels\buildings\dwf_rubble_small_04,1,1,100.00,0,0.00,0,0.00,0,0.00,0,0.00,3752,1,3752,3752,3752,3752.00,0,,
directory_depth_3,rigidmodels\buildings\dwf_sidewalk_01,1,1,100.00,0,0.00,0,0.00,0,0.00,0,0.00,3992,1,3992,3992,3992,3992.00,0,,
directory_depth_3,rigidmodels\buildings\dwf_sidewalk_02,1,1,100.00,0,0.00,0,0.00,0,0.00,0,0.00,4536,1,4536,4536,4536,4536.00,0,,
directory_depth_3,rigidmodels\buildings\dwf_sidewalk_02_02,1,1,100.00,0,0.00,0,0.00,0,0.00,0,0.00,6336,1,6336,6336,6336,6336.00,0,,
directory_depth_3,rigidmodels\buildings\dwf_siege_tower_15m,12,12,100.00,0,0.00,0,0.00,0,0.00,0,0.00,1392366,12,1392366,9964,501074,116030.50,0,,
directory_depth_3,rigidmodels\buildings\dwf_siege_tower_statue_15m,15,15,100.00,0,0.00,0,0.00,0,0.00,0,0.00,1170304,15,1170304,18924,198296,78020.27,0,,
directory_depth_3,rigidmodels\buildings\dwf_stairs_small_01,1,1,100.00,0,0.00,0,0.00,0,0.00,0,0.00,5732,1,5732,5732,5732,5732.00,0,,
directory_depth_3,rigidmodels\buildings\dwf_stairs_small_left_01,1,1,100.00,0,0.00,0,0.00,0,0.00,0,0.00,4690,1,4690,4690,4690,4690.00,0,,
directory_depth_3,rigidmodels\buildings\dwf_stairs_small_right_01,1,1,100.00,0,0.00,0,0.00,0,0.00,0,0.00,4690,1,4690,4690,4690,4690.00,0,,
directory_depth_3,rigidmodels\buildings\dwf_statue_03,3,3,100.00,0,0.00,0,0.00,0,0.00,0,0.00,812694,3,812694,144098,341460,270898.00,0,,
directory_depth_3,rigidmodels\buildings\dwf_statue_big_01_axe_01,3,3,100.00,0,0.00,0,0.00,0,0.00,0,0.00,97896,3,97896,12412,44752,32632.00,0,,
directory_depth_3,rigidmodels\buildings\dwf_statue_big_01_body_01,3,3,100.00,0,0.00,0,0.00,0,0.00,0,0.00,150944,3,150944,16676,67262,50314.67,0,,
directory_depth_3,rigidmodels\buildings\dwf_statue_big_01_hammer_01,3,3,100.00,0,0.00,0,0.00,0,0.00,0,0.00,147236,3,147236,20500,68428,49078.67,0,,
directory_depth_3,rigidmodels\buildings\dwf_statue_big_01_helmet_01,3,3,100.00,0,0.00,0,0.00,0,0.00,0,0.00,49704,3,49704,11344,27016,16568.00,0,,
directory_depth_3,rigidmodels\buildings\dwf_statue_big_01_helmethorns_01,3,3,100.00,0,0.00,0,0.00,0,0.00,0,0.00,52348,3,52348,11972,26892,17449.33,0,,
directory_depth_3,rigidmodels\buildings\dwf_statue_big_01_plinth_01,3,3,100.00,0,0.00,0,0.00,0,0.00,0,0.00,197598,3,197598,20772,90694,65866.00,0,,
directory_depth_3,rigidmodels\buildings\dwf_statue_big_01_plinthside_01,3,3,100.00,0,0.00,0,0.00,0,0.00,0,0.00,98656,3,98656,27528,39728,32885.33,0,,
directory_depth_3,rigidmodels\buildings\dwf_statue_big_02_body_02,3,3,100.00,0,0.00,0,0.00,0,0.00,0,0.00,538872,3,538872,122176,218904,179624.00,0,,
directory_depth_3,rigidmodels\buildings\dwf_statue_big_02_body_02_nolods,3,3,100.00,0,0.00,0,0.00,0,0.00,0,0.00,638610,3,638610,148896,268030,212870.00,0,,
directory_depth_3,rigidmodels\buildings\dwf_statue_big_02_hammer_02,3,3,100.00,0,0.00,0,0.00,0,0.00,0,0.00,69168,3,69168,9548,29908,23056.00,0,,
directory_depth_3,rigidmodels\buildings\dwf_statue_big_02_hammer_02_nolods,3,3,100.00,0,0.00,0,0.00,0,0.00,0,0.00,78468,3,78468,10252,34560,26156.00,0,,
directory_depth_3,rigidmodels\buildings\dwf_statue_big_02_helmet_02,3,3,100.00,0,0.00,0,0.00,0,0.00,0,0.00,99280,3,99280,25072,37540,33093.33,0,,
directory_depth_3,rigidmodels\buildings\dwf_statue_big_02_helmet_02_nolods,3,3,100.00,0,0.00,0,0.00,0,0.00,0,0.00,103378,3,103378,25312,40910,34459.33,0,,
directory_depth_3,rigidmodels\buildings\dwf_statue_big_02_horns_02,3,3,100.00,0,0.00,0,0.00,0,0.00,0,0.00,64632,3,64632,16324,30128,21544.00,0,,
directory_depth_3,rigidmodels\buildings\dwf_statue_big_02_horns_02_nolods,3,3,100.00,0,0.00,0,0.00,0,0.00,0,0.00,69268,3,69268,17912,31904,23089.33,0,,
directory_depth_3,rigidmodels\buildings\dwf_statue_big_02_plinth_02,3,3,100.00,0,0.00,0,0.00,0,0.00,0,0.00,179674,3,179674,25208,115396,59891.33,0,,
directory_depth_3,rigidmodels\buildings\dwf_statue_big_02_shield_02,3,3,100.00,0,0.00,0,0.00,0,0.00,0,0.00,65840,3,65840,17976,27148,21946.67,0,,
directory_depth_3,rigidmodels\buildings\dwf_statue_big_02_shield_02_nolods,3,3,100.00,0,0.00,0,0.00,0,0.00,0,0.00,67840,3,67840,19512,26960,22613.33,0,,
directory_depth_3,rigidmodels\buildings\dwf_statue_small_01,3,3,100.00,0,0.00,0,0.00,0,0.00,0,0.00,159390,3,159390,50902,57350,53130.00,0,,
directory_depth_3,rigidmodels\buildings\dwf_stone_a,1,1,100.00,0,0.00,0,0.00,0,0.00,0,0.00,9576,1,9576,9576,9576,9576.00,0,,
directory_depth_3,rigidmodels\buildings\dwf_stone_b,1,1,100.00,0,0.00,0,0.00,0,0.00,0,0.00,10196,1,10196,10196,10196,10196.00,0,,
directory_depth_3,rigidmodels\buildings\dwf_stone_c,1,1,100.00,0,0.00,0,0.00,0,0.00,0,0.00,4636,1,4636,4636,4636,4636.00,0,,
directory_depth_3,rigidmodels\buildings\dwf_stone_d,1,1,100.00,0,0.00,0,0.00,0,0.00,0,0.00,16396,1,16396,16396,16396,16396.00,0,,
directory_depth_3,rigidmodels\buildings\dwf_stone_e,1,1,100.00,0,0.00,0,0.00,0,0.00,0,0.00,16492,1,16492,16492,16492,16492.00,0,,
directory_depth_3,rigidmodels\buildings\dwf_stone_f,1,1,100.00,0,0.00,0,0.00,0,0.00,0,0.00,18596,1,18596,18596,18596,18596.00,0,,
directory_depth_3,rigidmodels\buildings\dwf_support_platform_01,1,1,100.00,0,0.00,0,0.00,0,0.00,0,0.00,21836,1,21836,21836,21836,21836.00,0,,
directory_depth_3,rigidmodels\buildings\dwf_support_platform_02,2,2,100.00,0,0.00,0,0.00,0,0.00,0,0.00,218098,2,218098,87388,130710,109049.00,0,,
directory_depth_3,rigidmodels\buildings\dwf_support_platform_03,1,1,100.00,0,0.00,0,0.00,0,0.00,0,0.00,76852,1,76852,76852,76852,76852.00,0,,
directory_depth_3,rigidmodels\buildings\dwf_support_platform_04,1,1,100.00,0,0.00,0,0.00,0,0.00,0,0.00,50568,1,50568,50568,50568,50568.00,0,,
directory_depth_3,rigidmodels\buildings\dwf_supports_100m_01,2,2,100.00,0,0.00,0,0.00,0,0.00,0,0.00,2349644,2,2349644,1023232,1326412,1174822.00,0,,
directory_depth_3,rigidmodels\buildings\dwf_supports_100m_02,2,2,100.00,0,0.00,0,0.00,0,0.00,0,0.00,852950,2,852950,371128,481822,426475.00,0,,
directory_depth_3,rigidmodels\buildings\dwf_supports_100m_03,2,2,100.00,0,0.00,0,0.00,0,0.00,0,0.00,306430,2,306430,144988,161442,153215.00,0,,
directory_depth_3,rigidmodels\buildings\dwf_table_01,3,3,100.00,0,0.00,0,0.00,0,0.00,0,0.00,222174,3,222174,42754,99880,74058.00,0,,
directory_depth_3,rigidmodels\buildings\dwf_tent,3,3,100.00,0,0.00,0,0.00,0,0.00,0,0.00,68736,3,68736,21868,24506,22912.00,0,,
directory_depth_3,rigidmodels\buildings\dwf_tower_big_01,2,2,100.00,0,0.00,0,0.00,0,0.00,0,0.00,713006,2,713006,292772,420234,356503.00,0,,
directory_depth_3,rigidmodels\buildings\dwf_tower_free_01,2,2,100.00,0,0.00,0,0.00,0,0.00,0,0.00,1133142,2,1133142,543520,589622,566571.00,0,,
directory_depth_3,rigidmodels\buildings\dwf_tower_freestanding_01,3,3,100.00,0,0.00,0,0.00,0,0.00,0,0.00,1517370,3,1517370,140542,728484,505790.00,0,,
directory_depth_3,rigidmodels\buildings\dwf_tower_placement_01,3,3,100.00,0,0.00,0,0.00,0,0.00,0,0.00,1517370,3,1517370,140542,728484,505790.00,0,,
directory_depth_3,rigidmodels\buildings\dwf_tower_placement_02,3,3,100.00,0,0.00,0,0.00,0,0.00,0,0.00,1517370,3,1517370,140542,728484,505790.00,0,,
directory_depth_3,rigidmodels\buildings\dwf_tower_placement_03,3,3,100.00,0,0.00,0,0.00,0,0.00,0,0.00,1517370,3,1517370,140542,728484,505790.00,0,,
directory_depth_3,rigidmodels\buildings\dwf_tower_placement_04,3,3,100.00,0,0.00,0,0.00,0,0.00,0,0.00,1517370,3,1517370,140542,728484,505790.00,0,,
directory_depth_3,rigidmodels\buildings\dwf_tower_small_01,2,2,100.00,0,0.00,0,0.00,0,0.00,0,0.00,713006,2,713006,292772,420234,356503.00,0,,
directory_depth_3,rigidmodels\buildings\dwf_underway_archway_a,1,1,100.00,0,0.00,0,0.00,0,0.00,0,0.00,85440,1,85440,85440,85440,85440.00,0,,
directory_depth_3,rigidmodels\buildings\dwf_underway_archway_centre_a,1,1,100.00,0,0.00,0,0.00,0,0.00,0,0.00,223584,1,223584,223584,223584,223584.00,0,,
directory_depth_3,rigidmodels\buildings\dwf_underway_archway_column_a,1,1,100.00,0,0.00,0,0.00,0,0.00,0,0.00,524664,1,524664,524664,524664,524664.00,0,,
directory_depth_3,rigidmodels\buildings\dwf_underway_archway_d,3,3,100.00,0,0.00,0,0.00,0,0.00,0,0.00,3449772,3,3449772,1007592,1278922,1149924.00,0,,
directory_depth_3,rigidmodels\buildings\dwf_underway_archway_wall_supports_a,1,1,100.00,0,0.00,0,0.00,0,0.00,0,0.00,10640,1,10640,10640,10640,10640.00,0,,
directory_depth_3,rigidmodels\buildings\dwf_underway_bridge_01,3,3,100.00,0,0.00,0,0.00,0,0.00,0,0.00,2723276,3,2723276,483676,1137862,907758.67,0,,
directory_depth_3,rigidmodels\buildings\dwf_underway_column_wall_a,1,1,100.00,0,0.00,0,0.00,0,0.00,0,0.00,364832,1,364832,364832,364832,364832.00,0,,
directory_depth_3,rigidmodels\buildings\dwf_underway_gate_01,2,2,100.00,0,0.00,0,0.00,0,0.00,0,0.00,1689282,2,1689282,650490,1038792,844641.00,0,,
directory_depth_3,rigidmodels\buildings\dwf_underway_gate_02,1,1,100.00,0,0.00,0,0.00,0,0.00,0,0.00,320476,1,320476,320476,320476,320476.00,0,,
directory_depth_3,rigidmodels\buildings\dwf_underway_gate_03,1,1,100.00,0,0.00,0,0.00,0,0.00,0,0.00,538836,1,538836,538836,538836,538836.00,0,,
directory_depth_3,rigidmodels\buildings\dwf_underway_hold_archway_a,3,3,100.00,0,0.00,0,0.00,0,0.00,0,0.00,2696230,3,2696230,625742,1186340,898743.33,0,,
directory_depth_3,rigidmodels\buildings\dwf_underway_hold_archway_b,3,3,100.00,0,0.00,0,0.00,0,0.00,0,0.00,1161514,3,1161514,252262,478192,387171.33,0,,
directory_depth_3,rigidmodels\buildings\dwf_underway_hold_archway_d,3,3,100.00,0,0.00,0,0.00,0,0.00,0,0.00,3493348,3,3493348,1023044,1295026,1164449.33,0,,
directory_depth_3,rigidmodels\buildings\dwf_underway_hold_archway_facade_a,3,3,100.00,0,0.00,0,0.00,0,0.00,0,0.00,1608460,3,1608460,358286,630996,536153.33,0,,
directory_depth_3,rigidmodels\buildings\dwf_underway_hold_archway_facade_b,3,3,100.00,0,0.00,0,0.00,0,0.00,0,0.00,1339756,3,1339756,247180,552696,446585.33,0,,
directory_depth_3,rigidmodels\buildings\dwf_underway_hold_archway_facade_c,3,3,100.00,0,0.00,0,0.00,0,0.00,0,0.00,1053646,3,1053646,265456,415994,351215.33,0,,
directory_depth_3,rigidmodels\buildings\dwf_underway_hold_column_a,3,3,100.00,0,0.00,0,0.00,0,0.00,0,0.00,1684148,3,1684148,289854,766088,561382.67,0,,
directory_depth_3,rigidmodels\buildings\dwf_underway_hold_hallway_a,1,1,100.00,0,0.00,0,0.00,0,0.00,0,0.00,2963512,1,2963512,2963512,2963512,2963512.00,0,,
directory_depth_3,rigidmodels\buildings\dwf_underway_hold_hallway_a_centre,1,1,100.00,0,0.00,0,0.00,0,0.00,0,0.00,1662536,1,1662536,1662536,1662536,1662536.00,0,,
directory_depth_3,rigidmodels\buildings\dwf_underway_hold_hallway_b,1,1,100.00,0,0.00,0,0.00,0,0.00,0,0.00,3488146,1,3488146,3488146,3488146,3488146.00,0,,
directory_depth_3,rigidmodels\buildings\dwf_underway_inset_abodes_01,2,2,100.00,0,0.00,0,0.00,0,0.00,0,0.00,990322,2,990322,479922,510400,495161.00,0,,
directory_depth_3,rigidmodels\buildings\dwf_underway_inset_abodes_02,1,1,100.00,0,0.00,0,0.00,0,0.00,0,0.00,410798,1,410798,410798,410798,410798.00,0,,
directory_depth_3,rigidmodels\buildings\dwf_underway_inset_abodes_03,1,1,100.00,0,0.00,0,0.00,0,0.00,0,0.00,356202,1,356202,356202,356202,356202.00,0,,
directory_depth_3,rigidmodels\buildings\dwf_underway_inset_alcove_01,1,1,100.00,0,0.00,0,0.00,0,0.00,0,0.00,17292,1,17292,17292,17292,17292.00,0,,
directory_depth_3,rigidmodels\buildings\dwf_underway_inset_alcove_02,1,1,100.00,0,0.00,0,0.00,0,0.00,0,0.00,15168,1,15168,15168,15168,15168.00,0,,
directory_depth_3,rigidmodels\buildings\dwf_underway_inset_shop_01,2,2,100.00,0,0.00,0,0.00,0,0.00,0,0.00,274166,2,274166,72550,201616,137083.00,0,,
directory_depth_3,rigidmodels\buildings\dwf_underway_inset_shop_02,2,2,100.00,0,0.00,0,0.00,0,0.00,0,0.00,294188,2,294188,87602,206586,147094.00,0,,
directory_depth_3,rigidmodels\buildings\dwf_underway_inset_shop_03,2,2,100.00,0,0.00,0,0.00,0,0.00,0,0.00,476102,2,476102,165422,310680,238051.00,0,,
directory_depth_3,rigidmodels\buildings\dwf_underway_pillar_01,3,3,100.00,0,0.00,0,0.00,0,0.00,0,0.00,255006,3,255006,52048,107322,85002.00,0,,
directory_depth_3,rigidmodels\buildings\dwf_underway_pillar_02,3,3,100.00,0,0.00,0,0.00,0,0.00,0,0.00,3107290,3,3107290,186214,1523414,1035763.33,0,,
directory_depth_3,rigidmodels\buildings\dwf_underway_pillar_03,3,3,100.00,0,0.00,0,0.00,0,0.00,0,0.00,438552,3,438552,100472,201296,146184.00,0,,
directory_depth_3,rigidmodels\buildings\dwf_underway_plinth_01,1,1,100.00,0,0.00,0,0.00,0,0.00,0,0.00,29828,1,29828,29828,29828,29828.00,0,,
directory_depth_3,rigidmodels\buildings\dwf_underway_road_a,1,1,100.00,0,0.00,0,0.00,0,0.00,0,0.00,301920,1,301920,301920,301920,301920.00,0,,
directory_depth_3,rigidmodels\buildings\dwf_underway_road_b,1,1,100.00,0,0.00,0,0.00,0,0.00,0,0.00,445024,1,445024,445024,445024,445024.00,0,,
directory_depth_3,rigidmodels\buildings\dwf_underway_road_c,1,1,100.00,0,0.00,0,0.00,0,0.00,0,0.00,393324,1,393324,393324,393324,393324.00,0,,
directory_depth_3,rigidmodels\buildings\dwf_underway_road_d,1,1,100.00,0,0.00,0,0.00,0,0.00,0,0.00,529686,1,529686,529686,529686,529686.00,0,,
directory_depth_3,rigidmodels\buildings\dwf_underway_road_e,1,1,100.00,0,0.00,0,0.00,0,0.00,0,0.00,530372,1,530372,530372,530372,530372.00,0,,
directory_depth_3,rigidmodels\buildings\dwf_underway_road_e_display_only,1,1,100.00,0,0.00,0,0.00,0,0.00,0,0.00,530672,1,530672,530672,530672,530672.00,0,,
directory_depth_3,rigidmodels\buildings\dwf_underway_road_f,1,1,100.00,0,0.00,0,0.00,0,0.00,0,0.00,512886,1,512886,512886,512886,512886.00,0,,
directory_depth_3,rigidmodels\buildings\dwf_underway_road_g,1,1,100.00,0,0.00,0,0.00,0,0.00,0,0.00,446562,1,446562,446562,446562,446562.00,0,,
directory_depth_3,rigidmodels\buildings\dwf_underway_road_h,1,1,100.00,0,0.00,0,0.00,0,0.00,0,0.00,309950,1,309950,309950,309950,309950.00,0,,
directory_depth_3,rigidmodels\buildings\dwf_underway_road_straight,1,1,100.00,0,0.00,0,0.00,0,0.00,0,0.00,252488,1,252488,252488,252488,252488.00,0,,
directory_depth_3,rigidmodels\buildings\dwf_underway_road_straight_left,1,1,100.00,0,0.00,0,0.00,0,0.00,0,0.00,252488,1,252488,252488,252488,252488.00,0,,
directory_depth_3,rigidmodels\buildings\dwf_undwerway_road_04_dmg,1,1,100.00,0,0.00,0,0.00,0,0.00,0,0.00,39420,1,39420,39420,39420,39420.00,0,,
directory_depth_3,rigidmodels\buildings\dwf_wall_angled_joiner,1,1,100.00,0,0.00,0,0.00,0,0.00,0,0.00,68792,1,68792,68792,68792,68792.00,0,,
directory_depth_3,rigidmodels\buildings\dwf_wall_angled_to_grid_joiner,3,3,100.00,0,0.00,0,0.00,0,0.00,0,0.00,2170944,3,2170944,192876,1759788,723648.00,0,,
directory_depth_3,rigidmodels\buildings\dwf_wall_corner_90_exter,1,1,100.00,0,0.00,0,0.00,0,0.00,0,0.00,187140,1,187140,187140,187140,187140.00,0,,
directory_depth_3,rigidmodels\buildings\dwf_wall_corner_90_inter,1,1,100.00,0,0.00,0,0.00,0,0.00,0,0.00,161532,1,161532,161532,161532,161532.00,0,,
directory_depth_3,rigidmodels\buildings\dwf_wall_emitter01,1,1,100.00,0,0.00,0,0.00,0,0.00,0,0.00,11204,1,11204,11204,11204,11204.00,0,,
directory_depth_3,rigidmodels\buildings\dwf_wall_emitter03,1,1,100.00,0,0.00,0,0.00,0,0.00,0,0.00,35616,1,35616,35616,35616,35616.00,0,,
directory_depth_3,rigidmodels\buildings\dwf_wall_gatehouse_60,10,10,100.00,0,0.00,0,0.00,0,0.00,0,0.00,5169106,10,5169106,113032,1738634,516910.60,0,,
directory_depth_3,rigidmodels\buildings\dwf_wall_grid_to_angled_joiner,3,3,100.00,0,0.00,0,0.00,0,0.00,0,0.00,1892308,3,1892308,192876,1481088,630769.33,0,,
directory_depth_3,rigidmodels\buildings\dwf_wall_platform_01,1,1,100.00,0,0.00,0,0.00,0,0.00,0,0.00,75604,1,75604,75604,75604,75604.00,0,,
directory_depth_3,rigidmodels\buildings\dwf_wall_platform_01_mirror,1,1,100.00,0,0.00,0,0.00,0,0.00,0,0.00,76904,1,76904,76904,76904,76904.00,0,,
directory_depth_3,rigidmodels\buildings\dwf_wall_platform_corner_90_external,1,1,100.00,0,0.00,0,0.00,0,0.00,0,0.00,40080,1,40080,40080,40080,40080.00,0,,
directory_depth_3,rigidmodels\buildings\dwf_wall_platform_gatehouse_60,1,1,100.00,0,0.00,0,0.00,0,0.00,0,0.00,828526,1,828526,828526,828526,828526.00,0,,
directory_depth_3,rigidmodels\buildings\dwf_wall_platform_straight_20,1,1,100.00,0,0.00,0,0.00,0,0.00,0,0.00,318472,1,318472,318472,318472,318472.00,0,,
directory_depth_3,rigidmodels\buildings\dwf_wall_stepdown_15m,1,1,100.00,0,0.00,0,0.00,0,0.00,0,0.00,960652,1,960652,960652,960652,960652.00,0,,
directory_depth_3,rigidmodels\buildings\dwf_wall_stepup_15m,1,1,100.00,0,0.00,0,0.00,0,0.00,0,0.00,960652,1,960652,960652,960652,960652.00,0,,
directory_depth_3,rigidmodels\buildings\dwf_wall_straight_20,3,3,100.00,0,0.00,0,0.00,0,0.00,0,0.00,1497780,3,1497780,126698,1212650,499260.00,0,,
directory_depth_3,rigidmodels\buildings\dwf_wall_straight_20_emplacement,2,2,100.00,0,0.00,0,0.00,0,0.00,0,0.00,368348,2,368348,181770,186578,184174.00,0,,
directory_depth_3,rigidmodels\buildings\dwf_wall_straight_20_stairs,2,2,100.00,0,0.00,0,0.00,0,0.00,0,0.00,696792,2,696792,185646,511146,348396.00,0,,
directory_depth_3,rigidmodels\buildings\dwf_wall_straight_20_tower_connector,2,2,100.00,0,0.00,0,0.00,0,0.00,0,0.00,408308,2,408308,148442,259866,204154.00,0,,
directory_depth_3,rigidmodels\buildings\dwf_wall_straight_20m_blocked,1,1,100.00,0,0.00,0,0.00,0,0.00,0,0.00,932344,1,932344,932344,932344,932344.00,0,,
directory_depth_3,rigidmodels\buildings\dwf_wall_straight_20m_emplacment,2,2,100.00,0,0.00,0,0.00,0,0.00,0,0.00,368348,2,368348,181770,186578,184174.00,0,,
directory_depth_3,rigidmodels\buildings\dwf_wall_tower,3,3,100.00,0,0.00,0,0.00,0,0.00,0,0.00,2607204,3,2607204,599238,1341498,869068.00,0,,
directory_depth_3,rigidmodels\buildings\dwf_wall_tower_01,3,3,100.00,0,0.00,0,0.00,0,0.00,0,0.00,2607204,3,2607204,599238,1341498,869068.00,0,,
directory_depth_3,rigidmodels\buildings\dwf_wall_tower_02,3,3,100.00,0,0.00,0,0.00,0,0.00,0,0.00,2607204,3,2607204,599238,1341498,869068.00,0,,
directory_depth_3,rigidmodels\buildings\dwf_wall_tower_03,3,3,100.00,0,0.00,0,0.00,0,0.00,0,0.00,2607204,3,2607204,599238,1341498,869068.00,0,,
directory_depth_3,rigidmodels\buildings\dwf_wall_tower_standard,3,3,100.00,0,0.00,0,0.00,0,0.00,0,0.00,3979918,3,3979918,429160,1776306,1326639.33,0,,
directory_depth_3,rigidmodels\buildings\dwf_wooden_box,3,3,100.00,0,0.00,0,0.00,0,0.00,0,0.00,55668,3,55668,9488,28852,18556.00,0,,
directory_depth_3,rigidmodels\buildings\dwf_wooden_cart,3,3,100.00,0,0.00,0,0.00,0,0.00,0,0.00,128950,3,128950,38334,46962,42983.33,0,,
directory_depth_3,rigidmodels\buildings\emp_awnings01,1,1,100.00,0,0.00,0,0.00,0,0.00,0,0.00,6516,1,6516,6516,6516,6516.00,0,,
directory_depth_3,rigidmodels\buildings\emp_awnings02,1,1,100.00,0,0.00,0,0.00,0,0.00,0,0.00,6516,1,6516,6516,6516,6516.00,0,,
directory_depth_3,rigidmodels\buildings\emp_barricade_blocker_01,2,2,100.00,0,0.00,0,0.00,0,0.00,0,0.00,188730,2,188730,91654,97076,94365.00,0,,
directory_depth_3,rigidmodels\buildings\emp_barricade_monument_01,2,2,100.00,0,0.00,0,0.00,0,0.00,0,0.00,25520,2,25520,12716,12804,12760.00,0,,
directory_depth_3,rigidmodels\buildings\emp_barricade_platform_01,3,3,100.00,0,0.00,0,0.00,0,0.00,0,0.00,1117144,3,1117144,318532,441652,372381.33,0,,
directory_depth_3,rigidmodels\buildings\emp_barricade_trap_01,2,2,100.00,0,0.00,0,0.00,0,0.00,0,0.00,530814,2,530814,247504,283310,265407.00,0,,
directory_depth_3,rigidmodels\buildings\emp_batteringram,11,11,100.00,0,0.00,0,0.00,0,0.00,0,0.00,1324556,11,1324556,14448,480340,120414.18,0,,
directory_depth_3,rigidmodels\buildings\emp_beam_long_01,1,1,100.00,0,0.00,0,0.00,0,0.00,0,0.00,7572,1,7572,7572,7572,7572.00,0,,
directory_depth_3,rigidmodels\buildings\emp_brazier_01,1,1,100.00,0,0.00,0,0.00,0,0.00,0,0.00,53048,1,53048,53048,53048,53048.00,0,,
directory_depth_3,rigidmodels\buildings\emp_bridge_01,1,1,100.00,0,0.00,0,0.00,0,0.00,0,0.00,245384,1,245384,245384,245384,245384.00,0,,
directory_depth_3,rigidmodels\buildings\emp_bridge_02,1,1,100.00,0,0.00,0,0.00,0,0.00,0,0.00,187928,1,187928,187928,187928,187928.00,0,,
directory_depth_3,rigidmodels\buildings\emp_bridge_03,1,1,100.00,0,0.00,0,0.00,0,0.00,0,0.00,310520,1,310520,310520,310520,310520.00,0,,
directory_depth_3,rigidmodels\buildings\emp_bridge_04,1,1,100.00,0,0.00,0,0.00,0,0.00,0,0.00,86756,1,86756,86756,86756,86756.00,0,,
directory_depth_3,rigidmodels\buildings\emp_bridge_05,1,1,100.00,0,0.00,0,0.00,0,0.00,0,0.00,57960,1,57960,57960,57960,57960.00,0,,
directory_depth_3,rigidmodels\buildings\emp_bridge_105m_01,1,1,100.00,0,0.00,0,0.00,0,0.00,0,0.00,960556,1,960556,960556,960556,960556.00,0,,
directory_depth_3,rigidmodels\buildings\emp_bridge_32m_01,1,1,100.00,0,0.00,0,0.00,0,0.00,0,0.00,140620,1,140620,140620,140620,140620.00,0,,
directory_depth_3,rigidmodels\buildings\emp_bridge_32m_end_01,1,1,100.00,0,0.00,0,0.00,0,0.00,0,0.00,146092,1,146092,146092,146092,146092.00,0,,
directory_depth_3,rigidmodels\buildings\emp_corner_tall_01,1,1,100.00,0,0.00,0,0.00,0,0.00,0,0.00,44496,1,44496,44496,44496,44496.00,0,,
directory_depth_3,rigidmodels\buildings\emp_crypt_altar_01,1,1,100.00,0,0.00,0,0.00,0,0.00,0,0.00,4912,1,4912,4912,4912,4912.00,0,,
directory_depth_3,rigidmodels\buildings\emp_death_statue_01,3,3,100.00,0,0.00,0,0.00,0,0.00,0,0.00,334108,3,334108,96540,134030,111369.33,0,,
directory_depth_3,rigidmodels\buildings\emp_death_statue_02,3,3,100.00,0,0.00,0,0.00,0,0.00,0,0.00,299768,3,299768,76016,114076,99922.67,0,,
directory_depth_3,rigidmodels\buildings\emp_death_statue_03,3,3,100.00,0,0.00,0,0.00,0,0.00,0,0.00,372824,3,372824,118196,131892,124274.67,0,,
directory_depth_3,rigidmodels\buildings\emp_flag01,1,1,100.00,0,0.00,0,0.00,0,0.00,0,0.00,2956,1,2956,2956,2956,2956.00,0,,
directory_depth_3,rigidmodels\buildings\emp_flag02,1,1,100.00,0,0.00,0,0.00,0,0.00,0,0.00,2956,1,2956,2956,2956,2956.00,0,,
directory_depth_3,rigidmodels\buildings\emp_floor01,1,1,100.00,0,0.00,0,0.00,0,0.00,0,0.00,2816,1,2816,2816,2816,2816.00,0,,
directory_depth_3,rigidmodels\buildings\emp_gatehouse_60m,10,10,100.00,0,0.00,0,0.00,0,0.00,0,0.00,335478,10,335478,9536,100776,33547.80,0,,
directory_depth_3,rigidmodels\buildings\emp_grd_10x6_03,1,1,100.00,0,0.00,0,0.00,0,0.00,0,0.00,37940,1,37940,37940,37940,37940.00,0,,
directory_depth_3,rigidmodels\buildings\emp_grd_door_covered_01,1,1,100.00,0,0.00,0,0.00,0,0.00,0,0.00,14308,1,14308,14308,14308,14308.00,0,,
directory_depth_3,rigidmodels\buildings\emp_grd_pillar_01,1,1,100.00,0,0.00,0,0.00,0,0.00,0,0.00,7268,1,7268,7268,7268,7268.00,0,,
directory_depth_3,rigidmodels\buildings\emp_grd_shed_01,1,1,100.00,0,0.00,0,0.00,0,0.00,0,0.00,12540,1,12540,12540,12540,12540.00,0,,
directory_depth_3,rigidmodels\buildings\emp_grd_tower_3floor_civ_01,1,1,100.00,0,0.00,0,0.00,0,0.00,0,0.00,89040,1,89040,89040,89040,89040.00,0,,
directory_depth_3,rigidmodels\buildings\emp_grd_tower_3floor_military_01,1,1,100.00,0,0.00,0,0.00,0,0.00,0,0.00,75292,1,75292,75292,75292,75292.00,0,,
directory_depth_3,rigidmodels\buildings\emp_grd_wooden_support_straight_01,1,1,100.00,0,0.00,0,0.00,0,0.00,0,0.00,9556,1,9556,9556,9556,9556.00,0,,
directory_depth_3,rigidmodels\buildings\emp_hero_add_block_01,1,1,100.00,0,0.00,0,0.00,0,0.00,0,0.00,4336,1,4336,4336,4336,4336.00,0,,
directory_depth_3,rigidmodels\buildings\emp_hero_add_cren,1,1,100.00,0,0.00,0,0.00,0,0.00,0,0.00,56570,1,56570,56570,56570,56570.00,0,,
directory_depth_3,rigidmodels\buildings\emp_hero_add_door_01,1,1,100.00,0,0.00,0,0.00,0,0.00,0,0.00,4836,1,4836,4836,4836,4836.00,0,,
directory_depth_3,rigidmodels\buildings\emp_hero_add_door_02,1,1,100.00,0,0.00,0,0.00,0,0.00,0,0.00,3816,1,3816,3816,3816,3816.00,0,,
directory_depth_3,rigidmodels\buildings\emp_hero_add_door_03,1,1,100.00,0,0.00,0,0.00,0,0.00,0,0.00,34482,1,34482,34482,34482,34482.00,0,,
directory_depth_3,rigidmodels\buildings\emp_hero_add_emb_01,1,1,100.00,0,0.00,0,0.00,0,0.00,0,0.00,32948,1,32948,32948,32948,32948.00,0,,
directory_depth_3,rigidmodels\buildings\emp_hero_add_lft_01,1,1,100.00,0,0.00,0,0.00,0,0.00,0,0.00,61836,1,61836,61836,61836,61836.00,0,,
directory_depth_3,rigidmodels\buildings\emp_hero_add_lft_02,1,1,100.00,0,0.00,0,0.00,0,0.00,0,0.00,39594,1,39594,39594,39594,39594.00,0,,
directory_depth_3,rigidmodels\buildings\emp_hero_add_lft_03,1,1,100.00,0,0.00,0,0.00,0,0.00,0,0.00,34764,1,34764,34764,34764,34764.00,0,,
directory_depth_3,rigidmodels\buildings\emp_hero_add_lft_04,1,1,100.00,0,0.00,0,0.00,0,0.00,0,0.00,29172,1,29172,29172,29172,29172.00,0,,
directory_depth_3,rigidmodels\buildings\emp_hero_add_lft_05,1,1,100.00,0,0.00,0,0.00,0,0.00,0,0.00,22124,1,22124,22124,22124,22124.00,0,,
directory_depth_3,rigidmodels\buildings\emp_hero_add_lft_06,1,1,100.00,0,0.00,0,0.00,0,0.00,0,0.00,86980,1,86980,86980,86980,86980.00,0,,
directory_depth_3,rigidmodels\buildings\emp_hero_add_pln_01,1,1,100.00,0,0.00,0,0.00,0,0.00,0,0.00,10272,1,10272,10272,10272,10272.00,0,,
directory_depth_3,rigidmodels\buildings\emp_hero_add_pln_02,1,1,100.00,0,0.00,0,0.00,0,0.00,0,0.00,6328,1,6328,6328,6328,6328.00,0,,
directory_depth_3,rigidmodels\buildings\emp_hero_add_pole_01,1,1,100.00,0,0.00,0,0.00,0,0.00,0,0.00,29046,1,29046,29046,29046,29046.00,0,,
directory_depth_3,rigidmodels\buildings\emp_hero_add_robe_01,1,1,100.00,0,0.00,0,0.00,0,0.00,0,0.00,17392,1,17392,17392,17392,17392.00,0,,
directory_depth_3,rigidmodels\buildings\emp_hero_add_robe_02,1,1,100.00,0,0.00,0,0.00,0,0.00,0,0.00,19248,1,19248,19248,19248,19248.00,0,,
directory_depth_3,rigidmodels\buildings\emp_hero_add_robe_03,1,1,100.00,0,0.00,0,0.00,0,0.00,0,0.00,17200,1,17200,17200,17200,17200.00,0,,
directory_depth_3,rigidmodels\buildings\emp_hero_add_robe_04,1,1,100.00,0,0.00,0,0.00,0,0.00,0,0.00,17252,1,17252,17252,17252,17252.00,0,,
directory_depth_3,rigidmodels\buildings\emp_hero_add_robe_05,1,1,100.00,0,0.00,0,0.00,0,0.00,0,0.00,16032,1,16032,16032,16032,16032.00,0,,
directory_depth_3,rigidmodels\buildings\emp_hero_add_robe_06,1,1,100.00,0,0.00,0,0.00,0,0.00,0,0.00,17672,1,17672,17672,17672,17672.00,0,,
directory_depth_3,rigidmodels\buildings\emp_hero_add_robe_07,1,1,100.00,0,0.00,0,0.00,0,0.00,0,0.00,17672,1,17672,17672,17672,17672.00,0,,
directory_depth_3,rigidmodels\buildings\emp_hero_add_robe_08,1,1,100.00,0,0.00,0,0.00,0,0.00,0,0.00,20380,1,20380,20380,20380,20380.00,0,,
directory_depth_3,rigidmodels\buildings\emp_hero_add_robe_09,1,1,100.00,0,0.00,0,0.00,0,0.00,0,0.00,82836,1,82836,82836,82836,82836.00,0,,
directory_depth_3,rigidmodels\buildings\emp_hero_add_sgn_01,1,1,100.00,0,0.00,0,0.00,0,0.00,0,0.00,8468,1,8468,8468,8468,8468.00,0,,
directory_depth_3,rigidmodels\buildings\emp_hero_add_sgn_02,1,1,100.00,0,0.00,0,0.00,0,0.00,0,0.00,10940,1,10940,10940,10940,10940.00,0,,
directory_depth_3,rigidmodels\buildings\emp_hero_add_sgn_03,1,1,100.00,0,0.00,0,0.00,0,0.00,0,0.00,8836,1,8836,8836,8836,8836.00,0,,
directory_depth_3,rigidmodels\buildings\emp_hero_add_sgn_04,1,1,100.00,0,0.00,0,0.00,0,0.00,0,0.00,8836,1,8836,8836,8836,8836.00,0,,
directory_depth_3,rigidmodels\buildings\emp_hero_add_shi_01,1,1,100.00,0,0.00,0,0.00,0,0.00,0,0.00,4268,1,4268,4268,4268,4268.00,0,,
directory_depth_3,rigidmodels\buildings\emp_hero_add_shi_02,1,1,100.00,0,0.00,0,0.00,0,0.00,0,0.00,3116,1,3116,3116,3116,3116.00,0,,
directory_depth_3,rigidmodels\buildings\emp_hero_add_skull_01,1,1,100.00,0,0.00,0,0.00,0,0.00,0,0.00,24454,1,24454,24454,24454,24454.00,0,,
directory_depth_3,rigidmodels\buildings\emp_hero_add_skull_02,1,1,100.00,0,0.00,0,0.00,0,0.00,0,0.00,23994,1,23994,23994,23994,23994.00,0,,
directory_depth_3,rigidmodels\buildings\emp_hero_add_win_01,1,1,100.00,0,0.00,0,0.00,0,0.00,0,0.00,49060,1,49060,49060,49060,49060.00,0,,
directory_depth_3,rigidmodels\buildings\emp_hero_add_win_02,1,1,100.00,0,0.00,0,0.00,0,0.00,0,0.00,18908,1,18908,18908,18908,18908.00,0,,
directory_depth_3,rigidmodels\buildings\emp_hero_add_win_03,1,1,100.00,0,0.00,0,0.00,0,0.00,0,0.00,12354,1,12354,12354,12354,12354.00,0,,
directory_depth_3,rigidmodels\buildings\emp_hero_add_win_04,1,1,100.00,0,0.00,0,0.00,0,0.00,0,0.00,12170,1,12170,12170,12170,12170.00,0,,
directory_depth_3,rigidmodels\buildings\emp_hero_add_win_06,1,1,100.00,0,0.00,0,0.00,0,0.00,0,0.00,3116,1,3116,3116,3116,3116.00,0,,
directory_depth_3,rigidmodels\buildings\emp_hero_add_win_07,1,1,100.00,0,0.00,0,0.00,0,0.00,0,0.00,15226,1,15226,15226,15226,15226.00,0,,
directory_depth_3,rigidmodels\buildings\emp_hero_add_win_08,1,1,100.00,0,0.00,0,0.00,0,0.00,0,0.00,19126,1,19126,19126,19126,19126.00,0,,
directory_depth_3,rigidmodels\buildings\emp_hero_add_win_09,1,1,100.00,0,0.00,0,0.00,0,0.00,0,0.00,20346,1,20346,20346,20346,20346.00,0,,
directory_depth_3,rigidmodels\buildings\emp_hero_add_win_10,1,1,100.00,0,0.00,0,0.00,0,0.00,0,0.00,21770,1,21770,21770,21770,21770.00,0,,
directory_depth_3,rigidmodels\buildings\emp_hero_base_01,1,1,100.00,0,0.00,0,0.00,0,0.00,0,0.00,142428,1,142428,142428,142428,142428.00,0,,
directory_depth_3,rigidmodels\buildings\emp_hero_block_01,2,2,100.00,0,0.00,0,0.00,0,0.00,0,0.00,1447252,2,1447252,720286,726966,723626.00,0,,
directory_depth_3,rigidmodels\buildings\emp_hero_block_02,1,1,100.00,0,0.00,0,0.00,0,0.00,0,0.00,418812,1,418812,418812,418812,418812.00,0,,
directory_depth_3,rigidmodels\buildings\emp_hero_block_03,1,1,100.00,0,0.00,0,0.00,0,0.00,0,0.00,88112,1,88112,88112,88112,88112.00,0,,
directory_depth_3,rigidmodels\buildings\emp_hero_gate_01,1,1,100.00,0,0.00,0,0.00,0,0.00,0,0.00,387026,1,387026,387026,387026,387026.00,0,,
directory_depth_3,rigidmodels\buildings\emp_hero_gate_02,1,1,100.00,0,0.00,0,0.00,0,0.00,0,0.00,70412,1,70412,70412,70412,70412.00,0,,
directory_depth_3,rigidmodels\buildings\emp_hero_gate_03,1,1,100.00,0,0.00,0,0.00,0,0.00,0,0.00,74028,1,74028,74028,74028,74028.00,0,,
directory_depth_3,rigidmodels\buildings\emp_hero_gate_04,1,1,100.00,0,0.00,0,0.00,0,0.00,0,0.00,132362,1,132362,132362,132362,132362.00,0,,
directory_depth_3,rigidmodels\buildings\emp_hero_gate_05,1,1,100.00,0,0.00,0,0.00,0,0.00,0,0.00,73748,1,73748,73748,73748,73748.00,0,,
directory_depth_3,rigidmodels\buildings\emp_hero_gate_b_05,1,1,100.00,0,0.00,0,0.00,0,0.00,0,0.00,81822,1,81822,81822,81822,81822.00,0,,
directory_depth_3,rigidmodels\buildings\emp_hero_gyro_01,1,1,100.00,0,0.00,0,0.00,0,0.00,0,0.00,213156,1,213156,213156,213156,213156.00,0,,
directory_depth_3,rigidmodels\buildings\emp_hero_observ_01,1,1,100.00,0,0.00,0,0.00,0,0.00,0,0.00,62700,1,62700,62700,62700,62700.00,0,,
directory_depth_3,rigidmodels\buildings\emp_hero_port_01,1,1,100.00,0,0.00,0,0.00,0,0.00,0,0.00,48554,1,48554,48554,48554,48554.00,0,,
directory_depth_3,rigidmodels\buildings\emp_hero_skullmance_01,1,1,100.00,0,0.00,0,0.00,0,0.00,0,0.00,488694,1,488694,488694,488694,488694.00,0,,
directory_depth_3,rigidmodels\buildings\emp_hero_skullmance_02,1,1,100.00,0,0.00,0,0.00,0,0.00,0,0.00,529068,1,529068,529068,529068,529068.00,0,,
directory_depth_3,rigidmodels\buildings\emp_hero_skullmance_03,1,1,100.00,0,0.00,0,0.00,0,0.00,0,0.00,466926,1,466926,466926,466926,466926.00,0,,
directory_depth_3,rigidmodels\buildings\emp_hero_tower_01,1,1,100.00,0,0.00,0,0.00,0,0.00,0,0.00,308462,1,308462,308462,308462,308462.00,0,,
directory_depth_3,rigidmodels\buildings\emp_hero_tower_02,2,2,100.00,0,0.00,0,0.00,0,0.00,0,0.00,996624,2,996624,485922,510702,498312.00,0,,
directory_depth_3,rigidmodels\buildings\emp_hero_tower_03,1,1,100.00,0,0.00,0,0.00,0,0.00,0,0.00,210196,1,210196,210196,210196,210196.00,0,,
directory_depth_3,rigidmodels\buildings\emp_hero_tower_04,1,1,100.00,0,0.00,0,0.00,0,0.00,0,0.00,354826,1,354826,354826,354826,354826.00,0,,
directory_depth_3,rigidmodels\buildings\emp_hero_tower_05,2,2,100.00,0,0.00,0,0.00,0,0.00,0,0.00,2292380,2,2292380,1080134,1212246,1146190.00,0,,
directory_depth_3,rigidmodels\buildings\emp_hero_tower_06,1,1,100.00,0,0.00,0,0.00,0,0.00,0,0.00,768440,1,768440,768440,768440,768440.00,0,,
directory_depth_3,rigidmodels\buildings\emp_hero_tower_07,2,2,100.00,0,0.00,0,0.00,0,0.00,0,0.00,945010,2,945010,384288,560722,472505.00,0,,
directory_depth_3,rigidmodels\buildings\emp_hero_tower_08,1,1,100.00,0,0.00,0,0.00,0,0.00,0,0.00,36472,1,36472,36472,36472,36472.00,0,,
directory_depth_3,rigidmodels\buildings\emp_hero_tower_small_01,1,1,100.00,0,0.00,0,0.00,0,0.00,0,0.00,669224,1,669224,669224,669224,669224.00,0,,
directory_depth_3,rigidmodels\buildings\emp_hero_tower_small_02,1,1,100.00,0,0.00,0,0.00,0,0.00,0,0.00,151844,1,151844,151844,151844,151844.00,0,,
directory_depth_3,rigidmodels\buildings\emp_hero_towercap_01,1,1,100.00,0,0.00,0,0.00,0,0.00,0,0.00,205724,1,205724,205724,205724,205724.00,0,,
directory_depth_3,rigidmodels\buildings\emp_hero_towercap_02,1,1,100.00,0,0.00,0,0.00,0,0.00,0,0.00,266448,1,266448,266448,266448,266448.00,0,,
directory_depth_3,rigidmodels\buildings\emp_hero_towercap_03,1,1,100.00,0,0.00,0,0.00,0,0.00,0,0.00,86768,1,86768,86768,86768,86768.00,0,,
directory_depth_3,rigidmodels\buildings\emp_hero_towercap_04,1,1,100.00,0,0.00,0,0.00,0,0.00,0,0.00,78598,1,78598,78598,78598,78598.00,0,,
directory_depth_3,rigidmodels\buildings\emp_hero_towercap_05,1,1,100.00,0,0.00,0,0.00,0,0.00,0,0.00,373372,1,373372,373372,373372,373372.00,0,,
directory_depth_3,rigidmodels\buildings\emp_hero_towercap_06,1,1,100.00,0,0.00,0,0.00,0,0.00,0,0.00,740252,1,740252,740252,740252,740252.00,0,,
directory_depth_3,rigidmodels\buildings\emp_hero_towercap_07,1,1,100.00,0,0.00,0,0.00,0,0.00,0,0.00,224322,1,224322,224322,224322,224322.00,0,,
directory_depth_3,rigidmodels\buildings\emp_hero_towercap_base_01,1,1,100.00,0,0.00,0,0.00,0,0.00,0,0.00,7976,1,7976,7976,7976,7976.00,0,,
directory_depth_3,rigidmodels\buildings\emp_hero_towercap_base_03,1,1,100.00,0,0.00,0,0.00,0,0.00,0,0.00,7976,1,7976,7976,7976,7976.00,0,,
directory_depth_3,rigidmodels\buildings\emp_hero_towercap_base_04,1,1,100.00,0,0.00,0,0.00,0,0.00,0,0.00,7976,1,7976,7976,7976,7976.00,0,,
directory_depth_3,rigidmodels\buildings\emp_hero_towercap_base_05,1,1,100.00,0,0.00,0,0.00,0,0.00,0,0.00,6680,1,6680,6680,6680,6680.00,0,,
directory_depth_3,rigidmodels\buildings\emp_hero_wall_01,1,1,100.00,0,0.00,0,0.00,0,0.00,0,0.00,33136,1,33136,33136,33136,33136.00,0,,
directory_depth_3,rigidmodels\buildings\emp_hero_wall_02,1,1,100.00,0,0.00,0,0.00,0,0.00,0,0.00,70212,1,70212,70212,70212,70212.00,0,,
directory_depth_3,rigidmodels\buildings\emp_hero_wall_03,1,1,100.00,0,0.00,0,0.00,0,0.00,0,0.00,55444,1,55444,55444,55444,55444.00,0,,
directory_depth_3,rigidmodels\buildings\emp_hero_wall_04,1,1,100.00,0,0.00,0,0.00,0,0.00,0,0.00,59428,1,59428,59428,59428,59428.00,0,,
directory_depth_3,rigidmodels\buildings\emp_hero_wall_05,1,1,100.00,0,0.00,0,0.00,0,0.00,0,0.00,59332,1,59332,59332,59332,59332.00,0,,
directory_depth_3,rigidmodels\buildings\emp_hero_wall_b_01,1,1,100.00,0,0.00,0,0.00,0,0.00,0,0.00,32704,1,32704,32704,32704,32704.00,0,,
directory_depth_3,rigidmodels\buildings\emp_hero_wall_b_02,1,1,100.00,0,0.00,0,0.00,0,0.00,0,0.00,69464,1,69464,69464,69464,69464.00,0,,
directory_depth_3,rigidmodels\buildings\emp_hero_wall_b_03,1,1,100.00,0,0.00,0,0.00,0,0.00,0,0.00,57160,1,57160,57160,57160,57160.00,0,,
directory_depth_3,rigidmodels\buildings\emp_hero_wall_battlement_01,1,1,100.00,0,0.00,0,0.00,0,0.00,0,0.00,75320,1,75320,75320,75320,75320.00,0,,
directory_depth_3,rigidmodels\buildings\emp_infield_add_01,1,1,100.00,0,0.00,0,0.00,0,0.00,0,0.00,48964,1,48964,48964,48964,48964.00,0,,
directory_depth_3,rigidmodels\buildings\emp_infield_add_02,1,1,100.00,0,0.00,0,0.00,0,0.00,0,0.00,22852,1,22852,22852,22852,22852.00,0,,
directory_depth_3,rigidmodels\buildings\emp_infield_add_03,1,1,100.00,0,0.00,0,0.00,0,0.00,0,0.00,25106,1,25106,25106,25106,25106.00,0,,
directory_depth_3,rigidmodels\buildings\emp_infield_add_04,1,1,100.00,0,0.00,0,0.00,0,0.00,0,0.00,75846,1,75846,75846,75846,75846.00,0,,
directory_depth_3,rigidmodels\buildings\emp_infield_add_05,1,1,100.00,0,0.00,0,0.00,0,0.00,0,0.00,211248,1,211248,211248,211248,211248.00,0,,
directory_depth_3,rigidmodels\buildings\emp_infield_add_06,1,1,100.00,0,0.00,0,0.00,0,0.00,0,0.00,35896,1,35896,35896,35896,35896.00,0,,
directory_depth_3,rigidmodels\buildings\emp_infield_add_drainpipe_01,1,1,100.00,0,0.00,0,0.00,0,0.00,0,0.00,11312,1,11312,11312,11312,11312.00,0,,
directory_depth_3,rigidmodels\buildings\emp_infield_add_finial_01,1,1,100.00,0,0.00,0,0.00,0,0.00,0,0.00,2696,1,2696,2696,2696,2696.00,0,,
directory_depth_3,rigidmodels\buildings\emp_infield_add_wood_01,1,1,100.00,0,0.00,0,0.00,0,0.00,0,0.00,4084,1,4084,4084,4084,4084.00,0,,
directory_depth_3,rigidmodels\buildings\emp_infield_add_wood_03,1,1,100.00,0,0.00,0,0.00,0,0.00,0,0.00,2836,1,2836,2836,2836,2836.00,0,,
directory_depth_3,rigidmodels\buildings\emp_infield_balc_01,1,1,100.00,0,0.00,0,0.00,0,0.00,0,0.00,30124,1,30124,30124,30124,30124.00,0,,
directory_depth_3,rigidmodels\buildings\emp_infield_balc_03,1,1,100.00,0,0.00,0,0.00,0,0.00,0,0.00,7316,1,7316,7316,7316,7316.00,0,,
directory_depth_3,rigidmodels\buildings\emp_infield_chimey_01,1,1,100.00,0,0.00,0,0.00,0,0.00,0,0.00,12940,1,12940,12940,12940,12940.00,0,,
directory_depth_3,rigidmodels\buildings\emp_infield_chimey_02,1,1,100.00,0,0.00,0,0.00,0,0.00,0,0.00,8692,1,8692,8692,8692,8692.00,0,,
directory_depth_3,rigidmodels\buildings\emp_infield_drain_01,1,1,100.00,0,0.00,0,0.00,0,0.00,0,0.00,12096,1,12096,12096,12096,12096.00,0,,
directory_depth_3,rigidmodels\buildings\emp_infield_gatehouse_01,1,1,100.00,0,0.00,0,0.00,0,0.00,0,0.00,15972,1,15972,15972,15972,15972.00,0,,
directory_depth_3,rigidmodels\buildings\emp_infield_house_01,1,1,100.00,0,0.00,0,0.00,0,0.00,0,0.00,749818,1,749818,749818,749818,749818.00,0,,
directory_depth_3,rigidmodels\buildings\emp_infield_house_02,1,1,100.00,0,0.00,0,0.00,0,0.00,0,0.00,562106,1,562106,562106,562106,562106.00,0,,
directory_depth_3,rigidmodels\buildings\emp_infield_house_03,1,1,100.00,0,0.00,0,0.00,0,0.00,0,0.00,499922,1,499922,499922,499922,499922.00,0,,
directory_depth_3,rigidmodels\buildings\emp_infield_house_04,1,1,100.00,0,0.00,0,0.00,0,0.00,0,0.00,719620,1,719620,719620,719620,719620.00,0,,
directory_depth_3,rigidmodels\buildings\emp_infield_house_05,1,1,100.00,0,0.00,0,0.00,0,0.00,0,0.00,451772,1,451772,451772,451772,451772.00,0,,
directory_depth_3,rigidmodels\buildings\emp_infield_house_06,1,1,100.00,0,0.00,0,0.00,0,0.00,0,0.00,1306804,1,1306804,1306804,1306804,1306804.00,0,,
directory_depth_3,rigidmodels\buildings\emp_infield_house_07,1,1,100.00,0,0.00,0,0.00,0,0.00,0,0.00,636044,1,636044,636044,636044,636044.00,0,,
directory_depth_3,rigidmodels\buildings\emp_infield_house_08,1,1,100.00,0,0.00,0,0.00,0,0.00,0,0.00,468958,1,468958,468958,468958,468958.00,0,,
directory_depth_3,rigidmodels\buildings\emp_infield_house_09,1,1,100.00,0,0.00,0,0.00,0,0.00,0,0.00,585544,1,585544,585544,585544,585544.00,0,,
directory_depth_3,rigidmodels\buildings\emp_infield_house_10,1,1,100.00,0,0.00,0,0.00,0,0.00,0,0.00,593188,1,593188,593188,593188,593188.00,0,,
directory_depth_3,rigidmodels\buildings\emp_infield_house_base_01,1,1,100.00,0,0.00,0,0.00,0,0.00,0,0.00,30680,1,30680,30680,30680,30680.00,0,,
directory_depth_3,rigidmodels\buildings\emp_infield_loft_02,1,1,100.00,0,0.00,0,0.00,0,0.00,0,0.00,42876,1,42876,42876,42876,42876.00,0,,
directory_depth_3,rigidmodels\buildings\emp_infield_plat_wall_01,1,1,100.00,0,0.00,0,0.00,0,0.00,0,0.00,50008,1,50008,50008,50008,50008.00,0,,
directory_depth_3,rigidmodels\buildings\emp_infield_plat_wall_02,1,1,100.00,0,0.00,0,0.00,0,0.00,0,0.00,43218,1,43218,43218,43218,43218.00,0,,
directory_depth_3,rigidmodels\buildings\emp_infield_plat_wall_03,1,1,100.00,0,0.00,0,0.00,0,0.00,0,0.00,36718,1,36718,36718,36718,36718.00,0,,
directory_depth_3,rigidmodels\buildings\emp_infield_ptrap_01,3,3,100.00,0,0.00,0,0.00,0,0.00,0,0.00,41570,3,41570,2518,26638,13856.67,0,,
directory_depth_3,rigidmodels\buildings\emp_infield_ptrap_02,3,3,100.00,0,0.00,0,0.00,0,0.00,0,0.00,49978,3,49978,2518,31198,16659.33,0,,
directory_depth_3,rigidmodels\buildings\emp_infield_ptrap_03,3,3,100.00,0,0.00,0,0.00,0,0.00,0,0.00,33002,3,33002,2518,21822,11000.67,0,,
directory_depth_3,rigidmodels\buildings\emp_infield_shop_01,1,1,100.00,0,0.00,0,0.00,0,0.00,0,0.00,29580,1,29580,29580,29580,29580.00,0,,
directory_depth_3,rigidmodels\buildings\emp_infield_stairs_01,1,1,100.00,0,0.00,0,0.00,0,0.00,0,0.00,13504,1,13504,13504,13504,13504.00,0,,
directory_depth_3,rigidmodels\buildings\emp_infield_stairs_02,1,1,100.00,0,0.00,0,0.00,0,0.00,0,0.00,64216,1,64216,64216,64216,64216.00,0,,
directory_depth_3,rigidmodels\buildings\emp_infield_step_01,1,1,100.00,0,0.00,0,0.00,0,0.00,0,0.00,18144,1,18144,18144,18144,18144.00,0,,
directory_depth_3,rigidmodels\buildings\emp_infield_terrace_01,1,1,100.00,0,0.00,0,0.00,0,0.00,0,0.00,689996,1,689996,689996,689996,689996.00,0,,
directory_depth_3,rigidmodels\buildings\emp_infield_terrace_02,1,1,100.00,0,0.00,0,0.00,0,0.00,0,0.00,453798,1,453798,453798,453798,453798.00,0,,
directory_depth_3,rigidmodels\buildings\emp_infield_terrace_03,1,1,100.00,0,0.00,0,0.00,0,0.00,0,0.00,299882,1,299882,299882,299882,299882.00,0,,
directory_depth_3,rigidmodels\buildings\emp_infield_terrace_04,1,1,100.00,0,0.00,0,0.00,0,0.00,0,0.00,373258,1,373258,373258,373258,373258.00,0,,
directory_depth_3,rigidmodels\buildings\emp_infield_terrace_05,1,1,100.00,0,0.00,0,0.00,0,0.00,0,0.00,435980,1,435980,435980,435980,435980.00,0,,
directory_depth_3,rigidmodels\buildings\emp_infield_terrace_06,1,1,100.00,0,0.00,0,0.00,0,0.00,0,0.00,521956,1,521956,521956,521956,521956.00,0,,
directory_depth_3,rigidmodels\buildings\emp_infield_terrace_07,1,1,100.00,0,0.00,0,0.00,0,0.00,0,0.00,451304,1,451304,451304,451304,451304.00,0,,
directory_depth_3,rigidmodels\buildings\emp_infield_walkway_01,1,1,100.00,0,0.00,0,0.00,0,0.00,0,0.00,51184,1,51184,51184,51184,51184.00,0,,
directory_depth_3,rigidmodels\buildings\emp_infield_wind_01,1,1,100.00,0,0.00,0,0.00,0,0.00,0,0.00,16812,1,16812,16812,16812,16812.00,0,,
directory_depth_3,rigidmodels\buildings\emp_ironcross01,1,1,100.00,0,0.00,0,0.00,0,0.00,0,0.00,2956,1,2956,2956,2956,2956.00,0,,
directory_depth_3,rigidmodels\buildings\emp_landscape_01,1,1,100.00,0,0.00,0,0.00,0,0.00,0,0.00,27624,1,27624,27624,27624,27624.00,0,,
directory_depth_3,rigidmodels\buildings\emp_landscape_03,1,1,100.00,0,0.00,0,0.00,0,0.00,0,0.00,7264,1,7264,7264,7264,7264.00,0,,
directory_depth_3,rigidmodels\buildings\emp_mid_10x6_01,1,1,100.00,0,0.00,0,0.00,0,0.00,0,0.00,105284,1,105284,105284,105284,105284.00,0,,
directory_depth_3,rigidmodels\buildings\emp_mid_7x7_02,1,1,100.00,0,0.00,0,0.00,0,0.00,0,0.00,116448,1,116448,116448,116448,116448.00,0,,
directory_depth_3,rigidmodels\buildings\emp_mid_conncting_bridge_01,1,1,100.00,0,0.00,0,0.00,0,0.00,0,0.00,59544,1,59544,59544,59544,59544.00,0,,
directory_depth_3,rigidmodels\buildings\emp_mid_windowbox_2m_01,1,1,100.00,0,0.00,0,0.00,0,0.00,0,0.00,21836,1,21836,21836,21836,21836.00,0,,
directory_depth_3,rigidmodels\buildings\emp_mid_windowbox_4m_01,1,1,100.00,0,0.00,0,0.00,0,0.00,0,0.00,30208,1,30208,30208,30208,30208.00,0,,
directory_depth_3,rigidmodels\buildings\emp_mountain_a,1,1,100.00,0,0.00,0,0.00,0,0.00,0,0.00,302672,1,302672,302672,302672,302672.00,0,,
directory_depth_3,rigidmodels\buildings\emp_mountain_b,1,1,100.00,0,0.00,0,0.00,0,0.00,0,0.00,363852,1,363852,363852,363852,363852.00,0,,
directory_depth_3,rigidmodels\buildings\emp_mountain_c,1,1,100.00,0,0.00,0,0.00,0,0.00,0,0.00,370624,1,370624,370624,370624,370624.00,0,,
directory_depth_3,rigidmodels\buildings\emp_mountains_b,1,1,100.00,0,0.00,0,0.00,0,0.00,0,0.00,81284,1,81284,81284,81284,81284.00,0,,
directory_depth_3,rigidmodels\buildings\emp_mtn_cliff_a,1,1,100.00,0,0.00,0,0.00,0,0.00,0,0.00,74744,1,74744,74744,74744,74744.00,0,,
directory_depth_3,rigidmodels\buildings\emp_mtn_cliff_b,1,1,100.00,0,0.00,0,0.00,0,0.00,0,0.00,56624,1,56624,56624,56624,56624.00,0,,
directory_depth_3,rigidmodels\buildings\emp_mtn_rock_a,1,1,100.00,0,0.00,0,0.00,0,0.00,0,0.00,22732,1,22732,22732,22732,22732.00,0,,
directory_depth_3,rigidmodels\buildings\emp_mtn_rock_b,1,1,100.00,0,0.00,0,0.00,0,0.00,0,0.00,19908,1,19908,19908,19908,19908.00,0,,
directory_depth_3,rigidmodels\buildings\emp_mtn_rock_c,1,1,100.00,0,0.00,0,0.00,0,0.00,0,0.00,17636,1,17636,17636,17636,17636.00,0,,
directory_depth_3,rigidmodels\buildings\emp_outfield_struc_wall_01,1,1,100.00,0,0.00,0,0.00,0,0.00,0,0.00,7464,1,7464,7464,7464,7464.00,0,,
directory_depth_3,rigidmodels\buildings\emp_outfield_struc_wall_01_arched,1,1,100.00,0,0.00,0,0.00,0,0.00,0,0.00,13752,1,13752,13752,13752,13752.00,0,,
directory_depth_3,rigidmodels\buildings\emp_outfield_struc_wall_01_arched_02,1,1,100.00,0,0.00,0,0.00,0,0.00,0,0.00,16584,1,16584,16584,16584,16584.00,0,,
directory_depth_3,rigidmodels\buildings\emp_outfield_struc_wall_02,1,1,100.00,0,0.00,0,0.00,0,0.00,0,0.00,11260,1,11260,11260,11260,11260.00,0,,
directory_depth_3,rigidmodels\buildings\emp_outfield_struc_wall_03,1,1,100.00,0,0.00,0,0.00,0,0.00,0,0.00,12620,1,12620,12620,12620,12620.00,0,,
directory_depth_3,rigidmodels\buildings\emp_outfield_struc_wall_04,1,1,100.00,0,0.00,0,0.00,0,0.00,0,0.00,11260,1,11260,11260,11260,11260.00,0,,
directory_depth_3,rigidmodels\buildings\emp_outfield_struc_wall_house_01,1,1,100.00,0,0.00,0,0.00,0,0.00,0,0.00,5848,1,5848,5848,5848,5848.00,0,,
directory_depth_3,rigidmodels\buildings\emp_outfield_struc_wall_house_02,1,1,100.00,0,0.00,0,0.00,0,0.00,0,0.00,6968,1,6968,6968,6968,6968.00,0,,
directory_depth_3,rigidmodels\buildings\emp_pick_a,1,1,100.00,0,0.00,0,0.00,0,0.00,0,0.00,94584,1,94584,94584,94584,94584.00,0,,
directory_depth_3,rigidmodels\buildings\emp_prop_barrel_01,1,1,100.00,0,0.00,0,0.00,0,0.00,0,0.00,11268,1,11268,11268,11268,11268.00,0,,
directory_depth_3,rigidmodels\buildings\emp_prop_barrels_01,1,1,100.00,0,0.00,0,0.00,0,0.00,0,0.00,37444,1,37444,37444,37444,37444.00,0,,
directory_depth_3,rigidmodels\buildings\emp_prop_barricade_large_01,1,1,100.00,0,0.00,0,0.00,0,0.00,0,0.00,21068,1,21068,21068,21068,21068.00,0,,
directory_depth_3,rigidmodels\buildings\emp_prop_barricade_small_01,1,1,100.00,0,0.00,0,0.00,0,0.00,0,0.00,12736,1,12736,12736,12736,12736.00,0,,
directory_depth_3,rigidmodels\buildings\emp_prop_bench_01,1,1,100.00,0,0.00,0,0.00,0,0.00,0,0.00,14340,1,14340,14340,14340,14340.00,0,,
directory_depth_3,rigidmodels\buildings\emp_prop_crate_01,1,1,100.00,0,0.00,0,0.00,0,0.00,0,0.00,9204,1,9204,9204,9204,9204.00,0,,
directory_depth_3,rigidmodels\buildings\emp_prop_crate_02,1,1,100.00,0,0.00,0,0.00,0,0.00,0,0.00,9332,1,9332,9332,9332,9332.00,0,,
directory_depth_3,rigidmodels\buildings\emp_prop_crates_01,1,1,100.00,0,0.00,0,0.00,0,0.00,0,0.00,29580,1,29580,29580,29580,29580.00,0,,
directory_depth_3,rigidmodels\buildings\emp_prop_horse_trough_01,1,1,100.00,0,0.00,0,0.00,0,0.00,0,0.00,14364,1,14364,14364,14364,14364.00,0,,
directory_depth_3,rigidmodels\buildings\emp_prop_inn_sign_01,1,1,100.00,0,0.00,0,0.00,0,0.00,0,0.00,17668,1,17668,17668,17668,17668.00,0,,
directory_depth_3,rigidmodels\buildings\emp_prop_ladder_10m_01,1,1,100.00,0,0.00,0,0.00,0,0.00,0,0.00,19796,1,19796,19796,19796,19796.00,0,,
directory_depth_3,rigidmodels\buildings\emp_prop_ladder_6m_01,1,1,100.00,0,0.00,0,0.00,0,0.00,0,0.00,14756,1,14756,14756,14756,14756.00,0,,
directory_depth_3,rigidmodels\buildings\emp_prop_pile_long,1,1,100.00,0,0.00,0,0.00,0,0.00,0,0.00,26108,1,26108,26108,26108,26108.00,0,,
directory_depth_3,rigidmodels\buildings\emp_prop_plank_5m_01,1,1,100.00,0,0.00,0,0.00,0,0.00,0,0.00,6356,1,6356,6356,6356,6356.00,0,,
directory_depth_3,rigidmodels\buildings\emp_prop_plank_7m_01,1,1,100.00,0,0.00,0,0.00,0,0.00,0,0.00,6356,1,6356,6356,6356,6356.00,0,,
directory_depth_3,rigidmodels\buildings\emp_prop_roof_shack_01,1,1,100.00,0,0.00,0,0.00,0,0.00,0,0.00,8560,1,8560,8560,8560,8560.00,0,,
directory_depth_3,rigidmodels\buildings\emp_prop_roof_shack_02,1,1,100.00,0,0.00,0,0.00,0,0.00,0,0.00,8560,1,8560,8560,8560,8560.00,0,,
directory_depth_3,rigidmodels\buildings\emp_prop_roof_shack_03,1,1,100.00,0,0.00,0,0.00,0,0.00,0,0.00,8560,1,8560,8560,8560,8560.00,0,,
directory_depth_3,rigidmodels\buildings\emp_prop_shack_01,1,1,100.00,0,0.00,0,0.00,0,0.00,0,0.00,21738,1,21738,21738,21738,21738.00,0,,
directory_depth_3,rigidmodels\buildings\emp_prop_signpost_01,1,1,100.00,0,0.00,0,0.00,0,0.00,0,0.00,14020,1,14020,14020,14020,14020.00,0,,
directory_depth_3,rigidmodels\buildings\emp_prop_supportbeam_2m_01,1,1,100.00,0,0.00,0,0.00,0,0.00,0,0.00,6356,1,6356,6356,6356,6356.00,0,,
directory_depth_3,rigidmodels\buildings\emp_prop_supportbeam_3m_01,1,1,100.00,0,0.00,0,0.00,0,0.00,0,0.00,6356,1,6356,6356,6356,6356.00,0,,
directory_depth_3,rigidmodels\buildings\emp_prop_supportbeam_5m_01,1,1,100.00,0,0.00,0,0.00,0,0.00,0,0.00,6356,1,6356,6356,6356,6356.00,0,,
directory_depth_3,rigidmodels\buildings\emp_prop_walkway_10m_01,1,1,100.00,0,0.00,0,0.00,0,0.00,0,0.00,23996,1,23996,23996,23996,23996.00,0,,
directory_depth_3,rigidmodels\buildings\emp_prop_walkway_5m_01,1,1,100.00,0,0.00,0,0.00,0,0.00,0,0.00,13916,1,13916,13916,13916,13916.00,0,,
directory_depth_3,rigidmodels\buildings\emp_prop_walkway_7m_01,1,1,100.00,0,0.00,0,0.00,0,0.00,0,0.00,18116,1,18116,18116,18116,18116.00,0,,
directory_depth_3,rigidmodels\buildings\emp_prop_windowbox_door_01,1,1,100.00,0,0.00,0,0.00,0,0.00,0,0.00,15284,1,15284,15284,15284,15284.00,0,,
directory_depth_3,rigidmodels\buildings\emp_rocklrg_01,1,1,100.00,0,0.00,0,0.00,0,0.00,0,0.00,37044,1,37044,37044,37044,37044.00,0,,
directory_depth_3,rigidmodels\buildings\emp_rocklrg_02,1,1,100.00,0,0.00,0,0.00,0,0.00,0,0.00,36932,1,36932,36932,36932,36932.00,0,,
directory_depth_3,rigidmodels\buildings\emp_rockmed_01,1,1,100.00,0,0.00,0,0.00,0,0.00,0,0.00,31488,1,31488,31488,31488,31488.00,0,,
directory_depth_3,rigidmodels\buildings\emp_rockmed_02,1,1,100.00,0,0.00,0,0.00,0,0.00,0,0.00,25400,1,25400,25400,25400,25400.00,0,,
directory_depth_3,rigidmodels\buildings\emp_rocksml_01,1,1,100.00,0,0.00,0,0.00,0,0.00,0,0.00,21904,1,21904,21904,21904,21904.00,0,,
directory_depth_3,rigidmodels\buildings\emp_roof_crane_01,1,1,100.00,0,0.00,0,0.00,0,0.00,0,0.00,15092,1,15092,15092,15092,15092.00,0,,
directory_depth_3,rigidmodels\buildings\emp_roof_peaked_01,1,1,100.00,0,0.00,0,0.00,0,0.00,0,0.00,90620,1,90620,90620,90620,90620.00,0,,
directory_depth_3,rigidmodels\buildings\emp_roof_pointed_01,1,1,100.00,0,0.00,0,0.00,0,0.00,0,0.00,22280,1,22280,22280,22280,22280.00,0,,
directory_depth_3,rigidmodels\buildings\emp_roof_windowbox_01,1,1,100.00,0,0.00,0,0.00,0,0.00,0,0.00,15012,1,15012,15012,15012,15012.00,0,,
directory_depth_3,rigidmodels\buildings\emp_ruins_brick_01,1,1,100.00,0,0.00,0,0.00,0,0.00,0,0.00,24242,1,24242,24242,24242,24242.00,0,,
directory_depth_3,rigidmodels\buildings\emp_ruins_brick_02,1,1,100.00,0,0.00,0,0.00,0,0.00,0,0.00,28568,1,28568,28568,28568,28568.00,0,,
directory_depth_3,rigidmodels\buildings\emp_ruins_brick_03,1,1,100.00,0,0.00,0,0.00,0,0.00,0,0.00,65340,1,65340,65340,65340,65340.00,0,,
directory_depth_3,rigidmodels\buildings\emp_ruins_building_01,1,1,100.00,0,0.00,0,0.00,0,0.00,0,0.00,672206,1,672206,672206,672206,672206.00,0,,
directory_depth_3,rigidmodels\buildings\emp_ruins_building_02,1,1,100.00,0,0.00,0,0.00,0,0.00,0,0.00,57768,1,57768,57768,57768,57768.00,0,,
directory_depth_3,rigidmodels\buildings\emp_ruins_door_01,1,1,100.00,0,0.00,0,0.00,0,0.00,0,0.00,8148,1,8148,8148,8148,8148.00,0,,
directory_depth_3,rigidmodels\buildings\emp_ruins_door_02,1,1,100.00,0,0.00,0,0.00,0,0.00,0,0.00,7868,1,7868,7868,7868,7868.00,0,,
directory_depth_3,rigidmodels\buildings\emp_ruins_door_03,1,1,100.00,0,0.00,0,0.00,0,0.00,0,0.00,7716,1,7716,7716,7716,7716.00,0,,
directory_depth_3,rigidmodels\buildings\emp_ruins_door_04,1,1,100.00,0,0.00,0,0.00,0,0.00,0,0.00,3516,1,3516,3516,3516,3516.00,0,,
directory_depth_3,rigidmodels\buildings\emp_ruins_door_05,1,1,100.00,0,0.00,0,0.00,0,0.00,0,0.00,4126,1,4126,4126,4126,4126.00,0,,
directory_depth_3,rigidmodels\buildings\emp_ruins_gate_01,1,1,100.00,0,0.00,0,0.00,0,0.00,0,0.00,174052,1,174052,174052,174052,174052.00,0,,
directory_depth_3,rigidmodels\buildings\emp_ruins_gate_02,1,1,100.00,0,0.00,0,0.00,0,0.00,0,0.00,258274,1,258274,258274,258274,258274.00,0,,
directory_depth_3,rigidmodels\buildings\emp_ruins_pillars_03,1,1,100.00,0,0.00,0,0.00,0,0.00,0,0.00,185160,1,185160,185160,185160,185160.00,0,,
directory_depth_3,rigidmodels\buildings\emp_ruins_pillars_04,1,1,100.00,0,0.00,0,0.00,0,0.00,0,0.00,285248,1,285248,285248,285248,285248.00,0,,
directory_depth_3,rigidmodels\buildings\emp_ruins_roof_01,1,1,100.00,0,0.00,0,0.00,0,0.00,0,0.00,62520,1,62520,62520,62520,62520.00,0,,
directory_depth_3,rigidmodels\buildings\emp_ruins_roof_02,1,1,100.00,0,0.00,0,0.00,0,0.00,0,0.00,76326,1,76326,76326,76326,76326.00,0,,
directory_depth_3,rigidmodels\buildings\emp_ruins_roof_03,1,1,100.00,0,0.00,0,0.00,0,0.00,0,0.00,52776,1,52776,52776,52776,52776.00,0,,
directory_depth_3,rigidmodels\buildings\emp_ruins_rubble_01,1,1,100.00,0,0.00,0,0.00,0,0.00,0,0.00,197382,1,197382,197382,197382,197382.00,0,,
directory_depth_3,rigidmodels\buildings\emp_rural_01,1,1,100.00,0,0.00,0,0.00,0,0.00,0,0.00,15000,1,15000,15000,15000,15000.00,0,,
directory_depth_3,rigidmodels\buildings\emp_rural_02,1,1,100.00,0,0.00,0,0.00,0,0.00,0,0.00,20734,1,20734,20734,20734,20734.00,0,,
directory_depth_3,rigidmodels\buildings\emp_rural_03,1,1,100.00,0,0.00,0,0.00,0,0.00,0,0.00,35236,1,35236,35236,35236,35236.00,0,,
directory_depth_3,rigidmodels\buildings\emp_rural_04,1,1,100.00,0,0.00,0,0.00,0,0.00,0,0.00,17890,1,17890,17890,17890,17890.00,0,,
directory_depth_3,rigidmodels\buildings\emp_rural_05,1,1,100.00,0,0.00,0,0.00,0,0.00,0,0.00,24050,1,24050,24050,24050,24050.00,0,,
directory_depth_3,rigidmodels\buildings\emp_rural_06,1,1,100.00,0,0.00,0,0.00,0,0.00,0,0.00,25570,1,25570,25570,25570,25570.00,0,,
directory_depth_3,rigidmodels\buildings\emp_rural_07,1,1,100.00,0,0.00,0,0.00,0,0.00,0,0.00,16876,1,16876,16876,16876,16876.00,0,,
directory_depth_3,rigidmodels\buildings\emp_rural_08,1,1,100.00,0,0.00,0,0.00,0,0.00,0,0.00,17844,1,17844,17844,17844,17844.00,0,,
directory_depth_3,rigidmodels\buildings\emp_rural_09,1,1,100.00,0,0.00,0,0.00,0,0.00,0,0.00,13200,1,13200,13200,13200,13200.00,0,,
directory_depth_3,rigidmodels\buildings\emp_rural_10,1,1,100.00,0,0.00,0,0.00,0,0.00,0,0.00,8304,1,8304,8304,8304,8304.00,0,,
directory_depth_3,rigidmodels\buildings\emp_rural_11,1,1,100.00,0,0.00,0,0.00,0,0.00,0,0.00,13336,1,13336,13336,13336,13336.00,0,,
directory_depth_3,rigidmodels\buildings\emp_rural_12,1,1,100.00,0,0.00,0,0.00,0,0.00,0,0.00,5776,1,5776,5776,5776,5776.00,0,,
directory_depth_3,rigidmodels\buildings\emp_rural_13,1,1,100.00,0,0.00,0,0.00,0,0.00,0,0.00,5496,1,5496,5496,5496,5496.00,0,,
directory_depth_3,rigidmodels\buildings\emp_rural_14,1,1,100.00,0,0.00,0,0.00,0,0.00,0,0.00,8296,1,8296,8296,8296,8296.00,0,,
directory_depth_3,rigidmodels\buildings\emp_rural_15,1,1,100.00,0,0.00,0,0.00,0,0.00,0,0.00,4644,1,4644,4644,4644,4644.00,0,,
directory_depth_3,rigidmodels\buildings\emp_rural_16,1,1,100.00,0,0.00,0,0.00,0,0.00,0,0.00,4224,1,4224,4224,4224,4224.00,0,,
directory_depth_3,rigidmodels\buildings\emp_seacliff_a,1,1,100.00,0,0.00,0,0.00,0,0.00,0,0.00,62954,1,62954,62954,62954,62954.00,0,,
directory_depth_3,rigidmodels\buildings\emp_seacliff_b,1,1,100.00,0,0.00,0,0.00,0,0.00,0,0.00,72476,1,72476,72476,72476,72476.00,0,,
directory_depth_3,rigidmodels\buildings\emp_seacliff_b_01,1,1,100.00,0,0.00,0,0.00,0,0.00,0,0.00,296006,1,296006,296006,296006,296006.00,0,,
directory_depth_3,rigidmodels\buildings\emp_seacliff_b_02,1,1,100.00,0,0.00,0,0.00,0,0.00,0,0.00,284902,1,284902,284902,284902,284902.00,0,,
directory_depth_3,rigidmodels\buildings\emp_seacliff_b_02_a,1,1,100.00,0,0.00,0,0.00,0,0.00,0,0.00,37600,1,37600,37600,37600,37600.00,0,,
directory_depth_3,rigidmodels\buildings\emp_seacliff_b_02_b,1,1,100.00,0,0.00,0,0.00,0,0.00,0,0.00,30164,1,30164,30164,30164,30164.00,0,,
directory_depth_3,rigidmodels\buildings\emp_seacliff_b_02_c,1,1,100.00,0,0.00,0,0.00,0,0.00,0,0.00,27316,1,27316,27316,27316,27316.00,0,,
directory_depth_3,rigidmodels\buildings\emp_seacliff_b_03,1,1,100.00,0,0.00,0,0.00,0,0.00,0,0.00,261156,1,261156,261156,261156,261156.00,0,,
directory_depth_3,rigidmodels\buildings\emp_seacliff_b_04,1,1,100.00,0,0.00,0,0.00,0,0.00,0,0.00,157456,1,157456,157456,157456,157456.00,0,,
directory_depth_3,rigidmodels\buildings\emp_seacliff_b_05,1,1,100.00,0,0.00,0,0.00,0,0.00,0,0.00,217386,1,217386,217386,217386,217386.00,0,,
directory_depth_3,rigidmodels\buildings\emp_seacliff_b_06,1,1,100.00,0,0.00,0,0.00,0,0.00,0,0.00,155012,1,155012,155012,155012,155012.00,0,,
directory_depth_3,rigidmodels\buildings\emp_seacliff_b_07,1,1,100.00,0,0.00,0,0.00,0,0.00,0,0.00,193262,1,193262,193262,193262,193262.00,0,,
directory_depth_3,rigidmodels\buildings\emp_seacliff_formation_01,1,1,100.00,0,0.00,0,0.00,0,0.00,0,0.00,534974,1,534974,534974,534974,534974.00,0,,
directory_depth_3,rigidmodels\buildings\emp_seacliff_formation_02,1,1,100.00,0,0.00,0,0.00,0,0.00,0,0.00,280246,1,280246,280246,280246,280246.00,0,,
directory_depth_3,rigidmodels\buildings\emp_seacliff_formation_03,1,1,100.00,0,0.00,0,0.00,0,0.00,0,0.00,165084,1,165084,165084,165084,165084.00,0,,
directory_depth_3,rigidmodels\buildings\emp_shield01,1,1,100.00,0,0.00,0,0.00,0,0.00,0,0.00,2816,1,2816,2816,2816,2816.00,0,,
directory_depth_3,rigidmodels\buildings\emp_siege_tower_15m,12,12,100.00,0,0.00,0,0.00,0,0.00,0,0.00,4549008,12,4549008,24768,1978384,379084.00,0,,
directory_depth_3,rigidmodels\buildings\emp_sigmar_bronze_01,1,1,100.00,0,0.00,0,0.00,0,0.00,0,0.00,655844,1,655844,655844,655844,655844.00,0,,
directory_depth_3,rigidmodels\buildings\emp_sigmar_gold_01,1,1,100.00,0,0.00,0,0.00,0,0.00,0,0.00,655844,1,655844,655844,655844,655844.00,0,,
directory_depth_3,rigidmodels\buildings\emp_sigmar_stone_01,1,1,100.00,0,0.00,0,0.00,0,0.00,0,0.00,655844,1,655844,655844,655844,655844.00,0,,
directory_depth_3,rigidmodels\buildings\emp_sigmar_stone_g_01,1,1,100.00,0,0.00,0,0.00,0,0.00,0,0.00,655844,1,655844,655844,655844,655844.00,0,,
directory_depth_3,rigidmodels\buildings\emp_skull_mtn_a,1,1,100.00,0,0.00,0,0.00,0,0.00,0,0.00,102658,1,102658,102658,102658,102658.00,0,,
directory_depth_3,rigidmodels\buildings\emp_skull_mtn_b,1,1,100.00,0,0.00,0,0.00,0,0.00,0,0.00,140028,1,140028,140028,140028,140028.00,0,,
directory_depth_3,rigidmodels\buildings\emp_skull_mtn_c,1,1,100.00,0,0.00,0,0.00,0,0.00,0,0.00,138324,1,138324,138324,138324,138324.00,0,,
directory_depth_3,rigidmodels\buildings\emp_stone_a,1,1,100.00,0,0.00,0,0.00,0,0.00,0,0.00,10670,1,10670,10670,10670,10670.00,0,,
directory_depth_3,rigidmodels\buildings\emp_stone_b,1,1,100.00,0,0.00,0,0.00,0,0.00,0,0.00,10744,1,10744,10744,10744,10744.00,0,,
directory_depth_3,rigidmodels\buildings\emp_stone_c,1,1,100.00,0,0.00,0,0.00,0,0.00,0,0.00,11014,1,11014,11014,11014,11014.00,0,,
directory_depth_3,rigidmodels\buildings\emp_stone_d,1,1,100.00,0,0.00,0,0.00,0,0.00,0,0.00,32094,1,32094,32094,32094,32094.00,0,,
directory_depth_3,rigidmodels\buildings\emp_stone_e,1,1,100.00,0,0.00,0,0.00,0,0.00,0,0.00,29714,1,29714,29714,29714,29714.00,0,,
directory_depth_3,rigidmodels\buildings\emp_stone_f,1,1,100.00,0,0.00,0,0.00,0,0.00,0,0.00,31762,1,31762,31762,31762,31762.00,0,,
directory_depth_3,rigidmodels\buildings\emp_street_lights01,3,3,100.00,0,0.00,0,0.00,0,0.00,0,0.00,40580,3,40580,11856,14984,13526.67,0,,
directory_depth_3,rigidmodels\buildings\emp_tent,3,3,100.00,0,0.00,0,0.00,0,0.00,0,0.00,25136,3,25136,6298,10100,8378.67,0,,
directory_depth_3,rigidmodels\buildings\emp_terrace_01,1,1,100.00,0,0.00,0,0.00,0,0.00,0,0.00,143256,1,143256,143256,143256,143256.00,0,,
directory_depth_3,rigidmodels\buildings\emp_terrace_02,1,1,100.00,0,0.00,0,0.00,0,0.00,0,0.00,208964,1,208964,208964,208964,208964.00,0,,
directory_depth_3,rigidmodels\buildings\emp_terrace_03,1,1,100.00,0,0.00,0,0.00,0,0.00,0,0.00,273648,1,273648,273648,273648,273648.00,0,,
directory_depth_3,rigidmodels\buildings\emp_terrace_04,1,1,100.00,0,0.00,0,0.00,0,0.00,0,0.00,155288,1,155288,155288,155288,155288.00,0,,
directory_depth_3,rigidmodels\buildings\emp_terrace_05,1,1,100.00,0,0.00,0,0.00,0,0.00,0,0.00,183968,1,183968,183968,183968,183968.00,0,,
directory_depth_3,rigidmodels\buildings\emp_terrace_06,1,1,100.00,0,0.00,0,0.00,0,0.00,0,0.00,227364,1,227364,227364,227364,227364.00,0,,
directory_depth_3,rigidmodels\buildings\emp_terrace_07,1,1,100.00,0,0.00,0,0.00,0,0.00,0,0.00,191660,1,191660,191660,191660,191660.00,0,,
directory_depth_3,rigidmodels\buildings\emp_terrace_08,1,1,100.00,0,0.00,0,0.00,0,0.00,0,0.00,156984,1,156984,156984,156984,156984.00,0,,
directory_depth_3,rigidmodels\buildings\emp_terrace_09,1,1,100.00,0,0.00,0,0.00,0,0.00,0,0.00,108860,1,108860,108860,108860,108860.00,0,,
directory_depth_3,rigidmodels\buildings\emp_tower_freestanding,2,2,100.00,0,0.00,0,0.00,0,0.00,0,0.00,2044224,2,2044224,842928,1201296,1022112.00,0,,
directory_depth_3,rigidmodels\buildings\emp_tower_placement_01,1,1,100.00,0,0.00,0,0.00,0,0.00,0,0.00,842928,1,842928,842928,842928,842928.00,0,,
directory_depth_3,rigidmodels\buildings\emp_tower_placement_02,1,1,100.00,0,0.00,0,0.00,0,0.00,0,0.00,842928,1,842928,842928,842928,842928.00,0,,
directory_depth_3,rigidmodels\buildings\emp_tower_placement_03,1,1,100.00,0,0.00,0,0.00,0,0.00,0,0.00,842928,1,842928,842928,842928,842928.00,0,,
directory_depth_3,rigidmodels\buildings\emp_tower_placement_04,1,1,100.00,0,0.00,0,0.00,0,0.00,0,0.00,842928,1,842928,842928,842928,842928.00,0,,
directory_depth_3,rigidmodels\buildings\emp_upper_11x7_01,1,1,100.00,0,0.00,0,0.00,0,0.00,0,0.00,154124,1,154124,154124,154124,154124.00,0,,
directory_depth_3,rigidmodels\buildings\emp_upper_7x7_01,1,1,100.00,0,0.00,0,0.00,0,0.00,0,0.00,116532,1,116532,116532,116532,116532.00,0,,
directory_depth_3,rigidmodels\buildings\emp_wall_2m_01,1,1,100.00,0,0.00,0,0.00,0,0.00,0,0.00,8972,1,8972,8972,8972,8972.00,0,,
directory_depth_3,rigidmodels\buildings\emp_wall_5m_01,1,1,100.00,0,0.00,0,0.00,0,0.00,0,0.00,10676,1,10676,10676,10676,10676.00,0,,
directory_depth_3,rigidmodels\buildings\emp_wall_angled_joiner,1,1,100.00,0,0.00,0,0.00,0,0.00,0,0.00,162810,1,162810,162810,162810,162810.00,0,,
directory_depth_3,rigidmodels\buildings\emp_wall_angled_to_grid_joiner,3,3,100.00,0,0.00,0,0.00,0,0.00,0,0.00,2686924,3,2686924,452272,1762404,895641.33,0,,
directory_depth_3,rigidmodels\buildings\emp_wall_building01,1,1,100.00,0,0.00,0,0.00,0,0.00,0,0.00,218230,1,218230,218230,218230,218230.00,0,,
directory_depth_3,rigidmodels\buildings\emp_wall_building02,1,1,100.00,0,0.00,0,0.00,0,0.00,0,0.00,120130,1,120130,120130,120130,120130.00,0,,
directory_depth_3,rigidmodels\buildings\emp_wall_corner_45_exter_left,2,2,100.00,0,0.00,0,0.00,0,0.00,0,0.00,387192,2,387192,154548,232644,193596.00,0,,
directory_depth_3,rigidmodels\buildings\emp_wall_corner_45_exter_right,2,2,100.00,0,0.00,0,0.00,0,0.00,0,0.00,387192,2,387192,154548,232644,193596.00,0,,
directory_depth_3,rigidmodels\buildings\emp_wall_corner_90_exter,1,1,100.00,0,0.00,0,0.00,0,0.00,0,0.00,406074,1,406074,406074,406074,406074.00,0,,
directory_depth_3,rigidmodels\buildings\emp_wall_corner_90_inter,1,1,100.00,0,0.00,0,0.00,0,0.00,0,0.00,788368,1,788368,788368,788368,788368.00,0,,
directory_depth_3,rigidmodels\buildings\emp_wall_dormer01,1,1,100.00,0,0.00,0,0.00,0,0.00,0,0.00,60418,1,60418,60418,60418,60418.00,0,,
directory_depth_3,rigidmodels\buildings\emp_wall_emitter01,1,1,100.00,0,0.00,0,0.00,0,0.00,0,0.00,5356,1,5356,5356,5356,5356.00,0,,
directory_depth_3,rigidmodels\buildings\emp_wall_emitter02,1,1,100.00,0,0.00,0,0.00,0,0.00,0,0.00,55444,1,55444,55444,55444,55444.00,0,,
directory_depth_3,rigidmodels\buildings\emp_wall_emitter03,1,1,100.00,0,0.00,0,0.00,0,0.00,0,0.00,31186,1,31186,31186,31186,31186.00,0,,
directory_depth_3,rigidmodels\buildings\emp_wall_flag01,1,1,100.00,0,0.00,0,0.00,0,0.00,0,0.00,10768,1,10768,10768,10768,10768.00,0,,
directory_depth_3,rigidmodels\buildings\emp_wall_gatehouse_60,10,10,100.00,0,0.00,0,0.00,0,0.00,0,0.00,7866452,10,7866452,256220,2463898,786645.20,0,,
directory_depth_3,rigidmodels\buildings\emp_wall_grid_to_angled_joiner,3,3,100.00,0,0.00,0,0.00,0,0.00,0,0.00,2686860,3,2686860,452208,1762404,895620.00,0,,
directory_depth_3,rigidmodels\buildings\emp_wall_ladder01,1,1,100.00,0,0.00,0,0.00,0,0.00,0,0.00,43616,1,43616,43616,43616,43616.00,0,,
directory_depth_3,rigidmodels\buildings\emp_wall_ladder03,1,1,100.00,0,0.00,0,0.00,0,0.00,0,0.00,43008,1,43008,43008,43008,43008.00,0,,
directory_depth_3,rigidmodels\buildings\emp_wall_machicolation01,1,1,100.00,0,0.00,0,0.00,0,0.00,0,0.00,47038,1,47038,47038,47038,47038.00,0,,
directory_depth_3,rigidmodels\buildings\emp_wall_machicolation02,1,1,100.00,0,0.00,0,0.00,0,0.00,0,0.00,44216,1,44216,44216,44216,44216.00,0,,
directory_depth_3,rigidmodels\buildings\emp_wall_machicolation03,1,1,100.00,0,0.00,0,0.00,0,0.00,0,0.00,44292,1,44292,44292,44292,44292.00,0,,
directory_depth_3,rigidmodels\buildings\emp_wall_merlon01,2,2,100.00,0,0.00,0,0.00,0,0.00,0,0.00,58304,2,58304,14976,43328,29152.00,0,,
directory_depth_3,rigidmodels\buildings\emp_wall_merlon02,3,3,100.00,0,0.00,0,0.00,0,0.00,0,0.00,100914,3,100914,13116,48594,33638.00,0,,
directory_depth_3,rigidmodels\buildings\emp_wall_pillar_01,1,1,100.00,0,0.00,0,0.00,0,0.00,0,0.00,8972,1,8972,8972,8972,8972.00,0,,
directory_depth_3,rigidmodels\buildings\emp_wall_stepdown_15m,1,1,100.00,0,0.00,0,0.00,0,0.00,0,0.00,1563514,1,1563514,1563514,1563514,1563514.00,0,,
directory_depth_3,rigidmodels\buildings\emp_wall_stepup_15m,1,1,100.00,0,0.00,0,0.00,0,0.00,0,0.00,1562198,1,1562198,1562198,1562198,1562198.00,0,,
directory_depth_3,rigidmodels\buildings\emp_wall_straight_20,3,3,100.00,0,0.00,0,0.00,0,0.00,0,0.00,2237970,3,2237970,323274,1438528,745990.00,0,,
directory_depth_3,rigidmodels\buildings\emp_wall_straight_20_blocked,1,1,100.00,0,0.00,0,0.00,0,0.00,0,0.00,518910,1,518910,518910,518910,518910.00,0,,
directory_depth_3,rigidmodels\buildings\emp_wall_straight_20_emplacment,1,1,100.00,0,0.00,0,0.00,0,0.00,0,0.00,487910,1,487910,487910,487910,487910.00,0,,
directory_depth_3,rigidmodels\buildings\emp_wall_straight_20_tower_connector,1,1,100.00,0,0.00,0,0.00,0,0.00,0,0.00,105520,1,105520,105520,105520,105520.00,0,,
directory_depth_3,rigidmodels\buildings\emp_wall_structure01,1,1,100.00,0,0.00,0,0.00,0,0.00,0,0.00,27180,1,27180,27180,27180,27180.00,0,,
directory_depth_3,rigidmodels\buildings\emp_wall_structure02,1,1,100.00,0,0.00,0,0.00,0,0.00,0,0.00,27916,1,27916,27916,27916,27916.00,0,,
directory_depth_3,rigidmodels\buildings\emp_wall_structure03,1,1,100.00,0,0.00,0,0.00,0,0.00,0,0.00,64892,1,64892,64892,64892,64892.00,0,,
directory_depth_3,rigidmodels\buildings\emp_wall_support01,2,2,100.00,0,0.00,0,0.00,0,0.00,0,0.00,73838,2,73838,36870,36968,36919.00,0,,
directory_depth_3,rigidmodels\buildings\emp_wall_tower,3,3,100.00,0,0.00,0,0.00,0,0.00,0,0.00,3947112,3,3947112,678222,1888040,1315704.00,0,,
directory_depth_3,rigidmodels\buildings\emp_wall_tower_01,3,3,100.00,0,0.00,0,0.00,0,0.00,0,0.00,3947112,3,3947112,678222,1888040,1315704.00,0,,
directory_depth_3,rigidmodels\buildings\emp_wall_tower_02,3,3,100.00,0,0.00,0,0.00,0,0.00,0,0.00,3947112,3,3947112,678222,1888040,1315704.00,0,,
directory_depth_3,rigidmodels\buildings\emp_wall_tower_03,3,3,100.00,0,0.00,0,0.00,0,0.00,0,0.00,3959620,3,3959620,678222,1900548,1319873.33,0,,
directory_depth_3,rigidmodels\buildings\emp_walltorch_01,1,1,100.00,0,0.00,0,0.00,0,0.00,0,0.00,42560,1,42560,42560,42560,42560.00,0,,
directory_depth_3,rigidmodels\buildings\emp_warehouse_buttress_01,1,1,100.00,0,0.00,0,0.00,0,0.00,0,0.00,8724,1,8724,8724,8724,8724.00,0,,
directory_depth_3,rigidmodels\buildings\emp_warehouse_chimney_01,1,1,100.00,0,0.00,0,0.00,0,0.00,0,0.00,9252,1,9252,9252,9252,9252.00,0,,
directory_depth_3,rigidmodels\buildings\emp_warehouse_grd_01,1,1,100.00,0,0.00,0,0.00,0,0.00,0,0.00,28832,1,28832,28832,28832,28832.00,0,,
directory_depth_3,rigidmodels\buildings\emp_warehouse_mid_01,1,1,100.00,0,0.00,0,0.00,0,0.00,0,0.00,176188,1,176188,176188,176188,176188.00,0,,
directory_depth_3,rigidmodels\buildings\emp_warehouse_roof_01,1,1,100.00,0,0.00,0,0.00,0,0.00,0,0.00,31652,1,31652,31652,31652,31652.00,0,,
directory_depth_3,rigidmodels\buildings\emp_warehouse_roof_02,1,1,100.00,0,0.00,0,0.00,0,0.00,0,0.00,34404,1,34404,34404,34404,34404.00,0,,
directory_depth_3,rigidmodels\buildings\emp_warehouse_support_01,1,1,100.00,0,0.00,0,0.00,0,0.00,0,0.00,9860,1,9860,9860,9860,9860.00,0,,
directory_depth_3,rigidmodels\buildings\emp_warehouse_upper_roofed_01,1,1,100.00,0,0.00,0,0.00,0,0.00,0,0.00,113516,1,113516,113516,113516,113516.00,0,,
directory_depth_3,rigidmodels\buildings\emp_warehouse_upper_roofed_02,1,1,100.00,0,0.00,0,0.00,0,0.00,0,0.00,83100,1,83100,83100,83100,83100.00,0,,
directory_depth_3,rigidmodels\buildings\flat_mushrooms_a,1,1,100.00,0,0.00,0,0.00,0,0.00,0,0.00,19708,1,19708,19708,19708,19708.00,0,,
directory_depth_3,rigidmodels\buildings\flat_mushrooms_b,1,1,100.00,0,0.00,0,0.00,0,0.00,0,0.00,32524,1,32524,32524,32524,32524.00,0,,
directory_depth_3,rigidmodels\buildings\flat_mushrooms_c,1,1,100.00,0,0.00,0,0.00,0,0.00,0,0.00,34832,1,34832,34832,34832,34832.00,0,,
directory_depth_3,rigidmodels\buildings\frg_chain_01,1,1,100.00,0,0.00,0,0.00,0,0.00,0,0.00,2848,1,2848,2848,2848,2848.00,0,,
directory_depth_3,rigidmodels\buildings\frg_cog_01,1,1,100.00,0,0.00,0,0.00,0,0.00,0,0.00,28912,1,28912,28912,28912,28912.00,0,,
directory_depth_3,rigidmodels\buildings\frg_cog_02,1,1,100.00,0,0.00,0,0.00,0,0.00,0,0.00,44812,1,44812,44812,44812,44812.00,0,,
directory_depth_3,rigidmodels\buildings\frg_cog_chain_01,1,1,100.00,0,0.00,0,0.00,0,0.00,0,0.00,176008,1,176008,176008,176008,176008.00,0,,
directory_depth_3,rigidmodels\buildings\frg_grating_01,1,1,100.00,0,0.00,0,0.00,0,0.00,0,0.00,2696,1,2696,2696,2696,2696.00,0,,
directory_depth_3,rigidmodels\buildings\frg_pillar_entrance_01,1,1,100.00,0,0.00,0,0.00,0,0.00,0,0.00,32344,1,32344,32344,32344,32344.00,0,,
directory_depth_3,rigidmodels\buildings\frg_pillar_large_01,1,1,100.00,0,0.00,0,0.00,0,0.00,0,0.00,15578,1,15578,15578,15578,15578.00,0,,
directory_depth_3,rigidmodels\buildings\frg_pillar_large_04,1,1,100.00,0,0.00,0,0.00,0,0.00,0,0.00,19440,1,19440,19440,19440,19440.00,0,,
directory_depth_3,rigidmodels\buildings\frg_pillar_large_triangle_01,1,1,100.00,0,0.00,0,0.00,0,0.00,0,0.00,17880,1,17880,17880,17880,17880.00,0,,
directory_depth_3,rigidmodels\buildings\frg_pillar_short_01,1,1,100.00,0,0.00,0,0.00,0,0.00,0,0.00,15160,1,15160,15160,15160,15160.00,0,,
directory_depth_3,rigidmodels\buildings\frg_pipe_01,1,1,100.00,0,0.00,0,0.00,0,0.00,0,0.00,37936,1,37936,37936,37936,37936.00,0,,
directory_depth_3,rigidmodels\buildings\frg_pipe_01_short,1,1,100.00,0,0.00,0,0.00,0,0.00,0,0.00,39152,1,39152,39152,39152,39152.00,0,,
directory_depth_3,rigidmodels\buildings\frg_pipe_01_short_glow,1,1,100.00,0,0.00,0,0.00,0,0.00,0,0.00,39152,1,39152,39152,39152,39152.00,0,,
directory_depth_3,rigidmodels\buildings\frg_pipe_02,1,1,100.00,0,0.00,0,0.00,0,0.00,0,0.00,46856,1,46856,46856,46856,46856.00,0,,
directory_depth_3,rigidmodels\buildings\frg_pipe_02_glow,1,1,100.00,0,0.00,0,0.00,0,0.00,0,0.00,46856,1,46856,46856,46856,46856.00,0,,
directory_depth_3,rigidmodels\buildings\frg_pipe_02_short,1,1,100.00,0,0.00,0,0.00,0,0.00,0,0.00,46856,1,46856,46856,46856,46856.00,0,,
directory_depth_3,rigidmodels\buildings\frg_pipe_02_short_glow,1,1,100.00,0,0.00,0,0.00,0,0.00,0,0.00,46856,1,46856,46856,46856,46856.00,0,,
directory_depth_3,rigidmodels\buildings\frg_pipe_03,1,1,100.00,0,0.00,0,0.00,0,0.00,0,0.00,59350,1,59350,59350,59350,59350.00,0,,
directory_depth_3,rigidmodels\buildings\frg_pipe_03_short,1,1,100.00,0,0.00,0,0.00,0,0.00,0,0.00,58934,1,58934,58934,58934,58934.00,0,,
directory_depth_3,rigidmodels\buildings\frg_pipe_03_short_glow,1,1,100.00,0,0.00,0,0.00,0,0.00,0,0.00,58934,1,58934,58934,58934,58934.00,0,,
directory_depth_3,rigidmodels\buildings\frg_pipe_04,1,1,100.00,0,0.00,0,0.00,0,0.00,0,0.00,42088,1,42088,42088,42088,42088.00,0,,
directory_depth_3,rigidmodels\buildings\frg_pipe_04_glow,1,1,100.00,0,0.00,0,0.00,0,0.00,0,0.00,42088,1,42088,42088,42088,42088.00,0,,
directory_depth_3,rigidmodels\buildings\frg_pipe_05,1,1,100.00,0,0.00,0,0.00,0,0.00,0,0.00,65748,1,65748,65748,65748,65748.00,0,,
directory_depth_3,rigidmodels\buildings\frg_pipe_05_glow,1,1,100.00,0,0.00,0,0.00,0,0.00,0,0.00,65748,1,65748,65748,65748,65748.00,0,,
directory_depth_3,rigidmodels\buildings\frg_pipe_connector_01,1,1,100.00,0,0.00,0,0.00,0,0.00,0,0.00,40932,1,40932,40932,40932,40932.00,0,,
directory_depth_3,rigidmodels\buildings\frg_pipe_connector_01_glow,1,1,100.00,0,0.00,0,0.00,0,0.00,0,0.00,40932,1,40932,40932,40932,40932.00,0,,
directory_depth_3,rigidmodels\buildings\frg_rock_01,1,1,100.00,0,0.00,0,0.00,0,0.00,0,0.00,116588,1,116588,116588,116588,116588.00,0,,
directory_depth_3,rigidmodels\buildings\frg_rock_02,1,1,100.00,0,0.00,0,0.00,0,0.00,0,0.00,139412,1,139412,139412,139412,139412.00,0,,
directory_depth_3,rigidmodels\buildings\frg_skull_01,1,1,100.00,0,0.00,0,0.00,0,0.00,0,0.00,672280,1,672280,672280,672280,672280.00,0,,
directory_depth_3,rigidmodels\buildings\frg_skull_02,1,1,100.00,0,0.00,0,0.00,0,0.00,0,0.00,343620,1,343620,343620,343620,343620.00,0,,
directory_depth_3,rigidmodels\buildings\frg_skull_03,1,1,100.00,0,0.00,0,0.00,0,0.00,0,0.00,343620,1,343620,343620,343620,343620.00,0,,
directory_depth_3,rigidmodels\buildings\frg_skull_04,1,1,100.00,0,0.00,0,0.00,0,0.00,0,0.00,49400,1,49400,49400,49400,49400.00,0,,
directory_depth_3,rigidmodels\buildings\frg_skull_gate_01,1,1,100.00,0,0.00,0,0.00,0,0.00,0,0.00,36632,1,36632,36632,36632,36632.00,0,,
directory_depth_3,rigidmodels\buildings\frg_soul_grinder_platform_01,1,1,100.00,0,0.00,0,0.00,0,0.00,0,0.00,1509074,1,1509074,1509074,1509074,1509074.00,0,,
directory_depth_3,rigidmodels\buildings\frg_throne_01,1,1,100.00,0,0.00,0,0.00,0,0.00,0,0.00,87688,1,87688,87688,87688,87688.00,0,,
directory_depth_3,rigidmodels\buildings\funnel_blue_mushrooms_a,1,1,100.00,0,0.00,0,0.00,0,0.00,0,0.00,20864,1,20864,20864,20864,20864.00,0,,
directory_depth_3,rigidmodels\buildings\funnel_blue_mushrooms_b,1,1,100.00,0,0.00,0,0.00,0,0.00,0,0.00,24004,1,24004,24004,24004,24004.00,0,,
directory_depth_3,rigidmodels\buildings\funnel_blue_mushrooms_c,1,1,100.00,0,0.00,0,0.00,0,0.00,0,0.00,24656,1,24656,24656,24656,24656.00,0,,
directory_depth_3,rigidmodels\buildings\funnel_mushrooms_a,1,1,100.00,0,0.00,0,0.00,0,0.00,0,0.00,20864,1,20864,20864,20864,20864.00,0,,
directory_depth_3,rigidmodels\buildings\funnel_mushrooms_b,1,1,100.00,0,0.00,0,0.00,0,0.00,0,0.00,24004,1,24004,24004,24004,24004.00,0,,
directory_depth_3,rigidmodels\buildings\funnel_mushrooms_c,1,1,100.00,0,0.00,0,0.00,0,0.00,0,0.00,24656,1,24656,24656,24656,24656.00,0,,
directory_depth_3,rigidmodels\buildings\generic_rock_medium_01,1,1,100.00,0,0.00,0,0.00,0,0.00,0,0.00,19032,1,19032,19032,19032,19032.00,0,,
directory_depth_3,rigidmodels\buildings\generic_rock_small_01,1,1,100.00,0,0.00,0,0.00,0,0.00,0,0.00,12272,1,12272,12272,12272,12272.00,0,,
directory_depth_3,rigidmodels\buildings\glb_animal_bones_01,1,1,100.00,0,0.00,0,0.00,0,0.00,0,0.00,148232,1,148232,148232,148232,148232.00,0,,
directory_depth_3,rigidmodels\buildings\glb_animal_bones_02,1,1,100.00,0,0.00,0,0.00,0,0.00,0,0.00,184566,1,184566,184566,184566,184566.00,0,,
directory_depth_3,rigidmodels\buildings\glb_animal_bones_03,1,1,100.00,0,0.00,0,0.00,0,0.00,0,0.00,102308,1,102308,102308,102308,102308.00,0,,
directory_depth_3,rigidmodels\buildings\glb_animal_bones_04,1,1,100.00,0,0.00,0,0.00,0,0.00,0,0.00,244100,1,244100,244100,244100,244100.00,0,,
directory_depth_3,rigidmodels\buildings\glb_anvil_01,2,2,100.00,0,0.00,0,0.00,0,0.00,0,0.00,85942,2,85942,39914,46028,42971.00,0,,
directory_depth_3,rigidmodels\buildings\glb_archtarget_01,1,1,100.00,0,0.00,0,0.00,0,0.00,0,0.00,12068,1,12068,12068,12068,12068.00,0,,
directory_depth_3,rigidmodels\buildings\glb_barrel_01,3,3,100.00,0,0.00,0,0.00,0,0.00,0,0.00,80740,3,80740,8156,59384,26913.33,0,,
directory_depth_3,rigidmodels\buildings\glb_barrel_02,3,3,100.00,0,0.00,0,0.00,0,0.00,0,0.00,92300,3,92300,12668,56500,30766.67,0,,
directory_depth_3,rigidmodels\buildings\glb_barrel_03,3,3,100.00,0,0.00,0,0.00,0,0.00,0,0.00,79730,3,79730,6410,62476,26576.67,0,,
directory_depth_3,rigidmodels\buildings\glb_barrel_04,3,3,100.00,0,0.00,0,0.00,0,0.00,0,0.00,84374,3,84374,6410,67120,28124.67,0,,
directory_depth_3,rigidmodels\buildings\glb_barricade_01,3,3,100.00,0,0.00,0,0.00,0,0.00,0,0.00,1135472,3,1135472,319180,458812,378490.67,0,,
directory_depth_3,rigidmodels\buildings\glb_barricade_blocker,3,3,100.00,0,0.00,0,0.00,0,0.00,0,0.00,377292,3,377292,91654,188562,125764.00,0,,
directory_depth_3,rigidmodels\buildings\glb_barricade_ice_block_01,3,3,100.00,0,0.00,0,0.00,0,0.00,0,0.00,377292,3,377292,91654,188562,125764.00,0,,
directory_depth_3,rigidmodels\buildings\glb_barricade_monument_01,3,3,100.00,0,0.00,0,0.00,0,0.00,0,0.00,50872,3,50872,12716,25352,16957.33,0,,
directory_depth_3,rigidmodels\buildings\glb_barricade_traps_01,2,2,100.00,0,0.00,0,0.00,0,0.00,0,0.00,650410,2,650410,8008,642402,325205.00,0,,
directory_depth_3,rigidmodels\buildings\glb_barricade_traps_02,3,3,100.00,0,0.00,0,0.00,0,0.00,0,0.00,376224,3,376224,93308,188028,125408.00,0,,
directory_depth_3,rigidmodels\buildings\glb_bath_01,3,3,100.00,0,0.00,0,0.00,0,0.00,0,0.00,118244,3,118244,29260,56020,39414.67,0,,
directory_depth_3,rigidmodels\buildings\glb_boat_wreck_01,1,1,100.00,0,0.00,0,0.00,0,0.00,0,0.00,241758,1,241758,241758,241758,241758.00,0,,
directory_depth_3,rigidmodels\buildings\glb_boat_wreck_02,1,1,100.00,0,0.00,0,0.00,0,0.00,0,0.00,121080,1,121080,121080,121080,121080.00,0,,
directory_depth_3,rigidmodels\buildings\glb_boat_wreck_03,1,1,100.00,0,0.00,0,0.00,0,0.00,0,0.00,216958,1,216958,216958,216958,216958.00,0,,
directory_depth_3,rigidmodels\buildings\glb_boat_wreck_04,1,1,100.00,0,0.00,0,0.00,0,0.00,0,0.00,102116,1,102116,102116,102116,102116.00,0,,
directory_depth_3,rigidmodels\buildings\glb_bones_01,1,1,100.00,0,0.00,0,0.00,0,0.00,0,0.00,32000,1,32000,32000,32000,32000.00,0,,
directory_depth_3,rigidmodels\buildings\glb_bones_02,1,1,100.00,0,0.00,0,0.00,0,0.00,0,0.00,13726,1,13726,13726,13726,13726.00,0,,
directory_depth_3,rigidmodels\buildings\glb_bones_03,1,1,100.00,0,0.00,0,0.00,0,0.00,0,0.00,29802,1,29802,29802,29802,29802.00,0,,
directory_depth_3,rigidmodels\buildings\glb_bones_04,1,1,100.00,0,0.00,0,0.00,0,0.00,0,0.00,25200,1,25200,25200,25200,25200.00,0,,
directory_depth_3,rigidmodels\buildings\glb_bucket_01,2,2,100.00,0,0.00,0,0.00,0,0.00,0,0.00,30884,2,30884,10764,20120,15442.00,0,,
directory_depth_3,rigidmodels\buildings\glb_cage_01,3,3,100.00,0,0.00,0,0.00,0,0.00,0,0.00,138646,3,138646,37580,51222,46215.33,0,,
directory_depth_3,rigidmodels\buildings\glb_cage_02,3,3,100.00,0,0.00,0,0.00,0,0.00,0,0.00,129404,3,129404,32620,52018,43134.67,0,,
directory_depth_3,rigidmodels\buildings\glb_camera_collision_01,1,1,100.00,0,0.00,0,0.00,0,0.00,0,0.00,1210,1,1210,1210,1210,1210.00,0,,
directory_depth_3,rigidmodels\buildings\glb_camera_collision_02,1,1,100.00,0,0.00,0,0.00,0,0.00,0,0.00,1210,1,1210,1210,1210,1210.00,0,,
directory_depth_3,rigidmodels\buildings\glb_camera_proxy_size,1,1,100.00,0,0.00,0,0.00,0,0.00,0,0.00,2518,1,2518,2518,2518,2518.00,0,,
directory_depth_3,rigidmodels\buildings\glb_campfire_01,3,3,100.00,0,0.00,0,0.00,0,0.00,0,0.00,129956,3,129956,14188,72418,43318.67,0,,
directory_depth_3,rigidmodels\buildings\glb_campfire_02,1,1,100.00,0,0.00,0,0.00,0,0.00,0,0.00,16536,1,16536,16536,16536,16536.00,0,,
directory_depth_3,rigidmodels\buildings\glb_campfire_03,2,2,100.00,0,0.00,0,0.00,0,0.00,0,0.00,35476,2,35476,11134,24342,17738.00,0,,
directory_depth_3,rigidmodels\buildings\glb_candle_01,1,1,100.00,0,0.00,0,0.00,0,0.00,0,0.00,55796,1,55796,55796,55796,55796.00,0,,
directory_depth_3,rigidmodels\buildings\glb_canopy01,2,2,100.00,0,0.00,0,0.00,0,0.00,0,0.00,9688,2,9688,3956,5732,4844.00,0,,
directory_depth_3,rigidmodels\buildings\glb_capsule_01,1,1,100.00,0,0.00,0,0.00,0,0.00,0,0.00,10604,1,10604,10604,10604,10604.00,0,,
directory_depth_3,rigidmodels\buildings\glb_cart_01,4,4,100.00,0,0.00,0,0.00,0,0.00,0,0.00,829632,4,829632,161840,290872,207408.00,0,,
directory_depth_3,rigidmodels\buildings\glb_cart_02,3,3,100.00,0,0.00,0,0.00,0,0.00,0,0.00,1042468,3,1042468,280752,442650,347489.33,0,,
directory_depth_3,rigidmodels\buildings\glb_cart_03,3,3,100.00,0,0.00,0,0.00,0,0.00,0,0.00,416630,3,416630,93204,173402,138876.67,0,,
directory_depth_3,rigidmodels\buildings\glb_cart_04,3,3,100.00,0,0.00,0,0.00,0,0.00,0,0.00,891444,3,891444,239934,371676,297148.00,0,,
directory_depth_3,rigidmodels\buildings\glb_cart_05,3,3,100.00,0,0.00,0,0.00,0,0.00,0,0.00,1557310,3,1557310,344132,635388,519103.33,0,,
directory_depth_3,rigidmodels\buildings\glb_cart_06,3,3,100.00,0,0.00,0,0.00,0,0.00,0,0.00,687532,3,687532,180144,289408,229177.33,0,,
directory_depth_3,rigidmodels\buildings\glb_cart_hay01,3,3,100.00,0,0.00,0,0.00,0,0.00,0,0.00,736748,3,736748,141050,311454,245582.67,0,,
directory_depth_3,rigidmodels\buildings\glb_cart_hay02,3,3,100.00,0,0.00,0,0.00,0,0.00,0,0.00,521088,3,521088,97608,270558,173696.00,0,,
directory_depth_3,rigidmodels\buildings\glb_cart_large_01,3,3,100.00,0,0.00,0,0.00,0,0.00,0,0.00,311324,3,311324,49024,175756,103774.67,0,,
directory_depth_3,rigidmodels\buildings\glb_cart_large_02,3,3,100.00,0,0.00,0,0.00,0,0.00,0,0.00,298844,3,298844,49024,161496,99614.67,0,,
directory_depth_3,rigidmodels\buildings\glb_cart_small_01,2,2,100.00,0,0.00,0,0.00,0,0.00,0,0.00,108256,2,108256,43312,64944,54128.00,0,,
directory_depth_3,rigidmodels\buildings\glb_cartcanopy_01,2,2,100.00,0,0.00,0,0.00,0,0.00,0,0.00,34238,2,34238,13186,21052,17119.00,0,,
directory_depth_3,rigidmodels\buildings\glb_catapult_01,3,3,100.00,0,0.00,0,0.00,0,0.00,0,0.00,643974,3,643974,34016,339416,214658.00,0,,
directory_depth_3,rigidmodels\buildings\glb_catapult_unpacked_01,3,3,100.00,0,0.00,0,0.00,0,0.00,0,0.00,479128,3,479128,52712,263084,159709.33,0,,
directory_depth_3,rigidmodels\buildings\glb_cave_roof_01,1,1,100.00,0,0.00,0,0.00,0,0.00,0,0.00,1130678,1,1130678,1130678,1130678,1130678.00,0,,
directory_depth_3,rigidmodels\buildings\glb_chair_01,2,2,100.00,0,0.00,0,0.00,0,0.00,0,0.00,26980,2,26980,9632,17348,13490.00,0,,
directory_depth_3,rigidmodels\buildings\glb_chair_02,2,2,100.00,0,0.00,0,0.00,0,0.00,0,0.00,68240,2,68240,30380,37860,34120.00,0,,
directory_depth_3,rigidmodels\buildings\glb_chicken_house_01,3,3,100.00,0,0.00,0,0.00,0,0.00,0,0.00,154904,3,154904,5172,118054,51634.67,0,,
directory_depth_3,rigidmodels\buildings\glb_chicken_house_02,3,3,100.00,0,0.00,0,0.00,0,0.00,0,0.00,45276,3,45276,8860,25780,15092.00,0,,
directory_depth_3,rigidmodels\buildings\glb_cliffs_01,1,1,100.00,0,0.00,0,0.00,0,0.00,0,0.00,941816,1,941816,941816,941816,941816.00,0,,
directory_depth_3,rigidmodels\buildings\glb_cloth01,1,1,100.00,0,0.00,0,0.00,0,0.00,0,0.00,2696,1,2696,2696,2696,2696.00,0,,
directory_depth_3,rigidmodels\buildings\glb_cloth02,1,1,100.00,0,0.00,0,0.00,0,0.00,0,0.00,2924,1,2924,2924,2924,2924.00,0,,
directory_depth_3,rigidmodels\buildings\glb_cloth03,1,1,100.00,0,0.00,0,0.00,0,0.00,0,0.00,3328,1,3328,3328,3328,3328.00,0,,
directory_depth_3,rigidmodels\buildings\glb_cloth04,1,1,100.00,0,0.00,0,0.00,0,0.00,0,0.00,2848,1,2848,2848,2848,2848.00,0,,
directory_depth_3,rigidmodels\buildings\glb_cloth05,1,1,100.00,0,0.00,0,0.00,0,0.00,0,0.00,2696,1,2696,2696,2696,2696.00,0,,
directory_depth_3,rigidmodels\buildings\glb_cloth06,1,1,100.00,0,0.00,0,0.00,0,0.00,0,0.00,3984,1,3984,3984,3984,3984.00,0,,
directory_depth_3,rigidmodels\buildings\glb_crystal_01,1,1,100.00,0,0.00,0,0.00,0,0.00,0,0.00,27524,1,27524,27524,27524,27524.00,0,,
directory_depth_3,rigidmodels\buildings\glb_crystal_02,1,1,100.00,0,0.00,0,0.00,0,0.00,0,0.00,20744,1,20744,20744,20744,20744.00,0,,
directory_depth_3,rigidmodels\buildings\glb_crystal_03,1,1,100.00,0,0.00,0,0.00,0,0.00,0,0.00,55800,1,55800,55800,55800,55800.00,0,,
directory_depth_3,rigidmodels\buildings\glb_crystal_04,1,1,100.00,0,0.00,0,0.00,0,0.00,0,0.00,41488,1,41488,41488,41488,41488.00,0,,
directory_depth_3,rigidmodels\buildings\glb_crystal_05,1,1,100.00,0,0.00,0,0.00,0,0.00,0,0.00,55800,1,55800,55800,55800,55800.00,0,,
directory_depth_3,rigidmodels\buildings\glb_crystal_06,1,1,100.00,0,0.00,0,0.00,0,0.00,0,0.00,41488,1,41488,41488,41488,41488.00,0,,
directory_depth_3,rigidmodels\buildings\glb_cylinder_01,1,1,100.00,0,0.00,0,0.00,0,0.00,0,0.00,2804,1,2804,2804,2804,2804.00,0,,
directory_depth_3,rigidmodels\buildings\glb_deadbodies_pile_a,1,1,100.00,0,0.00,0,0.00,0,0.00,0,0.00,39954,1,39954,39954,39954,39954.00,0,,
directory_depth_3,rigidmodels\buildings\glb_deadbodies_pile_b,1,1,100.00,0,0.00,0,0.00,0,0.00,0,0.00,39398,1,39398,39398,39398,39398.00,0,,
directory_depth_3,rigidmodels\buildings\glb_deadbody_01,1,1,100.00,0,0.00,0,0.00,0,0.00,0,0.00,54940,1,54940,54940,54940,54940.00,0,,
directory_depth_3,rigidmodels\buildings\glb_deadbody_02,1,1,100.00,0,0.00,0,0.00,0,0.00,0,0.00,50338,1,50338,50338,50338,50338.00,0,,
directory_depth_3,rigidmodels\buildings\glb_deadbody_03,1,1,100.00,0,0.00,0,0.00,0,0.00,0,0.00,54734,1,54734,54734,54734,54734.00,0,,
directory_depth_3,rigidmodels\buildings\glb_deadbody_04,1,1,100.00,0,0.00,0,0.00,0,0.00,0,0.00,54700,1,54700,54700,54700,54700.00,0,,
directory_depth_3,rigidmodels\buildings\glb_deadbody_05,1,1,100.00,0,0.00,0,0.00,0,0.00,0,0.00,44694,1,44694,44694,44694,44694.00,0,,
directory_depth_3,rigidmodels\buildings\glb_fence_01,3,3,100.00,0,0.00,0,0.00,0,0.00,0,0.00,60072,3,60072,10872,34968,20024.00,0,,
directory_depth_3,rigidmodels\buildings\glb_fence_02,3,3,100.00,0,0.00,0,0.00,0,0.00,0,0.00,96632,3,96632,15812,58264,32210.67,0,,
directory_depth_3,rigidmodels\buildings\glb_fence_03,3,3,100.00,0,0.00,0,0.00,0,0.00,0,0.00,79052,3,79052,8512,52128,26350.67,0,,
directory_depth_3,rigidmodels\buildings\glb_fence_worn_01,2,2,100.00,0,0.00,0,0.00,0,0.00,0,0.00,86804,2,86804,3464,83340,43402.00,0,,
directory_depth_3,rigidmodels\buildings\glb_fence_worn_02,2,2,100.00,0,0.00,0,0.00,0,0.00,0,0.00,84604,2,84604,3464,81140,42302.00,0,,
directory_depth_3,rigidmodels\buildings\glb_flagtest_01,2,2,100.00,0,0.00,0,0.00,0,0.00,0,0.00,14820,2,14820,3152,11668,7410.00,0,,
directory_depth_3,rigidmodels\buildings\glb_giant_bone_01,1,1,100.00,0,0.00,0,0.00,0,0.00,0,0.00,43272,1,43272,43272,43272,43272.00,0,,
directory_depth_3,rigidmodels\buildings\glb_giant_bone_02,1,1,100.00,0,0.00,0,0.00,0,0.00,0,0.00,61860,1,61860,61860,61860,61860.00,0,,
directory_depth_3,rigidmodels\buildings\glb_giant_rib_01,1,1,100.00,0,0.00,0,0.00,0,0.00,0,0.00,56508,1,56508,56508,56508,56508.00,0,,
directory_depth_3,rigidmodels\buildings\glb_giant_vertebra,1,1,100.00,0,0.00,0,0.00,0,0.00,0,0.00,103036,1,103036,103036,103036,103036.00,0,,
directory_depth_3,rigidmodels\buildings\glb_grape_vine_01,1,1,100.00,0,0.00,0,0.00,0,0.00,0,0.00,19170,1,19170,19170,19170,19170.00,0,,
directory_depth_3,rigidmodels\buildings\glb_graves_01,2,2,100.00,0,0.00,0,0.00,0,0.00,0,0.00,86628,2,86628,36458,50170,43314.00,0,,
directory_depth_3,rigidmodels\buildings\glb_grinder_01,2,2,100.00,0,0.00,0,0.00,0,0.00,0,0.00,100844,2,100844,43040,57804,50422.00,0,,
directory_depth_3,rigidmodels\buildings\glb_hay01,3,3,100.00,0,0.00,0,0.00,0,0.00,0,0.00,55792,3,55792,11112,27812,18597.33,0,,
directory_depth_3,rigidmodels\buildings\glb_house_wooden_01,1,1,100.00,0,0.00,0,0.00,0,0.00,0,0.00,463180,1,463180,463180,463180,463180.00,0,,
directory_depth_3,rigidmodels\buildings\glb_house_wooden_02,1,1,100.00,0,0.00,0,0.00,0,0.00,0,0.00,93052,1,93052,93052,93052,93052.00,0,,
directory_depth_3,rigidmodels\buildings\glb_house_wooden_03,1,1,100.00,0,0.00,0,0.00,0,0.00,0,0.00,167260,1,167260,167260,167260,167260.00,0,,
directory_depth_3,rigidmodels\buildings\glb_house_wooden_04,1,1,100.00,0,0.00,0,0.00,0,0.00,0,0.00,360656,1,360656,360656,360656,360656.00,0,,
directory_depth_3,rigidmodels\buildings\glb_house_wooden_05,1,1,100.00,0,0.00,0,0.00,0,0.00,0,0.00,83176,1,83176,83176,83176,83176.00,0,,
directory_depth_3,rigidmodels\buildings\glb_house_wooden_06,1,1,100.00,0,0.00,0,0.00,0,0.00,0,0.00,105244,1,105244,105244,105244,105244.00,0,,
directory_depth_3,rigidmodels\buildings\glb_house_wooden_add_01,1,1,100.00,0,0.00,0,0.00,0,0.00,0,0.00,29048,1,29048,29048,29048,29048.00,0,,
directory_depth_3,rigidmodels\buildings\glb_huge_meteor,1,1,100.00,0,0.00,0,0.00,0,0.00,0,0.00,602580,1,602580,602580,602580,602580.00,0,,
directory_depth_3,rigidmodels\buildings\glb_ice_cliff_01,1,1,100.00,0,0.00,0,0.00,0,0.00,0,0.00,595804,1,595804,595804,595804,595804.00,0,,
directory_depth_3,rigidmodels\buildings\glb_ladder_01,2,2,100.00,0,0.00,0,0.00,0,0.00,0,0.00,117932,2,117932,58196,59736,58966.00,0,,
directory_depth_3,rigidmodels\buildings\glb_landscape_terrain_blend_50m_a,1,1,100.00,0,0.00,0,0.00,0,0.00,0,0.00,11912,1,11912,11912,11912,11912.00,0,,
directory_depth_3,rigidmodels\buildings\glb_lantern_01,2,2,100.00,0,0.00,0,0.00,0,0.00,0,0.00,34502,2,34502,14506,19996,17251.00,0,,
directory_depth_3,rigidmodels\buildings\glb_logstack_01,1,1,100.00,0,0.00,0,0.00,0,0.00,0,0.00,219108,1,219108,219108,219108,219108.00,0,,
directory_depth_3,rigidmodels\buildings\glb_marketdeco_01,3,3,100.00,0,0.00,0,0.00,0,0.00,0,0.00,139532,3,139532,7596,91280,46510.67,0,,
directory_depth_3,rigidmodels\buildings\glb_marketdeco_02,3,3,100.00,0,0.00,0,0.00,0,0.00,0,0.00,92984,3,92984,10960,53736,30994.67,0,,
directory_depth_3,rigidmodels\buildings\glb_marketdeco_03,3,3,100.00,0,0.00,0,0.00,0,0.00,0,0.00,145484,3,145484,9696,81930,48494.67,0,,
directory_depth_3,rigidmodels\buildings\glb_marketdeco_04,3,3,100.00,0,0.00,0,0.00,0,0.00,0,0.00,199868,3,199868,32260,105470,66622.67,0,,
directory_depth_3,rigidmodels\buildings\glb_marketdeco_barrel_01,2,2,100.00,0,0.00,0,0.00,0,0.00,0,0.00,52292,2,52292,25328,26964,26146.00,0,,
directory_depth_3,rigidmodels\buildings\glb_marketdeco_brazier_01,3,3,100.00,0,0.00,0,0.00,0,0.00,0,0.00,108428,3,108428,11860,57420,36142.67,0,,
directory_depth_3,rigidmodels\buildings\glb_marketdeco_cart_01,2,2,100.00,0,0.00,0,0.00,0,0.00,0,0.00,62920,2,62920,24872,38048,31460.00,0,,
directory_depth_3,rigidmodels\buildings\glb_marketdeco_cart_02,2,2,100.00,0,0.00,0,0.00,0,0.00,0,0.00,121244,2,121244,30360,90884,60622.00,0,,
directory_depth_3,rigidmodels\buildings\glb_marketdeco_crate_01,3,3,100.00,0,0.00,0,0.00,0,0.00,0,0.00,57764,3,57764,6036,30052,19254.67,0,,
directory_depth_3,rigidmodels\buildings\glb_marketdeco_crate_02,3,3,100.00,0,0.00,0,0.00,0,0.00,0,0.00,59316,3,59316,6940,30828,19772.00,0,,
directory_depth_3,rigidmodels\buildings\glb_marketdeco_crate_03,3,3,100.00,0,0.00,0,0.00,0,0.00,0,0.00,53500,3,53500,5580,30684,17833.33,0,,
directory_depth_3,rigidmodels\buildings\glb_marketdeco_crate_04,3,3,100.00,0,0.00,0,0.00,0,0.00,0,0.00,54528,3,54528,5796,29688,18176.00,0,,
directory_depth_3,rigidmodels\buildings\glb_marketdeco_crate_05,3,3,100.00,0,0.00,0,0.00,0,0.00,0,0.00,57948,3,57948,8324,40924,19316.00,0,,
directory_depth_3,rigidmodels\buildings\glb_marketdeco_cratestack_01,3,3,100.00,0,0.00,0,0.00,0,0.00,0,0.00,141792,3,141792,16172,81296,47264.00,0,,
directory_depth_3,rigidmodels\buildings\glb_marketdeco_fishnet_01,1,1,100.00,0,0.00,0,0.00,0,0.00,0,0.00,19700,1,19700,19700,19700,19700.00,0,,
directory_depth_3,rigidmodels\buildings\glb_marketdeco_fishnet_02,1,1,100.00,0,0.00,0,0.00,0,0.00,0,0.00,22824,1,22824,22824,22824,22824.00,0,,
directory_depth_3,rigidmodels\buildings\glb_marketdeco_fishnet_03,1,1,100.00,0,0.00,0,0.00,0,0.00,0,0.00,20776,1,20776,20776,20776,20776.00,0,,
directory_depth_3,rigidmodels\buildings\glb_marketdeco_furniture_01,3,3,100.00,0,0.00,0,0.00,0,0.00,0,0.00,39236,3,39236,6228,23628,13078.67,0,,
directory_depth_3,rigidmodels\buildings\glb_marketdeco_furniture_02,3,3,100.00,0,0.00,0,0.00,0,0.00,0,0.00,54704,3,54704,5476,35352,18234.67,0,,
directory_depth_3,rigidmodels\buildings\glb_marketdeco_furniture_03,3,3,100.00,0,0.00,0,0.00,0,0.00,0,0.00,69628,3,69628,9816,47056,23209.33,0,,
directory_depth_3,rigidmodels\buildings\glb_marketdeco_furniture_04,3,3,100.00,0,0.00,0,0.00,0,0.00,0,0.00,82250,3,82250,7424,58852,27416.67,0,,
directory_depth_3,rigidmodels\buildings\glb_marketdeco_panel_01,3,3,100.00,0,0.00,0,0.00,0,0.00,0,0.00,33240,3,33240,6468,19464,11080.00,0,,
directory_depth_3,rigidmodels\buildings\glb_marketdeco_panel_02,3,3,100.00,0,0.00,0,0.00,0,0.00,0,0.00,84880,3,84880,11860,44864,28293.33,0,,
directory_depth_3,rigidmodels\buildings\glb_marketdeco_panel_03,3,3,100.00,0,0.00,0,0.00,0,0.00,0,0.00,45924,3,45924,10244,24132,15308.00,0,,
directory_depth_3,rigidmodels\buildings\glb_marketdeco_panel_04,3,3,100.00,0,0.00,0,0.00,0,0.00,0,0.00,48220,3,48220,7612,27788,16073.33,0,,
directory_depth_3,rigidmodels\buildings\glb_marketdeco_skull_01,1,1,100.00,0,0.00,0,0.00,0,0.00,0,0.00,18964,1,18964,18964,18964,18964.00,0,,
directory_depth_3,rigidmodels\buildings\glb_marketdeco_skull_02,1,1,100.00,0,0.00,0,0.00,0,0.00,0,0.00,28996,1,28996,28996,28996,28996.00,0,,
directory_depth_3,rigidmodels\buildings\glb_marketdeco_skull_03,1,1,100.00,0,0.00,0,0.00,0,0.00,0,0.00,12076,1,12076,12076,12076,12076.00,0,,
directory_depth_3,rigidmodels\buildings\glb_marketdeco_skull_04,1,1,100.00,0,0.00,0,0.00,0,0.00,0,0.00,16192,1,16192,16192,16192,16192.00,0,,
directory_depth_3,rigidmodels\buildings\glb_marketdeco_skull_05,1,1,100.00,0,0.00,0,0.00,0,0.00,0,0.00,29212,1,29212,29212,29212,29212.00,0,,
directory_depth_3,rigidmodels\buildings\glb_marketdecostand_01,3,3,100.00,0,0.00,0,0.00,0,0.00,0,0.00,43104,3,43104,6336,21468,14368.00,0,,
directory_depth_3,rigidmodels\buildings\glb_marketdecostand_01_var2,3,3,100.00,0,0.00,0,0.00,0,0.00,0,0.00,43104,3,43104,6336,21468,14368.00,0,,
directory_depth_3,rigidmodels\buildings\glb_marketdecostand_01_var3,3,3,100.00,0,0.00,0,0.00,0,0.00,0,0.00,43104,3,43104,6336,21468,14368.00,0,,
directory_depth_3,rigidmodels\buildings\glb_marketdecostand_01_var4,3,3,100.00,0,0.00,0,0.00,0,0.00,0,0.00,43104,3,43104,6336,21468,14368.00,0,,
directory_depth_3,rigidmodels\buildings\glb_marketdecostand_02,3,3,100.00,0,0.00,0,0.00,0,0.00,0,0.00,64296,3,64296,6336,32064,21432.00,0,,
directory_depth_3,rigidmodels\buildings\glb_marketdecostand_02_var2,3,3,100.00,0,0.00,0,0.00,0,0.00,0,0.00,64296,3,64296,6336,32064,21432.00,0,,
directory_depth_3,rigidmodels\buildings\glb_marketdecostand_02_var3,3,3,100.00,0,0.00,0,0.00,0,0.00,0,0.00,64296,3,64296,6336,32064,21432.00,0,,
directory_depth_3,rigidmodels\buildings\glb_marketdecostand_02_var4,3,3,100.00,0,0.00,0,0.00,0,0.00,0,0.00,64296,3,64296,6336,32064,21432.00,0,,
directory_depth_3,rigidmodels\buildings\glb_marketdecostand_03,3,3,100.00,0,0.00,0,0.00,0,0.00,0,0.00,49376,3,49376,5776,24604,16458.67,0,,
directory_depth_3,rigidmodels\buildings\glb_marketdecostand_03_var2,3,3,100.00,0,0.00,0,0.00,0,0.00,0,0.00,49376,3,49376,5776,24604,16458.67,0,,
directory_depth_3,rigidmodels\buildings\glb_marketdecostand_03_var3,3,3,100.00,0,0.00,0,0.00,0,0.00,0,0.00,49376,3,49376,5776,24604,16458.67,0,,
directory_depth_3,rigidmodels\buildings\glb_marketdecostand_03_var4,3,3,100.00,0,0.00,0,0.00,0,0.00,0,0.00,49376,3,49376,5776,24604,16458.67,0,,
directory_depth_3,rigidmodels\buildings\glb_marketdecostand_04,3,3,100.00,0,0.00,0,0.00,0,0.00,0,0.00,62056,3,62056,5776,30944,20685.33,0,,
directory_depth_3,rigidmodels\buildings\glb_marketdecostand_04_var2,3,3,100.00,0,0.00,0,0.00,0,0.00,0,0.00,62056,3,62056,5776,30944,20685.33,0,,
directory_depth_3,rigidmodels\buildings\glb_marketdecostand_04_var3,3,3,100.00,0,0.00,0,0.00,0,0.00,0,0.00,62056,3,62056,5776,30944,20685.33,0,,
directory_depth_3,rigidmodels\buildings\glb_marketdecostand_04_var4,3,3,100.00,0,0.00,0,0.00,0,0.00,0,0.00,62056,3,62056,5776,30944,20685.33,0,,
directory_depth_3,rigidmodels\buildings\glb_marketdecostand_05,3,3,100.00,0,0.00,0,0.00,0,0.00,0,0.00,60552,3,60552,7336,30192,20184.00,0,,
directory_depth_3,rigidmodels\buildings\glb_marketdecostand_05_var2,3,3,100.00,0,0.00,0,0.00,0,0.00,0,0.00,60552,3,60552,7336,30192,20184.00,0,,
directory_depth_3,rigidmodels\buildings\glb_marketdecostand_05_var3,3,3,100.00,0,0.00,0,0.00,0,0.00,0,0.00,60552,3,60552,7336,30192,20184.00,0,,
directory_depth_3,rigidmodels\buildings\glb_marketdecostand_05_var4,3,3,100.00,0,0.00,0,0.00,0,0.00,0,0.00,60552,3,60552,7336,30192,20184.00,0,,
directory_depth_3,rigidmodels\buildings\glb_marketdecostand_06,3,3,100.00,0,0.00,0,0.00,0,0.00,0,0.00,85200,3,85200,7456,42516,28400.00,0,,
directory_depth_3,rigidmodels\buildings\glb_marketdecostand_06_var2,3,3,100.00,0,0.00,0,0.00,0,0.00,0,0.00,85200,3,85200,7456,42516,28400.00,0,,
directory_depth_3,rigidmodels\buildings\glb_marketdecostand_06_var3,3,3,100.00,0,0.00,0,0.00,0,0.00,0,0.00,85200,3,85200,7456,42516,28400.00,0,,
directory_depth_3,rigidmodels\buildings\glb_marketdecostand_06_var4,3,3,100.00,0,0.00,0,0.00,0,0.00,0,0.00,85200,3,85200,7456,42516,28400.00,0,,
directory_depth_3,rigidmodels\buildings\glb_marketdecotarp_01,3,3,100.00,0,0.00,0,0.00,0,0.00,0,0.00,60664,3,60664,11096,30248,20221.33,0,,
directory_depth_3,rigidmodels\buildings\glb_marketdecotarp_01_var2,3,3,100.00,0,0.00,0,0.00,0,0.00,0,0.00,60664,3,60664,11096,30248,20221.33,0,,
directory_depth_3,rigidmodels\buildings\glb_marketdecotarp_01_var3,3,3,100.00,0,0.00,0,0.00,0,0.00,0,0.00,60664,3,60664,11096,30248,20221.33,0,,
directory_depth_3,rigidmodels\buildings\glb_marketdecotarp_02,3,3,100.00,0,0.00,0,0.00,0,0.00,0,0.00,90624,3,90624,11096,45228,30208.00,0,,
directory_depth_3,rigidmodels\buildings\glb_marketdecotarp_02_var2,3,3,100.00,0,0.00,0,0.00,0,0.00,0,0.00,90624,3,90624,11096,45228,30208.00,0,,
directory_depth_3,rigidmodels\buildings\glb_marketdecotarp_02_var3,3,3,100.00,0,0.00,0,0.00,0,0.00,0,0.00,90624,3,90624,11096,45228,30208.00,0,,
directory_depth_3,rigidmodels\buildings\glb_marketdecotarp_02_var4,3,3,100.00,0,0.00,0,0.00,0,0.00,0,0.00,90624,3,90624,11096,45228,30208.00,0,,
directory_depth_3,rigidmodels\buildings\glb_marketdecotarp_03,3,3,100.00,0,0.00,0,0.00,0,0.00,0,0.00,57856,3,57856,11096,28844,19285.33,0,,
directory_depth_3,rigidmodels\buildings\glb_marketdecotarp_03_var2,3,3,100.00,0,0.00,0,0.00,0,0.00,0,0.00,57856,3,57856,11096,28844,19285.33,0,,
directory_depth_3,rigidmodels\buildings\glb_marketdecotarp_03_var4,3,3,100.00,0,0.00,0,0.00,0,0.00,0,0.00,57856,3,57856,11096,28844,19285.33,0,,
directory_depth_3,rigidmodels\buildings\glb_marketdecotarp_04,1,1,100.00,0,0.00,0,0.00,0,0.00,0,0.00,32872,1,32872,32872,32872,32872.00,0,,
directory_depth_3,rigidmodels\buildings\glb_marketdecotarp_05,1,1,100.00,0,0.00,0,0.00,0,0.00,0,0.00,19904,1,19904,19904,19904,19904.00,0,,
directory_depth_3,rigidmodels\buildings\glb_marketdecotarp_06,2,2,100.00,0,0.00,0,0.00,0,0.00,0,0.00,67186,2,67186,31168,36018,33593.00,0,,
directory_depth_3,rigidmodels\buildings\glb_meteor_a,1,1,100.00,0,0.00,0,0.00,0,0.00,0,0.00,123176,1,123176,123176,123176,123176.00,0,,
directory_depth_3,rigidmodels\buildings\glb_meteor_b,1,1,100.00,0,0.00,0,0.00,0,0.00,0,0.00,111984,1,111984,111984,111984,111984.00,0,,
directory_depth_3,rigidmodels\buildings\glb_meteor_c,1,1,100.00,0,0.00,0,0.00,0,0.00,0,0.00,91204,1,91204,91204,91204,91204.00,0,,
directory_depth_3,rigidmodels\buildings\glb_meteor_d,1,1,100.00,0,0.00,0,0.00,0,0.00,0,0.00,20564,1,20564,20564,20564,20564.00,0,,
directory_depth_3,rigidmodels\buildings\glb_meteor_e,1,1,100.00,0,0.00,0,0.00,0,0.00,0,0.00,47852,1,47852,47852,47852,47852.00,0,,
directory_depth_3,rigidmodels\buildings\glb_meteor_f,1,1,100.00,0,0.00,0,0.00,0,0.00,0,0.00,43840,1,43840,43840,43840,43840.00,0,,
directory_depth_3,rigidmodels\buildings\glb_ming_cart_01,1,1,100.00,0,0.00,0,0.00,0,0.00,0,0.00,25128,1,25128,25128,25128,25128.00,0,,
directory_depth_3,rigidmodels\buildings\glb_ming_cart_02,1,1,100.00,0,0.00,0,0.00,0,0.00,0,0.00,30928,1,30928,30928,30928,30928.00,0,,
directory_depth_3,rigidmodels\buildings\glb_ming_cart_03,1,1,100.00,0,0.00,0,0.00,0,0.00,0,0.00,26224,1,26224,26224,26224,26224.00,0,,
directory_depth_3,rigidmodels\buildings\glb_ming_equip_misc_01,1,1,100.00,0,0.00,0,0.00,0,0.00,0,0.00,45510,1,45510,45510,45510,45510.00,0,,
directory_depth_3,rigidmodels\buildings\glb_ming_equip_misc_02,1,1,100.00,0,0.00,0,0.00,0,0.00,0,0.00,72790,1,72790,72790,72790,72790.00,0,,
directory_depth_3,rigidmodels\buildings\glb_mining_anvil,1,1,100.00,0,0.00,0,0.00,0,0.00,0,0.00,32504,1,32504,32504,32504,32504.00,0,,
directory_depth_3,rigidmodels\buildings\glb_mining_chain_01,1,1,100.00,0,0.00,0,0.00,0,0.00,0,0.00,55292,1,55292,55292,55292,55292.00,0,,
directory_depth_3,rigidmodels\buildings\glb_mining_crucible,1,1,100.00,0,0.00,0,0.00,0,0.00,0,0.00,33900,1,33900,33900,33900,33900.00,0,,
directory_depth_3,rigidmodels\buildings\glb_mining_elevator_01,1,1,100.00,0,0.00,0,0.00,0,0.00,0,0.00,130312,1,130312,130312,130312,130312.00,0,,
directory_depth_3,rigidmodels\buildings\glb_mining_equip_engine_01,1,1,100.00,0,0.00,0,0.00,0,0.00,0,0.00,182724,1,182724,182724,182724,182724.00,0,,
directory_depth_3,rigidmodels\buildings\glb_mining_track_arch_01,1,1,100.00,0,0.00,0,0.00,0,0.00,0,0.00,20668,1,20668,20668,20668,20668.00,0,,
directory_depth_3,rigidmodels\buildings\glb_mining_track_cnr_5m,1,1,100.00,0,0.00,0,0.00,0,0.00,0,0.00,59548,1,59548,59548,59548,59548.00,0,,
directory_depth_3,rigidmodels\buildings\glb_mining_track_crane_01,1,1,100.00,0,0.00,0,0.00,0,0.00,0,0.00,48748,1,48748,48748,48748,48748.00,0,,
directory_depth_3,rigidmodels\buildings\glb_mining_track_end_5m,1,1,100.00,0,0.00,0,0.00,0,0.00,0,0.00,20148,1,20148,20148,20148,20148.00,0,,
directory_depth_3,rigidmodels\buildings\glb_mining_track_rdwn_5m,1,1,100.00,0,0.00,0,0.00,0,0.00,0,0.00,55628,1,55628,55628,55628,55628.00,0,,
directory_depth_3,rigidmodels\buildings\glb_mining_track_rup_5m,1,1,100.00,0,0.00,0,0.00,0,0.00,0,0.00,57020,1,57020,57020,57020,57020.00,0,,
directory_depth_3,rigidmodels\buildings\glb_mining_track_str_5m,1,1,100.00,0,0.00,0,0.00,0,0.00,0,0.00,47764,1,47764,47764,47764,47764.00,0,,
directory_depth_3,rigidmodels\buildings\glb_mining_wbarrow,1,1,100.00,0,0.00,0,0.00,0,0.00,0,0.00,26104,1,26104,26104,26104,26104.00,0,,
directory_depth_3,rigidmodels\buildings\glb_moon_01,1,1,100.00,0,0.00,0,0.00,0,0.00,0,0.00,26064,1,26064,26064,26064,26064.00,0,,
directory_depth_3,rigidmodels\buildings\glb_opaque_waterfall_01,1,1,100.00,0,0.00,0,0.00,0,0.00,0,0.00,24068,1,24068,24068,24068,24068.00,0,,
directory_depth_3,rigidmodels\buildings\glb_opaque_waterfall_01b,1,1,100.00,0,0.00,0,0.00,0,0.00,0,0.00,4844,1,4844,4844,4844,4844.00,0,,
directory_depth_3,rigidmodels\buildings\glb_opaque_waterfall_02,1,1,100.00,0,0.00,0,0.00,0,0.00,0,0.00,32018,1,32018,32018,32018,32018.00,0,,
directory_depth_3,rigidmodels\buildings\glb_opaque_waterfall_02b,1,1,100.00,0,0.00,0,0.00,0,0.00,0,0.00,7276,1,7276,7276,7276,7276.00,0,,
directory_depth_3,rigidmodels\buildings\glb_opaque_waterfall_03,1,1,100.00,0,0.00,0,0.00,0,0.00,0,0.00,29332,1,29332,29332,29332,29332.00,0,,
directory_depth_3,rigidmodels\buildings\glb_opaque_waterfall_04,1,1,100.00,0,0.00,0,0.00,0,0.00,0,0.00,35920,1,35920,35920,35920,35920.00,0,,
directory_depth_3,rigidmodels\buildings\glb_outbench_01,3,3,100.00,0,0.00,0,0.00,0,0.00,0,0.00,35328,3,35328,5332,23984,11776.00,0,,
directory_depth_3,rigidmodels\buildings\glb_outfield_mtn_01,1,1,100.00,0,0.00,0,0.00,0,0.00,0,0.00,53748,1,53748,53748,53748,53748.00,0,,
directory_depth_3,rigidmodels\buildings\glb_outfield_mtn_k8_01,1,1,100.00,0,0.00,0,0.00,0,0.00,0,0.00,274768,1,274768,274768,274768,274768.00,0,,
directory_depth_3,rigidmodels\buildings\glb_outstool_01,2,2,100.00,0,0.00,0,0.00,0,0.00,0,0.00,21030,2,21030,8428,12602,10515.00,0,,
directory_depth_3,rigidmodels\buildings\glb_outtable_01,2,2,100.00,0,0.00,0,0.00,0,0.00,0,0.00,32644,2,32644,12312,20332,16322.00,0,,
directory_depth_3,rigidmodels\buildings\glb_outtable_02,2,2,100.00,0,0.00,0,0.00,0,0.00,0,0.00,56332,2,56332,12312,44020,28166.00,0,,
directory_depth_3,rigidmodels\buildings\glb_palisades_10m_01,3,3,100.00,0,0.00,0,0.00,0,0.00,0,0.00,234412,3,234412,14388,130916,78137.33,0,,
directory_depth_3,rigidmodels\buildings\glb_palisades_5m_01,3,3,100.00,0,0.00,0,0.00,0,0.00,0,0.00,170052,3,170052,31724,92512,56684.00,0,,
directory_depth_3,rigidmodels\buildings\glb_palisades_bastion_5m_01,3,3,100.00,0,0.00,0,0.00,0,0.00,0,0.00,156804,3,156804,15108,87096,52268.00,0,,
directory_depth_3,rigidmodels\buildings\glb_palisades_gate_10m_01,3,3,100.00,0,0.00,0,0.00,0,0.00,0,0.00,263596,3,263596,25904,158048,87865.33,0,,
directory_depth_3,rigidmodels\buildings\glb_platform_10x,1,1,100.00,0,0.00,0,0.00,0,0.00,0,0.00,4644,1,4644,4644,4644,4644.00,0,,
directory_depth_3,rigidmodels\buildings\glb_roadblock_01,2,2,100.00,0,0.00,0,0.00,0,0.00,0,0.00,30926,2,30926,13740,17186,15463.00,0,,
directory_depth_3,rigidmodels\buildings\glb_rockpillar_01,1,1,100.00,0,0.00,0,0.00,0,0.00,0,0.00,276212,1,276212,276212,276212,276212.00,0,,
directory_depth_3,rigidmodels\buildings\glb_rockpillar_02,1,1,100.00,0,0.00,0,0.00,0,0.00,0,0.00,272568,1,272568,272568,272568,272568.00,0,,
directory_depth_3,rigidmodels\buildings\glb_rockpillar_chunk_01,1,1,100.00,0,0.00,0,0.00,0,0.00,0,0.00,192448,1,192448,192448,192448,192448.00,0,,
directory_depth_3,rigidmodels\buildings\glb_rockpillar_chunk_02,1,1,100.00,0,0.00,0,0.00,0,0.00,0,0.00,211972,1,211972,211972,211972,211972.00,0,,
directory_depth_3,rigidmodels\buildings\glb_rope01,1,1,100.00,0,0.00,0,0.00,0,0.00,0,0.00,4216,1,4216,4216,4216,4216.00,0,,
directory_depth_3,rigidmodels\buildings\glb_rope02,1,1,100.00,0,0.00,0,0.00,0,0.00,0,0.00,4368,1,4368,4368,4368,4368.00,0,,
directory_depth_3,rigidmodels\buildings\glb_rowing_boat_01,1,1,100.00,0,0.00,0,0.00,0,0.00,0,0.00,12512,1,12512,12512,12512,12512.00,0,,
directory_depth_3,rigidmodels\buildings\glb_ruin_02_debris_01,1,1,100.00,0,0.00,0,0.00,0,0.00,0,0.00,31172,1,31172,31172,31172,31172.00,0,,
directory_depth_3,rigidmodels\buildings\glb_ruin_02_debris_02,1,1,100.00,0,0.00,0,0.00,0,0.00,0,0.00,21520,1,21520,21520,21520,21520.00,0,,
directory_depth_3,rigidmodels\buildings\glb_ruin_02_debris_03,1,1,100.00,0,0.00,0,0.00,0,0.00,0,0.00,16420,1,16420,16420,16420,16420.00,0,,
directory_depth_3,rigidmodels\buildings\glb_ruin_02_debris_04,1,1,100.00,0,0.00,0,0.00,0,0.00,0,0.00,17176,1,17176,17176,17176,17176.00,0,,
directory_depth_3,rigidmodels\buildings\glb_ruin_02_debris_05,1,1,100.00,0,0.00,0,0.00,0,0.00,0,0.00,16832,1,16832,16832,16832,16832.00,0,,
directory_depth_3,rigidmodels\buildings\glb_ruin_bridge_01,1,1,100.00,0,0.00,0,0.00,0,0.00,0,0.00,54672,1,54672,54672,54672,54672.00,0,,
directory_depth_3,rigidmodels\buildings\glb_ruin_bridge_02,1,1,100.00,0,0.00,0,0.00,0,0.00,0,0.00,82540,1,82540,82540,82540,82540.00,0,,
directory_depth_3,rigidmodels\buildings\glb_ruin_bridge_03,1,1,100.00,0,0.00,0,0.00,0,0.00,0,0.00,24444,1,24444,24444,24444,24444.00,0,,
directory_depth_3,rigidmodels\buildings\glb_ruin_debris_01,1,1,100.00,0,0.00,0,0.00,0,0.00,0,0.00,20640,1,20640,20640,20640,20640.00,0,,
directory_depth_3,rigidmodels\buildings\glb_ruin_debris_02,1,1,100.00,0,0.00,0,0.00,0,0.00,0,0.00,13800,1,13800,13800,13800,13800.00,0,,
directory_depth_3,rigidmodels\buildings\glb_ruin_debris_03,1,1,100.00,0,0.00,0,0.00,0,0.00,0,0.00,9632,1,9632,9632,9632,9632.00,0,,
directory_depth_3,rigidmodels\buildings\glb_ruin_debris_04,1,1,100.00,0,0.00,0,0.00,0,0.00,0,0.00,10344,1,10344,10344,10344,10344.00,0,,
directory_depth_3,rigidmodels\buildings\glb_ruin_doors_01,2,2,100.00,0,0.00,0,0.00,0,0.00,0,0.00,140360,2,140360,65314,75046,70180.00,0,,
directory_depth_3,rigidmodels\buildings\glb_ruin_facade_01,2,2,100.00,0,0.00,0,0.00,0,0.00,0,0.00,105520,2,105520,49140,56380,52760.00,0,,
directory_depth_3,rigidmodels\buildings\glb_ruin_facade_02,1,1,100.00,0,0.00,0,0.00,0,0.00,0,0.00,69166,1,69166,69166,69166,69166.00,0,,
directory_depth_3,rigidmodels\buildings\glb_ruin_pillar_01,2,2,100.00,0,0.00,0,0.00,0,0.00,0,0.00,56008,2,56008,26152,29856,28004.00,0,,
directory_depth_3,rigidmodels\buildings\glb_ruin_pillar_02,1,1,100.00,0,0.00,0,0.00,0,0.00,0,0.00,25846,1,25846,25846,25846,25846.00,0,,
directory_depth_3,rigidmodels\buildings\glb_ruin_tomb_01,1,1,100.00,0,0.00,0,0.00,0,0.00,0,0.00,43390,1,43390,43390,43390,43390.00,0,,
directory_depth_3,rigidmodels\buildings\glb_ruin_tower_01,2,2,100.00,0,0.00,0,0.00,0,0.00,0,0.00,176490,2,176490,78420,98070,88245.00,0,,
directory_depth_3,rigidmodels\buildings\glb_ruin_wall_01,3,3,100.00,0,0.00,0,0.00,0,0.00,0,0.00,107278,3,107278,25712,43228,35759.33,0,,
directory_depth_3,rigidmodels\buildings\glb_ruin_wall_02,1,1,100.00,0,0.00,0,0.00,0,0.00,0,0.00,25592,1,25592,25592,25592,25592.00,0,,
directory_depth_3,rigidmodels\buildings\glb_ruin_wall_03,1,1,100.00,0,0.00,0,0.00,0,0.00,0,0.00,21962,1,21962,21962,21962,21962.00,0,,
directory_depth_3,rigidmodels\buildings\glb_ruin_windows_01,2,2,100.00,0,0.00,0,0.00,0,0.00,0,0.00,174116,2,174116,75972,98144,87058.00,0,,
directory_depth_3,rigidmodels\buildings\glb_ruin_windows_02,3,3,100.00,0,0.00,0,0.00,0,0.00,0,0.00,117066,3,117066,28476,52124,39022.00,0,,
directory_depth_3,rigidmodels\buildings\glb_ruin_windows_03,1,1,100.00,0,0.00,0,0.00,0,0.00,0,0.00,81532,1,81532,81532,81532,81532.00,0,,
directory_depth_3,rigidmodels\buildings\glb_ruins_02_bridge_01,1,1,100.00,0,0.00,0,0.00,0,0.00,0,0.00,25840,1,25840,25840,25840,25840.00,0,,
directory_depth_3,rigidmodels\buildings\glb_ruins_02_bridge_02,2,2,100.00,0,0.00,0,0.00,0,0.00,0,0.00,105102,2,105102,39712,65390,52551.00,0,,
directory_depth_3,rigidmodels\buildings\glb_ruins_02_door_01,2,2,100.00,0,0.00,0,0.00,0,0.00,0,0.00,89460,2,89460,41352,48108,44730.00,0,,
directory_depth_3,rigidmodels\buildings\glb_ruins_02_door_02,2,2,100.00,0,0.00,0,0.00,0,0.00,0,0.00,138596,2,138596,64740,73856,69298.00,0,,
directory_depth_3,rigidmodels\buildings\glb_ruins_02_door_03,2,2,100.00,0,0.00,0,0.00,0,0.00,0,0.00,40492,2,40492,17356,23136,20246.00,0,,
directory_depth_3,rigidmodels\buildings\glb_ruins_02_door_04,2,2,100.00,0,0.00,0,0.00,0,0.00,0,0.00,30820,2,30820,13776,17044,15410.00,0,,
directory_depth_3,rigidmodels\buildings\glb_ruins_02_door_05,1,1,100.00,0,0.00,0,0.00,0,0.00,0,0.00,21156,1,21156,21156,21156,21156.00,0,,
directory_depth_3,rigidmodels\buildings\glb_ruins_02_door_06,1,1,100.00,0,0.00,0,0.00,0,0.00,0,0.00,92648,1,92648,92648,92648,92648.00,0,,
directory_depth_3,rigidmodels\buildings\glb_ruins_02_obelisk_01,2,2,100.00,0,0.00,0,0.00,0,0.00,0,0.00,53960,2,53960,21320,32640,26980.00,0,,
directory_depth_3,rigidmodels\buildings\glb_ruins_02_pillar_01,3,3,100.00,0,0.00,0,0.00,0,0.00,0,0.00,26096,3,26096,4812,13172,8698.67,0,,
directory_depth_3,rigidmodels\buildings\glb_ruins_02_pillar_02,1,1,100.00,0,0.00,0,0.00,0,0.00,0,0.00,19972,1,19972,19972,19972,19972.00,0,,
directory_depth_3,rigidmodels\buildings\glb_ruins_02_tower_01,3,3,100.00,0,0.00,0,0.00,0,0.00,0,0.00,301436,3,301436,71568,118408,100478.67,0,,
directory_depth_3,rigidmodels\buildings\glb_ruins_02_wall_01,3,3,100.00,0,0.00,0,0.00,0,0.00,0,0.00,94372,3,94372,21364,37732,31457.33,0,,
directory_depth_3,rigidmodels\buildings\glb_ruins_02_wall_02,2,2,100.00,0,0.00,0,0.00,0,0.00,0,0.00,60840,2,60840,23716,37124,30420.00,0,,
directory_depth_3,rigidmodels\buildings\glb_ruins_02_wall_03,2,2,100.00,0,0.00,0,0.00,0,0.00,0,0.00,22032,2,22032,7028,15004,11016.00,0,,
directory_depth_3,rigidmodels\buildings\glb_ruins_02_window_01,1,1,100.00,0,0.00,0,0.00,0,0.00,0,0.00,17060,1,17060,17060,17060,17060.00,0,,
directory_depth_3,rigidmodels\buildings\glb_ruins_03_abbey_facade_01,2,2,100.00,0,0.00,0,0.00,0,0.00,0,0.00,857870,2,857870,411160,446710,428935.00,0,,
directory_depth_3,rigidmodels\buildings\glb_ruins_03_abbey_facade_02,2,2,100.00,0,0.00,0,0.00,0,0.00,0,0.00,774812,2,774812,281560,493252,387406.00,0,,
directory_depth_3,rigidmodels\buildings\glb_ruins_03_abbey_facade_03,1,1,100.00,0,0.00,0,0.00,0,0.00,0,0.00,318954,1,318954,318954,318954,318954.00,0,,
directory_depth_3,rigidmodels\buildings\glb_ruins_03_abbey_facade_04,1,1,100.00,0,0.00,0,0.00,0,0.00,0,0.00,304752,1,304752,304752,304752,304752.00,0,,
directory_depth_3,rigidmodels\buildings\glb_ruins_03_bridge_half_huge_01,1,1,100.00,0,0.00,0,0.00,0,0.00,0,0.00,151786,1,151786,151786,151786,151786.00,0,,
directory_depth_3,rigidmodels\buildings\glb_ruins_03_bridge_small_01,1,1,100.00,0,0.00,0,0.00,0,0.00,0,0.00,24832,1,24832,24832,24832,24832.00,0,,
directory_depth_3,rigidmodels\buildings\glb_ruins_03_door_arch_01,1,1,100.00,0,0.00,0,0.00,0,0.00,0,0.00,138198,1,138198,138198,138198,138198.00,0,,
directory_depth_3,rigidmodels\buildings\glb_ruins_03_pillar_01,1,1,100.00,0,0.00,0,0.00,0,0.00,0,0.00,162288,1,162288,162288,162288,162288.00,0,,
directory_depth_3,rigidmodels\buildings\glb_ruins_03_pillar_02,1,1,100.00,0,0.00,0,0.00,0,0.00,0,0.00,25428,1,25428,25428,25428,25428.00,0,,
directory_depth_3,rigidmodels\buildings\glb_ruins_03_pillar_03,2,2,100.00,0,0.00,0,0.00,0,0.00,0,0.00,171006,2,171006,70888,100118,85503.00,0,,
directory_depth_3,rigidmodels\buildings\glb_ruins_03_pillar_04,1,1,100.00,0,0.00,0,0.00,0,0.00,0,0.00,57446,1,57446,57446,57446,57446.00,0,,
directory_depth_3,rigidmodels\buildings\glb_ruins_03_pillar_05,1,1,100.00,0,0.00,0,0.00,0,0.00,0,0.00,67292,1,67292,67292,67292,67292.00,0,,
directory_depth_3,rigidmodels\buildings\glb_ruins_03_pillar_joiner_01,1,1,100.00,0,0.00,0,0.00,0,0.00,0,0.00,25252,1,25252,25252,25252,25252.00,0,,
directory_depth_3,rigidmodels\buildings\glb_ruins_03_tower_01,1,1,100.00,0,0.00,0,0.00,0,0.00,0,0.00,519872,1,519872,519872,519872,519872.00,0,,
directory_depth_3,rigidmodels\buildings\glb_ruins_03_tower_02,1,1,100.00,0,0.00,0,0.00,0,0.00,0,0.00,330086,1,330086,330086,330086,330086.00,0,,
directory_depth_3,rigidmodels\buildings\glb_ruins_03_tower_03,1,1,100.00,0,0.00,0,0.00,0,0.00,0,0.00,60200,1,60200,60200,60200,60200.00,0,,
directory_depth_3,rigidmodels\buildings\glb_ruins_03_tower_04,1,1,100.00,0,0.00,0,0.00,0,0.00,0,0.00,83464,1,83464,83464,83464,83464.00,0,,
directory_depth_3,rigidmodels\buildings\glb_ruins_03_tower_large_01,1,1,100.00,0,0.00,0,0.00,0,0.00,0,0.00,299596,1,299596,299596,299596,299596.00,0,,
directory_depth_3,rigidmodels\buildings\glb_ruins_03_tower_large_tall_thin_01,3,3,100.00,0,0.00,0,0.00,0,0.00,0,0.00,363018,3,363018,60096,193966,121006.00,0,,
directory_depth_3,rigidmodels\buildings\glb_ruins_03_wall_01,2,2,100.00,0,0.00,0,0.00,0,0.00,0,0.00,156588,2,156588,53602,102986,78294.00,0,,
directory_depth_3,rigidmodels\buildings\glb_ruins_03_wall_02,2,2,100.00,0,0.00,0,0.00,0,0.00,0,0.00,73982,2,73982,3516,70466,36991.00,0,,
directory_depth_3,rigidmodels\buildings\glb_ruins_03_wall_03,1,1,100.00,0,0.00,0,0.00,0,0.00,0,0.00,24910,1,24910,24910,24910,24910.00,0,,
directory_depth_3,rigidmodels\buildings\glb_ruins_03_wall_arch_01,1,1,100.00,0,0.00,0,0.00,0,0.00,0,0.00,174992,1,174992,174992,174992,174992.00,0,,
directory_depth_3,rigidmodels\buildings\glb_ruins_03_wall_arches_01,1,1,100.00,0,0.00,0,0.00,0,0.00,0,0.00,212056,1,212056,212056,212056,212056.00,0,,
directory_depth_3,rigidmodels\buildings\glb_ruins_03_wall_buttress_01,1,1,100.00,0,0.00,0,0.00,0,0.00,0,0.00,20884,1,20884,20884,20884,20884.00,0,,
directory_depth_3,rigidmodels\buildings\glb_ruins_03_wall_huge_01,1,1,100.00,0,0.00,0,0.00,0,0.00,0,0.00,85532,1,85532,85532,85532,85532.00,0,,
directory_depth_3,rigidmodels\buildings\glb_ruins_03_wall_low_01,1,1,100.00,0,0.00,0,0.00,0,0.00,0,0.00,68028,1,68028,68028,68028,68028.00,0,,
directory_depth_3,rigidmodels\buildings\glb_ruins_03_wall_low_02,1,1,100.00,0,0.00,0,0.00,0,0.00,0,0.00,52448,1,52448,52448,52448,52448.00,0,,
directory_depth_3,rigidmodels\buildings\glb_ruins_03_wall_low_03,1,1,100.00,0,0.00,0,0.00,0,0.00,0,0.00,47448,1,47448,47448,47448,47448.00,0,,
directory_depth_3,rigidmodels\buildings\glb_ruins_03_wall_low_04,1,1,100.00,0,0.00,0,0.00,0,0.00,0,0.00,63108,1,63108,63108,63108,63108.00,0,,
directory_depth_3,rigidmodels\buildings\glb_ruins_03_wall_window_02,1,1,100.00,0,0.00,0,0.00,0,0.00,0,0.00,96552,1,96552,96552,96552,96552.00,0,,
directory_depth_3,rigidmodels\buildings\glb_ruins_03_wall_window_03,2,2,100.00,0,0.00,0,0.00,0,0.00,0,0.00,75282,2,75282,33814,41468,37641.00,0,,
directory_depth_3,rigidmodels\buildings\glb_ruins_03_wall_window_04,1,1,100.00,0,0.00,0,0.00,0,0.00,0,0.00,314360,1,314360,314360,314360,314360.00,0,,
directory_depth_3,rigidmodels\buildings\glb_ruins_tos_01,2,2,100.00,0,0.00,0,0.00,0,0.00,0,0.00,1769488,2,1769488,813606,955882,884744.00,0,,
directory_depth_3,rigidmodels\buildings\glb_ruins_tos_02,2,2,100.00,0,0.00,0,0.00,0,0.00,0,0.00,759616,2,759616,349952,409664,379808.00,0,,
directory_depth_3,rigidmodels\buildings\glb_ruins_vines_01,1,1,100.00,0,0.00,0,0.00,0,0.00,0,0.00,15422,1,15422,15422,15422,15422.00,0,,
directory_depth_3,rigidmodels\buildings\glb_ruins_vines_02,1,1,100.00,0,0.00,0,0.00,0,0.00,0,0.00,16786,1,16786,16786,16786,16786.00,0,,
directory_depth_3,rigidmodels\buildings\glb_ruins_vines_03,1,1,100.00,0,0.00,0,0.00,0,0.00,0,0.00,16318,1,16318,16318,16318,16318.00,0,,
directory_depth_3,rigidmodels\buildings\glb_ruins_vines_04,1,1,100.00,0,0.00,0,0.00,0,0.00,0,0.00,13520,1,13520,13520,13520,13520.00,0,,
directory_depth_3,rigidmodels\buildings\glb_ruins_vinesdead_01,1,1,100.00,0,0.00,0,0.00,0,0.00,0,0.00,6420,1,6420,6420,6420,6420.00,0,,
directory_depth_3,rigidmodels\buildings\glb_ruins_vinesdead_02,1,1,100.00,0,0.00,0,0.00,0,0.00,0,0.00,7044,1,7044,7044,7044,7044.00,0,,
directory_depth_3,rigidmodels\buildings\glb_ruins_vinesdead_03,1,1,100.00,0,0.00,0,0.00,0,0.00,0,0.00,6708,1,6708,6708,6708,6708.00,0,,
directory_depth_3,rigidmodels\buildings\glb_ruins_vinesdead_04,1,1,100.00,0,0.00,0,0.00,0,0.00,0,0.00,5508,1,5508,5508,5508,5508.00,0,,
directory_depth_3,rigidmodels\buildings\glb_rural_01,1,1,100.00,0,0.00,0,0.00,0,0.00,0,0.00,69468,1,69468,69468,69468,69468.00,0,,
directory_depth_3,rigidmodels\buildings\glb_rural_02,1,1,100.00,0,0.00,0,0.00,0,0.00,0,0.00,47728,1,47728,47728,47728,47728.00,0,,
directory_depth_3,rigidmodels\buildings\glb_rural_03,1,1,100.00,0,0.00,0,0.00,0,0.00,0,0.00,19696,1,19696,19696,19696,19696.00,0,,
directory_depth_3,rigidmodels\buildings\glb_rural_04,1,1,100.00,0,0.00,0,0.00,0,0.00,0,0.00,25240,1,25240,25240,25240,25240.00,0,,
directory_depth_3,rigidmodels\buildings\glb_rural_wall_01,2,2,100.00,0,0.00,0,0.00,0,0.00,0,0.00,62384,2,62384,27724,34660,31192.00,0,,
directory_depth_3,rigidmodels\buildings\glb_rural_wall_02,2,2,100.00,0,0.00,0,0.00,0,0.00,0,0.00,38290,2,38290,15572,22718,19145.00,0,,
directory_depth_3,rigidmodels\buildings\glb_rural_wall_03,2,2,100.00,0,0.00,0,0.00,0,0.00,0,0.00,77152,2,77152,29180,47972,38576.00,0,,
directory_depth_3,rigidmodels\buildings\glb_scaffold_01,1,1,100.00,0,0.00,0,0.00,0,0.00,0,0.00,34072,1,34072,34072,34072,34072.00,0,,
directory_depth_3,rigidmodels\buildings\glb_scaffold_02,1,1,100.00,0,0.00,0,0.00,0,0.00,0,0.00,19920,1,19920,19920,19920,19920.00,0,,
directory_depth_3,rigidmodels\buildings\glb_scaffold_03,1,1,100.00,0,0.00,0,0.00,0,0.00,0,0.00,51760,1,51760,51760,51760,51760.00,0,,
directory_depth_3,rigidmodels\buildings\glb_scaffold_04,1,1,100.00,0,0.00,0,0.00,0,0.00,0,0.00,45448,1,45448,45448,45448,45448.00,0,,
directory_depth_3,rigidmodels\buildings\glb_scaffold_post_01,1,1,100.00,0,0.00,0,0.00,0,0.00,0,0.00,4752,1,4752,4752,4752,4752.00,0,,
directory_depth_3,rigidmodels\buildings\glb_scaffold_post_02,1,1,100.00,0,0.00,0,0.00,0,0.00,0,0.00,6792,1,6792,6792,6792,6792.00,0,,
directory_depth_3,rigidmodels\buildings\glb_scaffold_support_01,1,1,100.00,0,0.00,0,0.00,0,0.00,0,0.00,21880,1,21880,21880,21880,21880.00,0,,
directory_depth_3,rigidmodels\buildings\glb_scaffold_tall_01,1,1,100.00,0,0.00,0,0.00,0,0.00,0,0.00,29792,1,29792,29792,29792,29792.00,0,,
directory_depth_3,rigidmodels\buildings\glb_scaffolding_01,1,1,100.00,0,0.00,0,0.00,0,0.00,0,0.00,164270,1,164270,164270,164270,164270.00,0,,
directory_depth_3,rigidmodels\buildings\glb_scaffolding_02,1,1,100.00,0,0.00,0,0.00,0,0.00,0,0.00,90020,1,90020,90020,90020,90020.00,0,,
directory_depth_3,rigidmodels\buildings\glb_scarecrow_01,1,1,100.00,0,0.00,0,0.00,0,0.00,0,0.00,23606,1,23606,23606,23606,23606.00,0,,
directory_depth_3,rigidmodels\buildings\glb_ship_01,1,1,100.00,0,0.00,0,0.00,0,0.00,0,0.00,17008,1,17008,17008,17008,17008.00,0,,
directory_depth_3,rigidmodels\buildings\glb_ship_02,1,1,100.00,0,0.00,0,0.00,0,0.00,0,0.00,781886,1,781886,781886,781886,781886.00,0,,
directory_depth_3,rigidmodels\buildings\glb_ship_03,1,1,100.00,0,0.00,0,0.00,0,0.00,0,0.00,42316,1,42316,42316,42316,42316.00,0,,
directory_depth_3,rigidmodels\buildings\glb_ship_04,1,1,100.00,0,0.00,0,0.00,0,0.00,0,0.00,615170,1,615170,615170,615170,615170.00,0,,
directory_depth_3,rigidmodels\buildings\glb_ship_cannons_01,1,1,100.00,0,0.00,0,0.00,0,0.00,0,0.00,614818,1,614818,614818,614818,614818.00,0,,
directory_depth_3,rigidmodels\buildings\glb_ship_sails_01,1,1,100.00,0,0.00,0,0.00,0,0.00,0,0.00,190756,1,190756,190756,190756,190756.00,0,,
directory_depth_3,rigidmodels\buildings\glb_ship_sails_02,1,1,100.00,0,0.00,0,0.00,0,0.00,0,0.00,319388,1,319388,319388,319388,319388.00,0,,
directory_depth_3,rigidmodels\buildings\glb_ship_sails_03,1,1,100.00,0,0.00,0,0.00,0,0.00,0,0.00,269652,1,269652,269652,269652,269652.00,0,,
directory_depth_3,rigidmodels\buildings\glb_ship_sails_04,1,1,100.00,0,0.00,0,0.00,0,0.00,0,0.00,165804,1,165804,165804,165804,165804.00,0,,
directory_depth_3,rigidmodels\buildings\glb_ship_wheel_01,1,1,100.00,0,0.00,0,0.00,0,0.00,0,0.00,55174,1,55174,55174,55174,55174.00,0,,
directory_depth_3,rigidmodels\buildings\glb_sidewalk_02,1,1,100.00,0,0.00,0,0.00,0,0.00,0,0.00,14532,1,14532,14532,14532,14532.00,0,,
directory_depth_3,rigidmodels\buildings\glb_sidewalk_03,1,1,100.00,0,0.00,0,0.00,0,0.00,0,0.00,9980,1,9980,9980,9980,9980.00,0,,
directory_depth_3,rigidmodels\buildings\glb_sidewalk_04,1,1,100.00,0,0.00,0,0.00,0,0.00,0,0.00,10260,1,10260,10260,10260,10260.00,0,,
directory_depth_3,rigidmodels\buildings\glb_sidewalk_05,1,1,100.00,0,0.00,0,0.00,0,0.00,0,0.00,10580,1,10580,10580,10580,10580.00,0,,
directory_depth_3,rigidmodels\buildings\glb_sidewalk01,1,1,100.00,0,0.00,0,0.00,0,0.00,0,0.00,4868,1,4868,4868,4868,4868.00,0,,
directory_depth_3,rigidmodels\buildings\glb_silver_spire,1,1,100.00,0,0.00,0,0.00,0,0.00,0,0.00,307036,1,307036,307036,307036,307036.00,0,,
directory_depth_3,rigidmodels\buildings\glb_skirt_rural_01,1,1,100.00,0,0.00,0,0.00,0,0.00,0,0.00,5656,1,5656,5656,5656,5656.00,0,,
directory_depth_3,rigidmodels\buildings\glb_skirt_rural_02,1,1,100.00,0,0.00,0,0.00,0,0.00,0,0.00,10372,1,10372,10372,10372,10372.00,0,,
directory_depth_3,rigidmodels\buildings\glb_skirt_rural_03,1,1,100.00,0,0.00,0,0.00,0,0.00,0,0.00,10724,1,10724,10724,10724,10724.00,0,,
directory_depth_3,rigidmodels\buildings\glb_skirt_rural_04,1,1,100.00,0,0.00,0,0.00,0,0.00,0,0.00,10372,1,10372,10372,10372,10372.00,0,,
directory_depth_3,rigidmodels\buildings\glb_skirt_rural_05,1,1,100.00,0,0.00,0,0.00,0,0.00,0,0.00,10340,1,10340,10340,10340,10340.00,0,,
directory_depth_3,rigidmodels\buildings\glb_skirt_rural_06,1,1,100.00,0,0.00,0,0.00,0,0.00,0,0.00,3948,1,3948,3948,3948,3948.00,0,,
directory_depth_3,rigidmodels\buildings\glb_skull_damaged,1,1,100.00,0,0.00,0,0.00,0,0.00,0,0.00,58684,1,58684,58684,58684,58684.00,0,,
directory_depth_3,rigidmodels\buildings\glb_skull_generic,1,1,100.00,0,0.00,0,0.00,0,0.00,0,0.00,59196,1,59196,59196,59196,59196.00,0,,
directory_depth_3,rigidmodels\buildings\glb_skull_half,1,1,100.00,0,0.00,0,0.00,0,0.00,0,0.00,58780,1,58780,58780,58780,58780.00,0,,
directory_depth_3,rigidmodels\buildings\glb_skull_stone,1,1,100.00,0,0.00,0,0.00,0,0.00,0,0.00,58816,1,58816,58816,58816,58816.00,0,,
directory_depth_3,rigidmodels\buildings\glb_small_02,1,1,100.00,0,0.00,0,0.00,0,0.00,0,0.00,5656,1,5656,5656,5656,5656.00,0,,
directory_depth_3,rigidmodels\buildings\glb_small_45,1,1,100.00,0,0.00,0,0.00,0,0.00,0,0.00,7192,1,7192,7192,7192,7192.00,0,,
directory_depth_3,rigidmodels\buildings\glb_small_45f,1,1,100.00,0,0.00,0,0.00,0,0.00,0,0.00,7192,1,7192,7192,7192,7192.00,0,,
directory_depth_3,rigidmodels\buildings\glb_small_end,1,1,100.00,0,0.00,0,0.00,0,0.00,0,0.00,5796,1,5796,5796,5796,5796.00,0,,
directory_depth_3,rigidmodels\buildings\glb_small_waterfall_01,1,1,100.00,0,0.00,0,0.00,0,0.00,0,0.00,22208,1,22208,22208,22208,22208.00,0,,
directory_depth_3,rigidmodels\buildings\glb_small_waterfall_02,1,1,100.00,0,0.00,0,0.00,0,0.00,0,0.00,20304,1,20304,20304,20304,20304.00,0,,
directory_depth_3,rigidmodels\buildings\glb_spiketrap_01,3,3,100.00,0,0.00,0,0.00,0,0.00,0,0.00,75360,3,75360,9324,50136,25120.00,0,,
directory_depth_3,rigidmodels\buildings\glb_spiketrap_02,3,3,100.00,0,0.00,0,0.00,0,0.00,0,0.00,35788,3,35788,7108,21572,11929.33,0,,
directory_depth_3,rigidmodels\buildings\glb_spiketrap_03,3,3,100.00,0,0.00,0,0.00,0,0.00,0,0.00,35788,3,35788,7108,21572,11929.33,0,,
directory_depth_3,rigidmodels\buildings\glb_stairs_wooden_01,1,1,100.00,0,0.00,0,0.00,0,0.00,0,0.00,10516,1,10516,10516,10516,10516.00,0,,
directory_depth_3,rigidmodels\buildings\glb_stand_01,2,2,100.00,0,0.00,0,0.00,0,0.00,0,0.00,86830,2,86830,29488,57342,43415.00,0,,
directory_depth_3,rigidmodels\buildings\glb_stocks_01,2,2,100.00,0,0.00,0,0.00,0,0.00,0,0.00,48554,2,48554,9338,39216,24277.00,0,,
directory_depth_3,rigidmodels\buildings\glb_street_light_01,3,3,100.00,0,0.00,0,0.00,0,0.00,0,0.00,40580,3,40580,11856,14984,13526.67,0,,
directory_depth_3,rigidmodels\buildings\glb_stump_axe_01,3,3,100.00,0,0.00,0,0.00,0,0.00,0,0.00,64344,3,64344,11308,37436,21448.00,0,,
directory_depth_3,rigidmodels\buildings\glb_tent_01,3,3,100.00,0,0.00,0,0.00,0,0.00,0,0.00,90864,3,90864,11096,45348,30288.00,0,,
directory_depth_3,rigidmodels\buildings\glb_tent_01_var2,3,3,100.00,0,0.00,0,0.00,0,0.00,0,0.00,90864,3,90864,11096,45348,30288.00,0,,
directory_depth_3,rigidmodels\buildings\glb_tent_01_var3,3,3,100.00,0,0.00,0,0.00,0,0.00,0,0.00,90864,3,90864,11096,45348,30288.00,0,,
directory_depth_3,rigidmodels\buildings\glb_tent_01_var4,3,3,100.00,0,0.00,0,0.00,0,0.00,0,0.00,90864,3,90864,11096,45348,30288.00,0,,
directory_depth_3,rigidmodels\buildings\glb_tent_01b,3,3,100.00,0,0.00,0,0.00,0,0.00,0,0.00,135904,3,135904,11096,67868,45301.33,0,,
directory_depth_3,rigidmodels\buildings\glb_tent_01b_var2,3,3,100.00,0,0.00,0,0.00,0,0.00,0,0.00,135904,3,135904,11096,67868,45301.33,0,,
directory_depth_3,rigidmodels\buildings\glb_tent_01b_var3,3,3,100.00,0,0.00,0,0.00,0,0.00,0,0.00,135904,3,135904,11096,67868,45301.33,0,,
directory_depth_3,rigidmodels\buildings\glb_tent_01b_var4,2,2,100.00,0,0.00,0,0.00,0,0.00,0,0.00,78964,2,78964,11096,67868,39482.00,0,,
directory_depth_3,rigidmodels\buildings\glb_tent_02,3,3,100.00,0,0.00,0,0.00,0,0.00,0,0.00,120484,3,120484,11096,60158,40161.33,0,,
directory_depth_3,rigidmodels\buildings\glb_tent_02_var2,3,3,100.00,0,0.00,0,0.00,0,0.00,0,0.00,120484,3,120484,11096,60158,40161.33,0,,
directory_depth_3,rigidmodels\buildings\glb_tent_02_var3,3,3,100.00,0,0.00,0,0.00,0,0.00,0,0.00,120484,3,120484,11096,60158,40161.33,0,,
directory_depth_3,rigidmodels\buildings\glb_tent_02_var4,3,3,100.00,0,0.00,0,0.00,0,0.00,0,0.00,120484,3,120484,11096,60158,40161.33,0,,
directory_depth_3,rigidmodels\buildings\glb_tent_03,3,3,100.00,0,0.00,0,0.00,0,0.00,0,0.00,89056,3,89056,11096,44444,29685.33,0,,
directory_depth_3,rigidmodels\buildings\glb_tent_03_var2,3,3,100.00,0,0.00,0,0.00,0,0.00,0,0.00,89056,3,89056,11096,44444,29685.33,0,,
directory_depth_3,rigidmodels\buildings\glb_tent_03_var3,2,2,100.00,0,0.00,0,0.00,0,0.00,0,0.00,55540,2,55540,11096,44444,27770.00,0,,
directory_depth_3,rigidmodels\buildings\glb_tent_03_var4,3,3,100.00,0,0.00,0,0.00,0,0.00,0,0.00,89056,3,89056,11096,44444,29685.33,0,,
directory_depth_3,rigidmodels\buildings\glb_tent_04,3,3,100.00,0,0.00,0,0.00,0,0.00,0,0.00,30464,3,30464,6336,15148,10154.67,0,,
directory_depth_3,rigidmodels\buildings\glb_tent_04_var2,3,3,100.00,0,0.00,0,0.00,0,0.00,0,0.00,30464,3,30464,6336,15148,10154.67,0,,
directory_depth_3,rigidmodels\buildings\glb_tent_04_var3,3,3,100.00,0,0.00,0,0.00,0,0.00,0,0.00,30464,3,30464,6336,15148,10154.67,0,,
directory_depth_3,rigidmodels\buildings\glb_tent_04_var4,3,3,100.00,0,0.00,0,0.00,0,0.00,0,0.00,30464,3,30464,6336,15148,10154.67,0,,
directory_depth_3,rigidmodels\buildings\glb_tower_01,3,3,100.00,0,0.00,0,0.00,0,0.00,0,0.00,3242734,3,3242734,595052,1862792,1080911.33,0,,
directory_depth_3,rigidmodels\buildings\glb_tower_wood_01,3,3,100.00,0,0.00,0,0.00,0,0.00,0,0.00,4599914,3,4599914,968518,1940400,1533304.67,0,,
directory_depth_3,rigidmodels\buildings\glb_tower_wood_charred_01,3,3,100.00,0,0.00,0,0.00,0,0.00,0,0.00,4152458,3,4152458,836902,1744656,1384152.67,0,,
directory_depth_3,rigidmodels\buildings\glb_training_01,2,2,100.00,0,0.00,0,0.00,0,0.00,0,0.00,57318,2,57318,27938,29380,28659.00,0,,
directory_depth_3,rigidmodels\buildings\glb_training_02,2,2,100.00,0,0.00,0,0.00,0,0.00,0,0.00,23888,2,23888,8156,15732,11944.00,0,,
directory_depth_3,rigidmodels\buildings\glb_trough_01,1,1,100.00,0,0.00,0,0.00,0,0.00,0,0.00,28534,1,28534,28534,28534,28534.00,0,,
directory_depth_3,rigidmodels\buildings\glb_wall_ladder,1,1,100.00,0,0.00,0,0.00,0,0.00,0,0.00,43616,1,43616,43616,43616,43616.00,0,,
directory_depth_3,rigidmodels\buildings\glb_wall_ladder01,1,1,100.00,0,0.00,0,0.00,0,0.00,0,0.00,34616,1,34616,34616,34616,34616.00,0,,
directory_depth_3,rigidmodels\buildings\glb_wall_ladder02,1,1,100.00,0,0.00,0,0.00,0,0.00,0,0.00,182582,1,182582,182582,182582,182582.00,0,,
directory_depth_3,rigidmodels\buildings\glb_wall_los_blocker_corner_90_exter,1,1,100.00,0,0.00,0,0.00,0,0.00,0,0.00,3256,1,3256,3256,3256,3256.00,0,,
directory_depth_3,rigidmodels\buildings\glb_wall_los_blocker_corner_90_inter,1,1,100.00,0,0.00,0,0.00,0,0.00,0,0.00,3256,1,3256,3256,3256,3256.00,0,,
directory_depth_3,rigidmodels\buildings\glb_wall_los_blocker_gatehouse_60,1,1,100.00,0,0.00,0,0.00,0,0.00,0,0.00,3256,1,3256,3256,3256,3256.00,0,,
directory_depth_3,rigidmodels\buildings\glb_wall_los_blocker_straight_20,1,1,100.00,0,0.00,0,0.00,0,0.00,0,0.00,3256,1,3256,3256,3256,3256.00,0,,
directory_depth_3,rigidmodels\buildings\glb_wall_platform_corner_90_internal,1,1,100.00,0,0.00,0,0.00,0,0.00,0,0.00,277808,1,277808,277808,277808,277808.00,0,,
directory_depth_3,rigidmodels\buildings\glb_wall_platform_gatehouse_60,1,1,100.00,0,0.00,0,0.00,0,0.00,0,0.00,387380,1,387380,387380,387380,387380.00,0,,
directory_depth_3,rigidmodels\buildings\glb_wall_platform_props_planks01,1,1,100.00,0,0.00,0,0.00,0,0.00,0,0.00,8352,1,8352,8352,8352,8352.00,0,,
directory_depth_3,rigidmodels\buildings\glb_wall_platform_props_planks02,1,1,100.00,0,0.00,0,0.00,0,0.00,0,0.00,3536,1,3536,3536,3536,3536.00,0,,
directory_depth_3,rigidmodels\buildings\glb_wall_platform_props_pole01,1,1,100.00,0,0.00,0,0.00,0,0.00,0,0.00,10132,1,10132,10132,10132,10132.00,0,,
directory_depth_3,rigidmodels\buildings\glb_wall_platform_props_stairs01,1,1,100.00,0,0.00,0,0.00,0,0.00,0,0.00,15424,1,15424,15424,15424,15424.00,0,,
directory_depth_3,rigidmodels\buildings\glb_wall_platform_straight_20,1,1,100.00,0,0.00,0,0.00,0,0.00,0,0.00,70012,1,70012,70012,70012,70012.00,0,,
directory_depth_3,rigidmodels\buildings\glb_wall_platform_trapdoor01,1,1,100.00,0,0.00,0,0.00,0,0.00,0,0.00,8164,1,8164,8164,8164,8164.00,0,,
directory_depth_3,rigidmodels\buildings\glb_warpstone_01,1,1,100.00,0,0.00,0,0.00,0,0.00,0,0.00,56024,1,56024,56024,56024,56024.00,0,,
directory_depth_3,rigidmodels\buildings\glb_warpstone_02,1,1,100.00,0,0.00,0,0.00,0,0.00,0,0.00,31116,1,31116,31116,31116,31116.00,0,,
directory_depth_3,rigidmodels\buildings\glb_warpstone_03,1,1,100.00,0,0.00,0,0.00,0,0.00,0,0.00,40696,1,40696,40696,40696,40696.00,0,,
directory_depth_3,rigidmodels\buildings\glb_washing_line_big01,1,1,100.00,0,0.00,0,0.00,0,0.00,0,0.00,19080,1,19080,19080,19080,19080.00,0,,
directory_depth_3,rigidmodels\buildings\glb_washing_line01,1,1,100.00,0,0.00,0,0.00,0,0.00,0,0.00,3456,1,3456,3456,3456,3456.00,0,,
directory_depth_3,rigidmodels\buildings\glb_water_plane_15x,1,1,100.00,0,0.00,0,0.00,0,0.00,0,0.00,2120,1,2120,2120,2120,2120.00,0,,
directory_depth_3,rigidmodels\buildings\glb_water_plane_300x,1,1,100.00,0,0.00,0,0.00,0,0.00,0,0.00,2120,1,2120,2120,2120,2120.00,0,,
directory_depth_3,rigidmodels\buildings\glb_water_plane_blood_15x,1,1,100.00,0,0.00,0,0.00,0,0.00,0,0.00,2120,1,2120,2120,2120,2120.00,0,,
directory_depth_3,rigidmodels\buildings\glb_water_plane_env_colours_300x,1,1,100.00,0,0.00,0,0.00,0,0.00,0,0.00,2120,1,2120,2120,2120,2120.00,0,,
directory_depth_3,rigidmodels\buildings\glb_water_wheel_01,1,1,100.00,0,0.00,0,0.00,0,0.00,0,0.00,49356,1,49356,49356,49356,49356.00,0,,
directory_depth_3,rigidmodels\buildings\glb_webs_01,1,1,100.00,0,0.00,0,0.00,0,0.00,0,0.00,7840,1,7840,7840,7840,7840.00,0,,
directory_depth_3,rigidmodels\buildings\glb_webs_02,1,1,100.00,0,0.00,0,0.00,0,0.00,0,0.00,22000,1,22000,22000,22000,22000.00,0,,
directory_depth_3,rigidmodels\buildings\glb_webs_03,1,1,100.00,0,0.00,0,0.00,0,0.00,0,0.00,22000,1,22000,22000,22000,22000.00,0,,
directory_depth_3,rigidmodels\buildings\glb_webs_04,1,1,100.00,0,0.00,0,0.00,0,0.00,0,0.00,22000,1,22000,22000,22000,22000.00,0,,
directory_depth_3,rigidmodels\buildings\glb_webs_05,1,1,100.00,0,0.00,0,0.00,0,0.00,0,0.00,5680,1,5680,5680,5680,5680.00,0,,
directory_depth_3,rigidmodels\buildings\glb_webs_06,1,1,100.00,0,0.00,0,0.00,0,0.00,0,0.00,3136,1,3136,3136,3136,3136.00,0,,
directory_depth_3,rigidmodels\buildings\glb_webs_07,1,1,100.00,0,0.00,0,0.00,0,0.00,0,0.00,3136,1,3136,3136,3136,3136.00,0,,
directory_depth_3,rigidmodels\buildings\glb_webs_08,1,1,100.00,0,0.00,0,0.00,0,0.00,0,0.00,7064,1,7064,7064,7064,7064.00,0,,
directory_depth_3,rigidmodels\buildings\glb_webs_09,1,1,100.00,0,0.00,0,0.00,0,0.00,0,0.00,4720,1,4720,4720,4720,4720.00,0,,
directory_depth_3,rigidmodels\buildings\glb_webs_10,1,1,100.00,0,0.00,0,0.00,0,0.00,0,0.00,5232,1,5232,5232,5232,5232.00,0,,
directory_depth_3,rigidmodels\buildings\glb_webs_11,1,1,100.00,0,0.00,0,0.00,0,0.00,0,0.00,3404,1,3404,3404,3404,3404.00,0,,
directory_depth_3,rigidmodels\buildings\glb_webs_12,1,1,100.00,0,0.00,0,0.00,0,0.00,0,0.00,3644,1,3644,3644,3644,3644.00,0,,
directory_depth_3,rigidmodels\buildings\glb_webs_13,1,1,100.00,0,0.00,0,0.00,0,0.00,0,0.00,4212,1,4212,4212,4212,4212.00,0,,
directory_depth_3,rigidmodels\buildings\glb_webs_14,1,1,100.00,0,0.00,0,0.00,0,0.00,0,0.00,3328,1,3328,3328,3328,3328.00,0,,
directory_depth_3,rigidmodels\buildings\glb_webs_15,1,1,100.00,0,0.00,0,0.00,0,0.00,0,0.00,2848,1,2848,2848,2848,2848.00,0,,
directory_depth_3,rigidmodels\buildings\glb_webs_16,1,1,100.00,0,0.00,0,0.00,0,0.00,0,0.00,3328,1,3328,3328,3328,3328.00,0,,
directory_depth_3,rigidmodels\buildings\glb_webs_17,1,1,100.00,0,0.00,0,0.00,0,0.00,0,0.00,2696,1,2696,2696,2696,2696.00,0,,
directory_depth_3,rigidmodels\buildings\glb_well_01,3,3,100.00,0,0.00,0,0.00,0,0.00,0,0.00,109200,3,109200,6292,54060,36400.00,0,,
directory_depth_3,rigidmodels\buildings\glb_wheel_01,1,1,100.00,0,0.00,0,0.00,0,0.00,0,0.00,41016,1,41016,41016,41016,41016.00,0,,
directory_depth_3,rigidmodels\buildings\glb_wheel_device_01,1,1,100.00,0,0.00,0,0.00,0,0.00,0,0.00,134880,1,134880,134880,134880,134880.00,0,,
directory_depth_3,rigidmodels\buildings\glb_wood_structure01,3,3,100.00,0,0.00,0,0.00,0,0.00,0,0.00,161512,3,161512,26628,88928,53837.33,0,,
directory_depth_3,rigidmodels\buildings\glb_wooden_bridge_planks_01,1,1,100.00,0,0.00,0,0.00,0,0.00,0,0.00,17838,1,17838,17838,17838,17838.00,0,,
directory_depth_3,rigidmodels\buildings\glb_wooden_bridge_planks_02,1,1,100.00,0,0.00,0,0.00,0,0.00,0,0.00,15422,1,15422,15422,15422,15422.00,0,,
directory_depth_3,rigidmodels\buildings\glb_wooden_stairs_01,1,1,100.00,0,0.00,0,0.00,0,0.00,0,0.00,32776,1,32776,32776,32776,32776.00,0,,
directory_depth_3,rigidmodels\buildings\glb_wooden_stairs_02,1,1,100.00,0,0.00,0,0.00,0,0.00,0,0.00,31832,1,31832,31832,31832,31832.00,0,,
directory_depth_3,rigidmodels\buildings\glb_wooden_stairs_join_01,1,1,100.00,0,0.00,0,0.00,0,0.00,0,0.00,10400,1,10400,10400,10400,10400.00,0,,
directory_depth_3,rigidmodels\buildings\glb_wooden_stairs_support_01,1,1,100.00,0,0.00,0,0.00,0,0.00,0,0.00,9184,1,9184,9184,9184,9184.00,0,,
directory_depth_3,rigidmodels\buildings\glb_wooden_stairs_support_02,1,1,100.00,0,0.00,0,0.00,0,0.00,0,0.00,16176,1,16176,16176,16176,16176.00,0,,
directory_depth_3,rigidmodels\buildings\glb_wooden_walkway_01,1,1,100.00,0,0.00,0,0.00,0,0.00,0,0.00,31696,1,31696,31696,31696,31696.00,0,,
directory_depth_3,rigidmodels\buildings\glb_woodpile_01,3,3,100.00,0,0.00,0,0.00,0,0.00,0,0.00,124160,3,124160,26964,58116,41386.67,0,,
directory_depth_3,rigidmodels\buildings\grn_barricade_blocker_01,2,2,100.00,0,0.00,0,0.00,0,0.00,0,0.00,188730,2,188730,91654,97076,94365.00,0,,
directory_depth_3,rigidmodels\buildings\grn_barricade_monument_01,2,2,100.00,0,0.00,0,0.00,0,0.00,0,0.00,25520,2,25520,12716,12804,12760.00,0,,
directory_depth_3,rigidmodels\buildings\grn_barricade_platform_01,3,3,100.00,0,0.00,0,0.00,0,0.00,0,0.00,1117144,3,1117144,318532,441652,372381.33,0,,
directory_depth_3,rigidmodels\buildings\grn_barricade_trap_01,2,2,100.00,0,0.00,0,0.00,0,0.00,0,0.00,530814,2,530814,247504,283310,265407.00,0,,
directory_depth_3,rigidmodels\buildings\grn_batteringram,7,7,100.00,0,0.00,0,0.00,0,0.00,0,0.00,814540,7,814540,33634,320004,116362.86,0,,
directory_depth_3,rigidmodels\buildings\grn_bones_01,1,1,100.00,0,0.00,0,0.00,0,0.00,0,0.00,81256,1,81256,81256,81256,81256.00,0,,
directory_depth_3,rigidmodels\buildings\grn_brazier_01,2,2,100.00,0,0.00,0,0.00,0,0.00,0,0.00,172430,2,172430,76986,95444,86215.00,0,,
directory_depth_3,rigidmodels\buildings\grn_bridge_110m_01,1,1,100.00,0,0.00,0,0.00,0,0.00,0,0.00,2626254,1,2626254,2626254,2626254,2626254.00,0,,
directory_depth_3,rigidmodels\buildings\grn_bridge_32m_end_01,1,1,100.00,0,0.00,0,0.00,0,0.00,0,0.00,841570,1,841570,841570,841570,841570.00,0,,
directory_depth_3,rigidmodels\buildings\grn_cheifs_hut,1,1,100.00,0,0.00,0,0.00,0,0.00,0,0.00,787700,1,787700,787700,787700,787700.00,0,,
directory_depth_3,rigidmodels\buildings\grn_cliff_of_a,1,1,100.00,0,0.00,0,0.00,0,0.00,0,0.00,59312,1,59312,59312,59312,59312.00,0,,
directory_depth_3,rigidmodels\buildings\grn_cliff_of_a_nhc,1,1,100.00,0,0.00,0,0.00,0,0.00,0,0.00,133464,1,133464,133464,133464,133464.00,0,,
directory_depth_3,rigidmodels\buildings\grn_cliff_of_b,1,1,100.00,0,0.00,0,0.00,0,0.00,0,0.00,55074,1,55074,55074,55074,55074.00,0,,
directory_depth_3,rigidmodels\buildings\grn_cliff_of_b_nhc,1,1,100.00,0,0.00,0,0.00,0,0.00,0,0.00,122466,1,122466,122466,122466,122466.00,0,,
directory_depth_3,rigidmodels\buildings\grn_cliff_of_c,1,1,100.00,0,0.00,0,0.00,0,0.00,0,0.00,49576,1,49576,49576,49576,49576.00,0,,
directory_depth_3,rigidmodels\buildings\grn_cliff_of_c_nhc,1,1,100.00,0,0.00,0,0.00,0,0.00,0,0.00,112738,1,112738,112738,112738,112738.00,0,,
directory_depth_3,rigidmodels\buildings\grn_crack_a,1,1,100.00,0,0.00,0,0.00,0,0.00,0,0.00,38090,1,38090,38090,38090,38090.00,0,,
directory_depth_3,rigidmodels\buildings\grn_crack_b,1,1,100.00,0,0.00,0,0.00,0,0.00,0,0.00,28728,1,28728,28728,28728,28728.00,0,,
directory_depth_3,rigidmodels\buildings\grn_crack_c,1,1,100.00,0,0.00,0,0.00,0,0.00,0,0.00,28154,1,28154,28154,28154,28154.00,0,,
directory_depth_3,rigidmodels\buildings\grn_crack_d,1,1,100.00,0,0.00,0,0.00,0,0.00,0,0.00,20906,1,20906,20906,20906,20906.00,0,,
directory_depth_3,rigidmodels\buildings\grn_crater_01,1,1,100.00,0,0.00,0,0.00,0,0.00,0,0.00,45944,1,45944,45944,45944,45944.00,0,,
directory_depth_3,rigidmodels\buildings\grn_crater_02,1,1,100.00,0,0.00,0,0.00,0,0.00,0,0.00,43186,1,43186,43186,43186,43186.00,0,,
directory_depth_3,rigidmodels\buildings\grn_crater_03,1,1,100.00,0,0.00,0,0.00,0,0.00,0,0.00,39444,1,39444,39444,39444,39444.00,0,,
directory_depth_3,rigidmodels\buildings\grn_door_set01,1,1,100.00,0,0.00,0,0.00,0,0.00,0,0.00,154816,1,154816,154816,154816,154816.00,0,,
directory_depth_3,rigidmodels\buildings\grn_dung_pile_large01,1,1,100.00,0,0.00,0,0.00,0,0.00,0,0.00,52508,1,52508,52508,52508,52508.00,0,,
directory_depth_3,rigidmodels\buildings\grn_dung_pile_medium01,1,1,100.00,0,0.00,0,0.00,0,0.00,0,0.00,63236,1,63236,63236,63236,63236.00,0,,
directory_depth_3,rigidmodels\buildings\grn_dung_pile_mega01,1,1,100.00,0,0.00,0,0.00,0,0.00,0,0.00,62532,1,62532,62532,62532,62532.00,0,,
directory_depth_3,rigidmodels\buildings\grn_dung_pile_small01,1,1,100.00,0,0.00,0,0.00,0,0.00,0,0.00,24848,1,24848,24848,24848,24848.00,0,,
directory_depth_3,rigidmodels\buildings\grn_flag_01,1,1,100.00,0,0.00,0,0.00,0,0.00,0,0.00,8376,1,8376,8376,8376,8376.00,0,,
directory_depth_3,rigidmodels\buildings\grn_flag_02,1,1,100.00,0,0.00,0,0.00,0,0.00,0,0.00,2696,1,2696,2696,2696,2696.00,0,,
directory_depth_3,rigidmodels\buildings\grn_housing_01,1,1,100.00,0,0.00,0,0.00,0,0.00,0,0.00,119902,1,119902,119902,119902,119902.00,0,,
directory_depth_3,rigidmodels\buildings\grn_housing_04,1,1,100.00,0,0.00,0,0.00,0,0.00,0,0.00,28856,1,28856,28856,28856,28856.00,0,,
directory_depth_3,rigidmodels\buildings\grn_housing_05,1,1,100.00,0,0.00,0,0.00,0,0.00,0,0.00,212916,1,212916,212916,212916,212916.00,0,,
directory_depth_3,rigidmodels\buildings\grn_hut_large_01,1,1,100.00,0,0.00,0,0.00,0,0.00,0,0.00,83268,1,83268,83268,83268,83268.00,0,,
directory_depth_3,rigidmodels\buildings\grn_hut_large_02,1,1,100.00,0,0.00,0,0.00,0,0.00,0,0.00,82212,1,82212,82212,82212,82212.00,0,,
directory_depth_3,rigidmodels\buildings\grn_hut_medium,1,1,100.00,0,0.00,0,0.00,0,0.00,0,0.00,47350,1,47350,47350,47350,47350.00,0,,
directory_depth_3,rigidmodels\buildings\grn_hut_skull,1,1,100.00,0,0.00,0,0.00,0,0.00,0,0.00,127332,1,127332,127332,127332,127332.00,0,,
directory_depth_3,rigidmodels\buildings\grn_hut_skull_head,1,1,100.00,0,0.00,0,0.00,0,0.00,0,0.00,127332,1,127332,127332,127332,127332.00,0,,
directory_depth_3,rigidmodels\buildings\grn_hut_small_01,1,1,100.00,0,0.00,0,0.00,0,0.00,0,0.00,32474,1,32474,32474,32474,32474.00,0,,
directory_depth_3,rigidmodels\buildings\grn_idol_01,2,2,100.00,0,0.00,0,0.00,0,0.00,0,0.00,415906,2,415906,84792,331114,207953.00,0,,
directory_depth_3,rigidmodels\buildings\grn_idol_02,2,2,100.00,0,0.00,0,0.00,0,0.00,0,0.00,340614,2,340614,117144,223470,170307.00,0,,
directory_depth_3,rigidmodels\buildings\grn_idol_03,2,2,100.00,0,0.00,0,0.00,0,0.00,0,0.00,283258,2,283258,111410,171848,141629.00,0,,
directory_depth_3,rigidmodels\buildings\grn_idol_04,2,2,100.00,0,0.00,0,0.00,0,0.00,0,0.00,435866,2,435866,155902,279964,217933.00,0,,
directory_depth_3,rigidmodels\buildings\grn_idol_05,2,2,100.00,0,0.00,0,0.00,0,0.00,0,0.00,227138,2,227138,111410,115728,113569.00,0,,
directory_depth_3,rigidmodels\buildings\grn_idol_06,1,1,100.00,0,0.00,0,0.00,0,0.00,0,0.00,151572,1,151572,151572,151572,151572.00,0,,
directory_depth_3,rigidmodels\buildings\grn_idol_07,1,1,100.00,0,0.00,0,0.00,0,0.00,0,0.00,215052,1,215052,215052,215052,215052.00,0,,
directory_depth_3,rigidmodels\buildings\grn_idol_08,1,1,100.00,0,0.00,0,0.00,0,0.00,0,0.00,136896,1,136896,136896,136896,136896.00,0,,
directory_depth_3,rigidmodels\buildings\grn_mountain_a,1,1,100.00,0,0.00,0,0.00,0,0.00,0,0.00,177660,1,177660,177660,177660,177660.00,0,,
directory_depth_3,rigidmodels\buildings\grn_mountain_b,1,1,100.00,0,0.00,0,0.00,0,0.00,0,0.00,113374,1,113374,113374,113374,113374.00,0,,
directory_depth_3,rigidmodels\buildings\grn_pit_01,1,1,100.00,0,0.00,0,0.00,0,0.00,0,0.00,102810,1,102810,102810,102810,102810.00,0,,
directory_depth_3,rigidmodels\buildings\grn_planks01,1,1,100.00,0,0.00,0,0.00,0,0.00,0,0.00,22904,1,22904,22904,22904,22904.00,0,,
directory_depth_3,rigidmodels\buildings\grn_planks02,1,1,100.00,0,0.00,0,0.00,0,0.00,0,0.00,32640,1,32640,32640,32640,32640.00,0,,
directory_depth_3,rigidmodels\buildings\grn_planks03,1,1,100.00,0,0.00,0,0.00,0,0.00,0,0.00,19472,1,19472,19472,19472,19472.00,0,,
directory_depth_3,rigidmodels\buildings\grn_planks04,1,1,100.00,0,0.00,0,0.00,0,0.00,0,0.00,17484,1,17484,17484,17484,17484.00,0,,
directory_depth_3,rigidmodels\buildings\grn_plateau_a,1,1,100.00,0,0.00,0,0.00,0,0.00,0,0.00,331022,1,331022,331022,331022,331022.00,0,,
directory_depth_3,rigidmodels\buildings\grn_plateau_b,1,1,100.00,0,0.00,0,0.00,0,0.00,0,0.00,45788,1,45788,45788,45788,45788.00,0,,
directory_depth_3,rigidmodels\buildings\grn_poleset_01,3,3,100.00,0,0.00,0,0.00,0,0.00,0,0.00,256966,3,256966,66382,118248,85655.33,0,,
directory_depth_3,rigidmodels\buildings\grn_poleset_02,1,1,100.00,0,0.00,0,0.00,0,0.00,0,0.00,74284,1,74284,74284,74284,74284.00,0,,
directory_depth_3,rigidmodels\buildings\grn_rock_of_tall_a,1,1,100.00,0,0.00,0,0.00,0,0.00,0,0.00,88676,1,88676,88676,88676,88676.00,0,,
directory_depth_3,rigidmodels\buildings\grn_rock_of_tall_b,1,1,100.00,0,0.00,0,0.00,0,0.00,0,0.00,100516,1,100516,100516,100516,100516.00,0,,
directory_depth_3,rigidmodels\buildings\grn_rock_of_tall_c,1,1,100.00,0,0.00,0,0.00,0,0.00,0,0.00,81800,1,81800,81800,81800,81800.00,0,,
directory_depth_3,rigidmodels\buildings\grn_rock_of_tall_d,1,1,100.00,0,0.00,0,0.00,0,0.00,0,0.00,62224,1,62224,62224,62224,62224.00,0,,
directory_depth_3,rigidmodels\buildings\grn_rock_of_tall_e,1,1,100.00,0,0.00,0,0.00,0,0.00,0,0.00,36344,1,36344,36344,36344,36344.00,0,,
directory_depth_3,rigidmodels\buildings\grn_rock_of_termite_a,1,1,100.00,0,0.00,0,0.00,0,0.00,0,0.00,101512,1,101512,101512,101512,101512.00,0,,
directory_depth_3,rigidmodels\buildings\grn_rock_of_termite_b,1,1,100.00,0,0.00,0,0.00,0,0.00,0,0.00,98944,1,98944,98944,98944,98944.00,0,,
directory_depth_3,rigidmodels\buildings\grn_rock_of_termite_c,1,1,100.00,0,0.00,0,0.00,0,0.00,0,0.00,96256,1,96256,96256,96256,96256.00,0,,
directory_depth_3,rigidmodels\buildings\grn_rock_skirt_a,1,1,100.00,0,0.00,0,0.00,0,0.00,0,0.00,57780,1,57780,57780,57780,57780.00,0,,
directory_depth_3,rigidmodels\buildings\grn_rock_skirt_b,1,1,100.00,0,0.00,0,0.00,0,0.00,0,0.00,57236,1,57236,57236,57236,57236.00,0,,
directory_depth_3,rigidmodels\buildings\grn_rockmed_01,1,1,100.00,0,0.00,0,0.00,0,0.00,0,0.00,52628,1,52628,52628,52628,52628.00,0,,
directory_depth_3,rigidmodels\buildings\grn_rockmed_02,1,1,100.00,0,0.00,0,0.00,0,0.00,0,0.00,45924,1,45924,45924,45924,45924.00,0,,
directory_depth_3,rigidmodels\buildings\grn_rockmed_03,1,1,100.00,0,0.00,0,0.00,0,0.00,0,0.00,78484,1,78484,78484,78484,78484.00,0,,
directory_depth_3,rigidmodels\buildings\grn_rockmed_04,1,1,100.00,0,0.00,0,0.00,0,0.00,0,0.00,49876,1,49876,49876,49876,49876.00,0,,
directory_depth_3,rigidmodels\buildings\grn_rockmed_05,1,1,100.00,0,0.00,0,0.00,0,0.00,0,0.00,49344,1,49344,49344,49344,49344.00,0,,
directory_depth_3,rigidmodels\buildings\grn_rockmed_06,1,1,100.00,0,0.00,0,0.00,0,0.00,0,0.00,32716,1,32716,32716,32716,32716.00,0,,
directory_depth_3,rigidmodels\buildings\grn_rocksml_01,1,1,100.00,0,0.00,0,0.00,0,0.00,0,0.00,73524,1,73524,73524,73524,73524.00,0,,
directory_depth_3,rigidmodels\buildings\grn_rocksml_02,1,1,100.00,0,0.00,0,0.00,0,0.00,0,0.00,19364,1,19364,19364,19364,19364.00,0,,
directory_depth_3,rigidmodels\buildings\grn_roof_set01,1,1,100.00,0,0.00,0,0.00,0,0.00,0,0.00,219308,1,219308,219308,219308,219308.00,0,,
directory_depth_3,rigidmodels\buildings\grn_rope_bridge_large,1,1,100.00,0,0.00,0,0.00,0,0.00,0,0.00,490330,1,490330,490330,490330,490330.00,0,,
directory_depth_3,rigidmodels\buildings\grn_rope_bridge_medium,1,1,100.00,0,0.00,0,0.00,0,0.00,0,0.00,764140,1,764140,764140,764140,764140.00,0,,
directory_depth_3,rigidmodels\buildings\grn_rope_bridge_small,1,1,100.00,0,0.00,0,0.00,0,0.00,0,0.00,456140,1,456140,456140,456140,456140.00,0,,
directory_depth_3,rigidmodels\buildings\grn_siege_tower_15m,10,10,100.00,0,0.00,0,0.00,0,0.00,0,0.00,2246326,10,2246326,31792,869868,224632.60,0,,
directory_depth_3,rigidmodels\buildings\grn_sinkhole_a,1,1,100.00,0,0.00,0,0.00,0,0.00,0,0.00,13406,1,13406,13406,13406,13406.00,0,,
directory_depth_3,rigidmodels\buildings\grn_sinkhole_b,1,1,100.00,0,0.00,0,0.00,0,0.00,0,0.00,13482,1,13482,13482,13482,13482.00,0,,
directory_depth_3,rigidmodels\buildings\grn_sinkhole_c,1,1,100.00,0,0.00,0,0.00,0,0.00,0,0.00,13150,1,13150,13150,13150,13150.00,0,,
directory_depth_3,rigidmodels\buildings\grn_skirt_rural_01,1,1,100.00,0,0.00,0,0.00,0,0.00,0,0.00,20200,1,20200,20200,20200,20200.00,0,,
directory_depth_3,rigidmodels\buildings\grn_small_geysers_a,1,1,100.00,0,0.00,0,0.00,0,0.00,0,0.00,16770,1,16770,16770,16770,16770.00,0,,
directory_depth_3,rigidmodels\buildings\grn_small_geysers_b,1,1,100.00,0,0.00,0,0.00,0,0.00,0,0.00,14662,1,14662,14662,14662,14662.00,0,,
directory_depth_3,rigidmodels\buildings\grn_small_geysers_c,1,1,100.00,0,0.00,0,0.00,0,0.00,0,0.00,15096,1,15096,15096,15096,15096.00,0,,
directory_depth_3,rigidmodels\buildings\grn_small_geysers_d,1,1,100.00,0,0.00,0,0.00,0,0.00,0,0.00,13076,1,13076,13076,13076,13076.00,0,,
directory_depth_3,rigidmodels\buildings\grn_teeth01,1,1,100.00,0,0.00,0,0.00,0,0.00,0,0.00,35216,1,35216,35216,35216,35216.00,0,,
directory_depth_3,rigidmodels\buildings\grn_totempole_a,3,3,100.00,0,0.00,0,0.00,0,0.00,0,0.00,408280,3,408280,92300,210548,136093.33,0,,
directory_depth_3,rigidmodels\buildings\grn_totempole_b,2,2,100.00,0,0.00,0,0.00,0,0.00,0,0.00,248028,2,248028,77060,170968,124014.00,0,,
directory_depth_3,rigidmodels\buildings\grn_totempole_c,3,3,100.00,0,0.00,0,0.00,0,0.00,0,0.00,380684,3,380684,87102,196904,126894.67,0,,
directory_depth_3,rigidmodels\buildings\grn_totempole_d,1,1,100.00,0,0.00,0,0.00,0,0.00,0,0.00,133188,1,133188,133188,133188,133188.00,0,,
directory_depth_3,rigidmodels\buildings\grn_totempole_e,1,1,100.00,0,0.00,0,0.00,0,0.00,0,0.00,247606,1,247606,247606,247606,247606.00,0,,
directory_depth_3,rigidmodels\buildings\grn_tower_placement_01,3,3,100.00,0,0.00,0,0.00,0,0.00,0,0.00,1517370,3,1517370,140542,728484,505790.00,0,,
directory_depth_3,rigidmodels\buildings\grn_tower_placement_02,3,3,100.00,0,0.00,0,0.00,0,0.00,0,0.00,1517370,3,1517370,140542,728484,505790.00,0,,
directory_depth_3,rigidmodels\buildings\grn_tower_placement_03,3,3,100.00,0,0.00,0,0.00,0,0.00,0,0.00,1517370,3,1517370,140542,728484,505790.00,0,,
directory_depth_3,rigidmodels\buildings\grn_tower_placement_04,3,3,100.00,0,0.00,0,0.00,0,0.00,0,0.00,1517370,3,1517370,140542,728484,505790.00,0,,
directory_depth_3,rigidmodels\buildings\grn_wall_bridge_01,1,1,100.00,0,0.00,0,0.00,0,0.00,0,0.00,360306,1,360306,360306,360306,360306.00,0,,
directory_depth_3,rigidmodels\buildings\grn_wall_bridge_02,1,1,100.00,0,0.00,0,0.00,0,0.00,0,0.00,766834,1,766834,766834,766834,766834.00,0,,
directory_depth_3,rigidmodels\buildings\grn_wall_bridge_03,1,1,100.00,0,0.00,0,0.00,0,0.00,0,0.00,284504,1,284504,284504,284504,284504.00,0,,
directory_depth_3,rigidmodels\buildings\grn_wall_bridge_04,1,1,100.00,0,0.00,0,0.00,0,0.00,0,0.00,241252,1,241252,241252,241252,241252.00,0,,
directory_depth_3,rigidmodels\buildings\grn_wall_corner_90_exter,1,1,100.00,0,0.00,0,0.00,0,0.00,0,0.00,223586,1,223586,223586,223586,223586.00,0,,
directory_depth_3,rigidmodels\buildings\grn_wall_emitter01,1,1,100.00,0,0.00,0,0.00,0,0.00,0,0.00,8696,1,8696,8696,8696,8696.00,0,,
directory_depth_3,rigidmodels\buildings\grn_wall_gatehouse_60,9,9,100.00,0,0.00,0,0.00,0,0.00,0,0.00,4495528,9,4495528,396808,853734,499503.11,0,,
directory_depth_3,rigidmodels\buildings\grn_wall_gork,1,1,100.00,0,0.00,0,0.00,0,0.00,0,0.00,59024,1,59024,59024,59024,59024.00,0,,
directory_depth_3,rigidmodels\buildings\grn_wall_huts_large01,1,1,100.00,0,0.00,0,0.00,0,0.00,0,0.00,90574,1,90574,90574,90574,90574.00,0,,
directory_depth_3,rigidmodels\buildings\grn_wall_huts_medium01,1,1,100.00,0,0.00,0,0.00,0,0.00,0,0.00,26026,1,26026,26026,26026,26026.00,0,,
directory_depth_3,rigidmodels\buildings\grn_wall_huts_small01,1,1,100.00,0,0.00,0,0.00,0,0.00,0,0.00,26254,1,26254,26254,26254,26254.00,0,,
directory_depth_3,rigidmodels\buildings\grn_wall_mork,1,1,100.00,0,0.00,0,0.00,0,0.00,0,0.00,42692,1,42692,42692,42692,42692.00,0,,
directory_depth_3,rigidmodels\buildings\grn_wall_set01,1,1,100.00,0,0.00,0,0.00,0,0.00,0,0.00,211846,1,211846,211846,211846,211846.00,0,,
directory_depth_3,rigidmodels\buildings\grn_wall_set02,1,1,100.00,0,0.00,0,0.00,0,0.00,0,0.00,134658,1,134658,134658,134658,134658.00,0,,
directory_depth_3,rigidmodels\buildings\grn_wall_set03,1,1,100.00,0,0.00,0,0.00,0,0.00,0,0.00,334658,1,334658,334658,334658,334658.00,0,,
directory_depth_3,rigidmodels\buildings\grn_wall_straight_20,2,2,100.00,0,0.00,0,0.00,0,0.00,0,0.00,387732,2,387732,134184,253548,193866.00,0,,
directory_depth_3,rigidmodels\buildings\grn_wall_tower,2,2,100.00,0,0.00,0,0.00,0,0.00,0,0.00,30552,2,30552,15276,15276,15276.00,0,,
directory_depth_3,rigidmodels\buildings\grn_wall_tower_01,2,2,100.00,0,0.00,0,0.00,0,0.00,0,0.00,30552,2,30552,15276,15276,15276.00,0,,
directory_depth_3,rigidmodels\buildings\grn_wall_tower_02,2,2,100.00,0,0.00,0,0.00,0,0.00,0,0.00,30552,2,30552,15276,15276,15276.00,0,,
directory_depth_3,rigidmodels\buildings\grn_wall_tower_03,2,2,100.00,0,0.00,0,0.00,0,0.00,0,0.00,30552,2,30552,15276,15276,15276.00,0,,
directory_depth_3,rigidmodels\buildings\grn_watch_tower_07,1,1,100.00,0,0.00,0,0.00,0,0.00,0,0.00,1199578,1,1199578,1199578,1199578,1199578.00,0,,
directory_depth_3,rigidmodels\buildings\grn_window_set01,1,1,100.00,0,0.00,0,0.00,0,0.00,0,0.00,105728,1,105728,105728,105728,105728.00,0,,
directory_depth_3,rigidmodels\buildings\grn_wooden_red_decor_01,1,1,100.00,0,0.00,0,0.00,0,0.00,0,0.00,20768,1,20768,20768,20768,20768.00,0,,
directory_depth_3,rigidmodels\buildings\grn_wooden_red_decor_02,1,1,100.00,0,0.00,0,0.00,0,0.00,0,0.00,24096,1,24096,24096,24096,24096.00,0,,
directory_depth_3,rigidmodels\buildings\grn_wooden_spikes01,1,1,100.00,0,0.00,0,0.00,0,0.00,0,0.00,111482,1,111482,111482,111482,111482.00,0,,
directory_depth_3,rigidmodels\buildings\hef_agent_ship_01,1,1,100.00,0,0.00,0,0.00,0,0.00,0,0.00,130628,1,130628,130628,130628,130628.00,0,,
directory_depth_3,rigidmodels\buildings\hef_army_ship_01,1,1,100.00,0,0.00,0,0.00,0,0.00,0,0.00,413606,1,413606,413606,413606,413606.00,0,,
directory_depth_3,rigidmodels\buildings\hef_banner_01,1,1,100.00,0,0.00,0,0.00,0,0.00,0,0.00,4248,1,4248,4248,4248,4248.00,0,,
directory_depth_3,rigidmodels\buildings\hef_barrel_01,3,3,100.00,0,0.00,0,0.00,0,0.00,0,0.00,127176,3,127176,19748,60280,42392.00,0,,
directory_depth_3,rigidmodels\buildings\hef_barrel_02,3,3,100.00,0,0.00,0,0.00,0,0.00,0,0.00,388706,3,388706,58088,236880,129568.67,0,,
directory_depth_3,rigidmodels\buildings\hef_barricade_blocker_01,2,2,100.00,0,0.00,0,0.00,0,0.00,0,0.00,188730,2,188730,91654,97076,94365.00,0,,
directory_depth_3,rigidmodels\buildings\hef_barricade_monument_01,2,2,100.00,0,0.00,0,0.00,0,0.00,0,0.00,25520,2,25520,12716,12804,12760.00,0,,
directory_depth_3,rigidmodels\buildings\hef_barricade_platform_01,3,3,100.00,0,0.00,0,0.00,0,0.00,0,0.00,1117144,3,1117144,318532,441652,372381.33,0,,
directory_depth_3,rigidmodels\buildings\hef_barricade_trap_01,2,2,100.00,0,0.00,0,0.00,0,0.00,0,0.00,530814,2,530814,247504,283310,265407.00,0,,
directory_depth_3,rigidmodels\buildings\hef_batteringram,11,11,100.00,0,0.00,0,0.00,0,0.00,0,0.00,1023992,11,1023992,18206,349960,93090.18,0,,
directory_depth_3,rigidmodels\buildings\hef_bench_01,3,3,100.00,0,0.00,0,0.00,0,0.00,0,0.00,160590,3,160590,20816,101608,53530.00,0,,
directory_depth_3,rigidmodels\buildings\hef_bench_02,3,3,100.00,0,0.00,0,0.00,0,0.00,0,0.00,416872,3,416872,105704,184332,138957.33,0,,
directory_depth_3,rigidmodels\buildings\hef_bench_03,3,3,100.00,0,0.00,0,0.00,0,0.00,0,0.00,30816,3,30816,7016,11900,10272.00,0,,
directory_depth_3,rigidmodels\buildings\hef_bench_04,3,3,100.00,0,0.00,0,0.00,0,0.00,0,0.00,43988,3,43988,4236,22972,14662.67,0,,
directory_depth_3,rigidmodels\buildings\hef_books_01,1,1,100.00,0,0.00,0,0.00,0,0.00,0,0.00,3256,1,3256,3256,3256,3256.00,0,,
directory_depth_3,rigidmodels\buildings\hef_bottle_01,1,1,100.00,0,0.00,0,0.00,0,0.00,0,0.00,11556,1,11556,11556,11556,11556.00,0,,
directory_depth_3,rigidmodels\buildings\hef_bottle_02,1,1,100.00,0,0.00,0,0.00,0,0.00,0,0.00,10952,1,10952,10952,10952,10952.00,0,,
directory_depth_3,rigidmodels\buildings\hef_bottle_03,1,1,100.00,0,0.00,0,0.00,0,0.00,0,0.00,10966,1,10966,10966,10966,10966.00,0,,
directory_depth_3,rigidmodels\buildings\hef_bottle_04,1,1,100.00,0,0.00,0,0.00,0,0.00,0,0.00,16494,1,16494,16494,16494,16494.00,0,,
directory_depth_3,rigidmodels\buildings\hef_bridge_110m_01,1,1,100.00,0,0.00,0,0.00,0,0.00,0,0.00,2195986,1,2195986,2195986,2195986,2195986.00,0,,
directory_depth_3,rigidmodels\buildings\hef_bridge_32m_01,1,1,100.00,0,0.00,0,0.00,0,0.00,0,0.00,502828,1,502828,502828,502828,502828.00,0,,
directory_depth_3,rigidmodels\buildings\hef_cart_01,3,3,100.00,0,0.00,0,0.00,0,0.00,0,0.00,572128,3,572128,156632,222492,190709.33,0,,
directory_depth_3,rigidmodels\buildings\hef_chest_01,3,3,100.00,0,0.00,0,0.00,0,0.00,0,0.00,31408,3,31408,7796,11968,10469.33,0,,
directory_depth_3,rigidmodels\buildings\hef_cliffs_01,1,1,100.00,0,0.00,0,0.00,0,0.00,0,0.00,265136,1,265136,265136,265136,265136.00,0,,
directory_depth_3,rigidmodels\buildings\hef_cliffs_01_pillar,1,1,100.00,0,0.00,0,0.00,0,0.00,0,0.00,75948,1,75948,75948,75948,75948.00,0,,
directory_depth_3,rigidmodels\buildings\hef_cliffs_01_pillar_base,1,1,100.00,0,0.00,0,0.00,0,0.00,0,0.00,275176,1,275176,275176,275176,275176.00,0,,
directory_depth_3,rigidmodels\buildings\hef_cliffs_01_slab,1,1,100.00,0,0.00,0,0.00,0,0.00,0,0.00,139248,1,139248,139248,139248,139248.00,0,,
directory_depth_3,rigidmodels\buildings\hef_cliffs_02,1,1,100.00,0,0.00,0,0.00,0,0.00,0,0.00,270672,1,270672,270672,270672,270672.00,0,,
directory_depth_3,rigidmodels\buildings\hef_door_01,1,1,100.00,0,0.00,0,0.00,0,0.00,0,0.00,131120,1,131120,131120,131120,131120.00,0,,
directory_depth_3,rigidmodels\buildings\hef_door_02,1,1,100.00,0,0.00,0,0.00,0,0.00,0,0.00,298716,1,298716,298716,298716,298716.00,0,,
directory_depth_3,rigidmodels\buildings\hef_door_03,1,1,100.00,0,0.00,0,0.00,0,0.00,0,0.00,162564,1,162564,162564,162564,162564.00,0,,
directory_depth_3,rigidmodels\buildings\hef_dragonship_01,1,1,100.00,0,0.00,0,0.00,0,0.00,0,0.00,799906,1,799906,799906,799906,799906.00,0,,
directory_depth_3,rigidmodels\buildings\hef_eagleclaw_bolt_thrower_01,1,1,100.00,0,0.00,0,0.00,0,0.00,0,0.00,169612,1,169612,169612,169612,169612.00,0,,
directory_depth_3,rigidmodels\buildings\hef_flag_pole_01,1,1,100.00,0,0.00,0,0.00,0,0.00,0,0.00,24616,1,24616,24616,24616,24616.00,0,,
directory_depth_3,rigidmodels\buildings\hef_fountain_01,1,1,100.00,0,0.00,0,0.00,0,0.00,0,0.00,1028598,1,1028598,1028598,1028598,1028598.00,0,,
directory_depth_3,rigidmodels\buildings\hef_hero_arch_thin_01,1,1,100.00,0,0.00,0,0.00,0,0.00,0,0.00,52932,1,52932,52932,52932,52932.00,0,,
directory_depth_3,rigidmodels\buildings\hef_hero_bridge_01,3,3,100.00,0,0.00,0,0.00,0,0.00,0,0.00,692980,3,692980,172732,292726,230993.33,0,,
directory_depth_3,rigidmodels\buildings\hef_hero_bridge_02,3,3,100.00,0,0.00,0,0.00,0,0.00,0,0.00,1319496,3,1319496,288870,543980,439832.00,0,,
directory_depth_3,rigidmodels\buildings\hef_hero_bridge_02_end,1,1,100.00,0,0.00,0,0.00,0,0.00,0,0.00,169116,1,169116,169116,169116,169116.00,0,,
directory_depth_3,rigidmodels\buildings\hef_hero_bridge_03,1,1,100.00,0,0.00,0,0.00,0,0.00,0,0.00,79318,1,79318,79318,79318,79318.00,0,,
directory_depth_3,rigidmodels\buildings\hef_hero_dormer_01,1,1,100.00,0,0.00,0,0.00,0,0.00,0,0.00,72966,1,72966,72966,72966,72966.00,0,,
directory_depth_3,rigidmodels\buildings\hef_hero_gate_capital_01,1,1,100.00,0,0.00,0,0.00,0,0.00,0,0.00,246064,1,246064,246064,246064,246064.00,0,,
directory_depth_3,rigidmodels\buildings\hef_hero_obelisk_01,3,3,100.00,0,0.00,0,0.00,0,0.00,0,0.00,1291090,3,1291090,291260,579140,430363.33,0,,
directory_depth_3,rigidmodels\buildings\hef_hero_stairs_curved_01,1,1,100.00,0,0.00,0,0.00,0,0.00,0,0.00,51166,1,51166,51166,51166,51166.00,0,,
directory_depth_3,rigidmodels\buildings\hef_hero_stairs_curved_02,1,1,100.00,0,0.00,0,0.00,0,0.00,0,0.00,47274,1,47274,47274,47274,47274.00,0,,
directory_depth_3,rigidmodels\buildings\hef_hero_stairs_straight_01,1,1,100.00,0,0.00,0,0.00,0,0.00,0,0.00,31668,1,31668,31668,31668,31668.00,0,,
directory_depth_3,rigidmodels\buildings\hef_hero_temple_01,3,3,100.00,0,0.00,0,0.00,0,0.00,0,0.00,1457570,3,1457570,399344,566218,485856.67,0,,
directory_depth_3,rigidmodels\buildings\hef_hero_wall_01,1,1,100.00,0,0.00,0,0.00,0,0.00,0,0.00,43592,1,43592,43592,43592,43592.00,0,,
directory_depth_3,rigidmodels\buildings\hef_hero_wall_01_arch,1,1,100.00,0,0.00,0,0.00,0,0.00,0,0.00,51904,1,51904,51904,51904,51904.00,0,,
directory_depth_3,rigidmodels\buildings\hef_hero_wall_01_arch_slope_01,1,1,100.00,0,0.00,0,0.00,0,0.00,0,0.00,51812,1,51812,51812,51812,51812.00,0,,
directory_depth_3,rigidmodels\buildings\hef_hero_wall_01_curved,1,1,100.00,0,0.00,0,0.00,0,0.00,0,0.00,42162,1,42162,42162,42162,42162.00,0,,
directory_depth_3,rigidmodels\buildings\hef_hero_wall_01_curved_destroyed,2,2,100.00,0,0.00,0,0.00,0,0.00,0,0.00,61726,2,61726,29970,31756,30863.00,0,,
directory_depth_3,rigidmodels\buildings\hef_hero_wall_01_destroyed,2,2,100.00,0,0.00,0,0.00,0,0.00,0,0.00,40660,2,40660,20082,20578,20330.00,0,,
directory_depth_3,rigidmodels\buildings\hef_hero_wall_01_destroyed_fragment,3,3,100.00,0,0.00,0,0.00,0,0.00,0,0.00,20312,3,20312,4120,8440,6770.67,0,,
directory_depth_3,rigidmodels\buildings\hef_hero_wall_01_slope_35_down,1,1,100.00,0,0.00,0,0.00,0,0.00,0,0.00,30316,1,30316,30316,30316,30316.00,0,,
directory_depth_3,rigidmodels\buildings\hef_hero_wall_01_slope_35_up,1,1,100.00,0,0.00,0,0.00,0,0.00,0,0.00,30708,1,30708,30708,30708,30708.00,0,,
directory_depth_3,rigidmodels\buildings\hef_hero_wall_01_slope_down,1,1,100.00,0,0.00,0,0.00,0,0.00,0,0.00,27920,1,27920,27920,27920,27920.00,0,,
directory_depth_3,rigidmodels\buildings\hef_hero_wall_01_slope_up,1,1,100.00,0,0.00,0,0.00,0,0.00,0,0.00,28200,1,28200,28200,28200,28200.00,0,,
directory_depth_3,rigidmodels\buildings\hef_hero_wall_02_curved,1,1,100.00,0,0.00,0,0.00,0,0.00,0,0.00,40052,1,40052,40052,40052,40052.00,0,,
directory_depth_3,rigidmodels\buildings\hef_hero_wall_decoration_01,1,1,100.00,0,0.00,0,0.00,0,0.00,0,0.00,68656,1,68656,68656,68656,68656.00,0,,
directory_depth_3,rigidmodels\buildings\hef_hero_wall_support_01,1,1,100.00,0,0.00,0,0.00,0,0.00,0,0.00,17482,1,17482,17482,17482,17482.00,0,,
directory_depth_3,rigidmodels\buildings\hef_hero_wall_support_02,1,1,100.00,0,0.00,0,0.00,0,0.00,0,0.00,23856,1,23856,23856,23856,23856.00,0,,
directory_depth_3,rigidmodels\buildings\hef_infield_arch_01,4,4,100.00,0,0.00,0,0.00,0,0.00,0,0.00,347560,4,347560,12588,138844,86890.00,0,,
directory_depth_3,rigidmodels\buildings\hef_infield_balcony_01,1,1,100.00,0,0.00,0,0.00,0,0.00,0,0.00,32538,1,32538,32538,32538,32538.00,0,,
directory_depth_3,rigidmodels\buildings\hef_infield_bench_01,3,3,100.00,0,0.00,0,0.00,0,0.00,0,0.00,420446,3,420446,131706,155058,140148.67,0,,
directory_depth_3,rigidmodels\buildings\hef_infield_door_01,1,1,100.00,0,0.00,0,0.00,0,0.00,0,0.00,23684,1,23684,23684,23684,23684.00,0,,
directory_depth_3,rigidmodels\buildings\hef_infield_fence_01,3,3,100.00,0,0.00,0,0.00,0,0.00,0,0.00,424256,3,424256,82248,187110,141418.67,0,,
directory_depth_3,rigidmodels\buildings\hef_infield_fence_01_curved,3,3,100.00,0,0.00,0,0.00,0,0.00,0,0.00,391100,3,391100,73164,190564,130366.67,0,,
directory_depth_3,rigidmodels\buildings\hef_infield_fence_02_curved,1,1,100.00,0,0.00,0,0.00,0,0.00,0,0.00,28888,1,28888,28888,28888,28888.00,0,,
directory_depth_3,rigidmodels\buildings\hef_infield_fence_02_end,1,1,100.00,0,0.00,0,0.00,0,0.00,0,0.00,23104,1,23104,23104,23104,23104.00,0,,
directory_depth_3,rigidmodels\buildings\hef_infield_fence_02_straight,1,1,100.00,0,0.00,0,0.00,0,0.00,0,0.00,13488,1,13488,13488,13488,13488.00,0,,
directory_depth_3,rigidmodels\buildings\hef_infield_fence_03,1,1,100.00,0,0.00,0,0.00,0,0.00,0,0.00,75620,1,75620,75620,75620,75620.00,0,,
directory_depth_3,rigidmodels\buildings\hef_infield_fence_03_curved,1,1,100.00,0,0.00,0,0.00,0,0.00,0,0.00,79792,1,79792,79792,79792,79792.00,0,,
directory_depth_3,rigidmodels\buildings\hef_infield_fire_brazier_01,3,3,100.00,0,0.00,0,0.00,0,0.00,0,0.00,636874,3,636874,153736,280704,212291.33,0,,
directory_depth_3,rigidmodels\buildings\hef_infield_flowerbed_01,3,3,100.00,0,0.00,0,0.00,0,0.00,0,0.00,339270,3,339270,101130,123800,113090.00,0,,
directory_depth_3,rigidmodels\buildings\hef_infield_fountain_01,3,3,100.00,0,0.00,0,0.00,0,0.00,0,0.00,1315584,3,1315584,365278,481440,438528.00,0,,
directory_depth_3,rigidmodels\buildings\hef_infield_house_01,1,1,100.00,0,0.00,0,0.00,0,0.00,0,0.00,446860,1,446860,446860,446860,446860.00,0,,
directory_depth_3,rigidmodels\buildings\hef_infield_house_02,1,1,100.00,0,0.00,0,0.00,0,0.00,0,0.00,840074,1,840074,840074,840074,840074.00,0,,
directory_depth_3,rigidmodels\buildings\hef_infield_house_03,1,1,100.00,0,0.00,0,0.00,0,0.00,0,0.00,737978,1,737978,737978,737978,737978.00,0,,
directory_depth_3,rigidmodels\buildings\hef_infield_house_04,1,1,100.00,0,0.00,0,0.00,0,0.00,0,0.00,222002,1,222002,222002,222002,222002.00,0,,
directory_depth_3,rigidmodels\buildings\hef_infield_house_04_destroyed,3,3,100.00,0,0.00,0,0.00,0,0.00,0,0.00,729464,3,729464,125216,307584,243154.67,0,,
directory_depth_3,rigidmodels\buildings\hef_infield_pavillion_01,1,1,100.00,0,0.00,0,0.00,0,0.00,0,0.00,907958,1,907958,907958,907958,907958.00,0,,
directory_depth_3,rigidmodels\buildings\hef_infield_plaza_01,1,1,100.00,0,0.00,0,0.00,0,0.00,0,0.00,227908,1,227908,227908,227908,227908.00,0,,
directory_depth_3,rigidmodels\buildings\hef_infield_sign_post_01,3,3,100.00,0,0.00,0,0.00,0,0.00,0,0.00,903140,3,903140,82676,454304,301046.67,0,,
directory_depth_3,rigidmodels\buildings\hef_infield_street_light_01,3,3,100.00,0,0.00,0,0.00,0,0.00,0,0.00,580494,3,580494,152966,260836,193498.00,0,,
directory_depth_3,rigidmodels\buildings\hef_infield_tower_01,1,1,100.00,0,0.00,0,0.00,0,0.00,0,0.00,554956,1,554956,554956,554956,554956.00,0,,
directory_depth_3,rigidmodels\buildings\hef_plate_01,1,1,100.00,0,0.00,0,0.00,0,0.00,0,0.00,7316,1,7316,7316,7316,7316.00,0,,
directory_depth_3,rigidmodels\buildings\hef_platform_01,1,1,100.00,0,0.00,0,0.00,0,0.00,0,0.00,514928,1,514928,514928,514928,514928.00,0,,
directory_depth_3,rigidmodels\buildings\hef_platform_02_corner_01,1,1,100.00,0,0.00,0,0.00,0,0.00,0,0.00,338572,1,338572,338572,338572,338572.00,0,,
directory_depth_3,rigidmodels\buildings\hef_platform_02_corner_02,1,1,100.00,0,0.00,0,0.00,0,0.00,0,0.00,412666,1,412666,412666,412666,412666.00,0,,
directory_depth_3,rigidmodels\buildings\hef_platform_02_straight_01,1,1,100.00,0,0.00,0,0.00,0,0.00,0,0.00,217446,1,217446,217446,217446,217446.00,0,,
directory_depth_3,rigidmodels\buildings\hef_platform_03,1,1,100.00,0,0.00,0,0.00,0,0.00,0,0.00,327760,1,327760,327760,327760,327760.00,0,,
directory_depth_3,rigidmodels\buildings\hef_platform_04_corner_01,1,1,100.00,0,0.00,0,0.00,0,0.00,0,0.00,337940,1,337940,337940,337940,337940.00,0,,
directory_depth_3,rigidmodels\buildings\hef_platform_04_corner_02,1,1,100.00,0,0.00,0,0.00,0,0.00,0,0.00,420198,1,420198,420198,420198,420198.00,0,,
directory_depth_3,rigidmodels\buildings\hef_platform_04_straight_01,1,1,100.00,0,0.00,0,0.00,0,0.00,0,0.00,218932,1,218932,218932,218932,218932.00,0,,
directory_depth_3,rigidmodels\buildings\hef_platform_inset_01,1,1,100.00,0,0.00,0,0.00,0,0.00,0,0.00,15820,1,15820,15820,15820,15820.00,0,,
directory_depth_3,rigidmodels\buildings\hef_platform_inset_02,1,1,100.00,0,0.00,0,0.00,0,0.00,0,0.00,55520,1,55520,55520,55520,55520.00,0,,
directory_depth_3,rigidmodels\buildings\hef_platform_inset_03,1,1,100.00,0,0.00,0,0.00,0,0.00,0,0.00,11152,1,11152,11152,11152,11152.00,0,,
directory_depth_3,rigidmodels\buildings\hef_platform_inset_04,1,1,100.00,0,0.00,0,0.00,0,0.00,0,0.00,20578,1,20578,20578,20578,20578.00,0,,
directory_depth_3,rigidmodels\buildings\hef_platform_inset_05,1,1,100.00,0,0.00,0,0.00,0,0.00,0,0.00,5256,1,5256,5256,5256,5256.00,0,,
directory_depth_3,rigidmodels\buildings\hef_platform_inset_06,1,1,100.00,0,0.00,0,0.00,0,0.00,0,0.00,9932,1,9932,9932,9932,9932.00,0,,
directory_depth_3,rigidmodels\buildings\hef_pole_01,3,3,100.00,0,0.00,0,0.00,0,0.00,0,0.00,82586,3,82586,22300,31314,27528.67,0,,
directory_depth_3,rigidmodels\buildings\hef_pole_02,3,3,100.00,0,0.00,0,0.00,0,0.00,0,0.00,85396,3,85396,24420,31894,28465.33,0,,
directory_depth_3,rigidmodels\buildings\hef_pole_03,2,2,100.00,0,0.00,0,0.00,0,0.00,0,0.00,30168,2,30168,12136,18032,15084.00,0,,
directory_depth_3,rigidmodels\buildings\hef_pole_flag_01,3,3,100.00,0,0.00,0,0.00,0,0.00,0,0.00,126210,3,126210,34060,47776,42070.00,0,,
directory_depth_3,rigidmodels\buildings\hef_pole_flag_02,3,3,100.00,0,0.00,0,0.00,0,0.00,0,0.00,128414,3,128414,31124,53722,42804.67,0,,
directory_depth_3,rigidmodels\buildings\hef_pole_flag_03,3,3,100.00,0,0.00,0,0.00,0,0.00,0,0.00,100494,3,100494,31312,37286,33498.00,0,,
directory_depth_3,rigidmodels\buildings\hef_rockpillar_01,1,1,100.00,0,0.00,0,0.00,0,0.00,0,0.00,472920,1,472920,472920,472920,472920.00,0,,
directory_depth_3,rigidmodels\buildings\hef_rockpillar_02,1,1,100.00,0,0.00,0,0.00,0,0.00,0,0.00,366960,1,366960,366960,366960,366960.00,0,,
directory_depth_3,rigidmodels\buildings\hef_rockpillar_chunk_01,1,1,100.00,0,0.00,0,0.00,0,0.00,0,0.00,85432,1,85432,85432,85432,85432.00,0,,
directory_depth_3,rigidmodels\buildings\hef_rockpillar_chunk_02,1,1,100.00,0,0.00,0,0.00,0,0.00,0,0.00,93632,1,93632,93632,93632,93632.00,0,,
directory_depth_3,rigidmodels\buildings\hef_rubble_01,1,1,100.00,0,0.00,0,0.00,0,0.00,0,0.00,139324,1,139324,139324,139324,139324.00,0,,
directory_depth_3,rigidmodels\buildings\hef_rubble_02,1,1,100.00,0,0.00,0,0.00,0,0.00,0,0.00,139324,1,139324,139324,139324,139324.00,0,,
directory_depth_3,rigidmodels\buildings\hef_ruins_bridge_curved_01,1,1,100.00,0,0.00,0,0.00,0,0.00,0,0.00,192640,1,192640,192640,192640,192640.00,0,,
directory_depth_3,rigidmodels\buildings\hef_shelf_01,3,3,100.00,0,0.00,0,0.00,0,0.00,0,0.00,534544,3,534544,130668,225932,178181.33,0,,
directory_depth_3,rigidmodels\buildings\hef_shelf_02,3,3,100.00,0,0.00,0,0.00,0,0.00,0,0.00,131530,3,131530,28718,51470,43843.33,0,,
directory_depth_3,rigidmodels\buildings\hef_shelf_03,1,1,100.00,0,0.00,0,0.00,0,0.00,0,0.00,122524,1,122524,122524,122524,122524.00,0,,
directory_depth_3,rigidmodels\buildings\hef_siege_tower_15m,12,12,100.00,0,0.00,0,0.00,0,0.00,0,0.00,3547552,12,3547552,8440,1545724,295629.33,0,,
directory_depth_3,rigidmodels\buildings\hef_small_bridge_01,1,1,100.00,0,0.00,0,0.00,0,0.00,0,0.00,824930,1,824930,824930,824930,824930.00,0,,
directory_depth_3,rigidmodels\buildings\hef_small_bridge_02,1,1,100.00,0,0.00,0,0.00,0,0.00,0,0.00,977804,1,977804,977804,977804,977804.00,0,,
directory_depth_3,rigidmodels\buildings\hef_stairs_curved_01,1,1,100.00,0,0.00,0,0.00,0,0.00,0,0.00,129012,1,129012,129012,129012,129012.00,0,,
directory_depth_3,rigidmodels\buildings\hef_stairs_curved_02,1,1,100.00,0,0.00,0,0.00,0,0.00,0,0.00,129012,1,129012,129012,129012,129012.00,0,,
directory_depth_3,rigidmodels\buildings\hef_stairs_straight_01,1,1,100.00,0,0.00,0,0.00,0,0.00,0,0.00,151432,1,151432,151432,151432,151432.00,0,,
directory_depth_3,rigidmodels\buildings\hef_statue_01,3,3,100.00,0,0.00,0,0.00,0,0.00,0,0.00,773606,3,773606,238498,268656,257868.67,0,,
directory_depth_3,rigidmodels\buildings\hef_statue_eagle_01,1,1,100.00,0,0.00,0,0.00,0,0.00,0,0.00,358700,1,358700,358700,358700,358700.00,0,,
directory_depth_3,rigidmodels\buildings\hef_statue_female_01,1,1,100.00,0,0.00,0,0.00,0,0.00,0,0.00,631668,1,631668,631668,631668,631668.00,0,,
directory_depth_3,rigidmodels\buildings\hef_statue_female_02,1,1,100.00,0,0.00,0,0.00,0,0.00,0,0.00,495904,1,495904,495904,495904,495904.00,0,,
directory_depth_3,rigidmodels\buildings\hef_tent_01,3,3,100.00,0,0.00,0,0.00,0,0.00,0,0.00,330372,3,330372,67918,150290,110124.00,0,,
directory_depth_3,rigidmodels\buildings\hef_tent_02,3,3,100.00,0,0.00,0,0.00,0,0.00,0,0.00,233156,3,233156,46356,105480,77718.67,0,,
directory_depth_3,rigidmodels\buildings\hef_tent_03,3,3,100.00,0,0.00,0,0.00,0,0.00,0,0.00,167056,3,167056,6244,100364,55685.33,0,,
directory_depth_3,rigidmodels\buildings\hef_tent_04,3,3,100.00,0,0.00,0,0.00,0,0.00,0,0.00,157208,3,157208,6288,95808,52402.67,0,,
directory_depth_3,rigidmodels\buildings\hef_tent_05,3,3,100.00,0,0.00,0,0.00,0,0.00,0,0.00,138368,3,138368,33756,57188,46122.67,0,,
directory_depth_3,rigidmodels\buildings\hef_tent_06,3,3,100.00,0,0.00,0,0.00,0,0.00,0,0.00,90860,3,90860,6420,58160,30286.67,0,,
directory_depth_3,rigidmodels\buildings\hef_tent_07,3,3,100.00,0,0.00,0,0.00,0,0.00,0,0.00,71084,3,71084,6332,42912,23694.67,0,,
directory_depth_3,rigidmodels\buildings\hef_tent_08,3,3,100.00,0,0.00,0,0.00,0,0.00,0,0.00,302014,3,302014,68948,140630,100671.33,0,,
directory_depth_3,rigidmodels\buildings\hef_tower_base_01,1,1,100.00,0,0.00,0,0.00,0,0.00,0,0.00,251790,1,251790,251790,251790,251790.00,0,,
directory_depth_3,rigidmodels\buildings\hef_tower_base_02,1,1,100.00,0,0.00,0,0.00,0,0.00,0,0.00,302508,1,302508,302508,302508,302508.00,0,,
directory_depth_3,rigidmodels\buildings\hef_tower_base_03,1,1,100.00,0,0.00,0,0.00,0,0.00,0,0.00,315240,1,315240,315240,315240,315240.00,0,,
directory_depth_3,rigidmodels\buildings\hef_tower_capital_01,3,3,100.00,0,0.00,0,0.00,0,0.00,0,0.00,340212,3,340212,40484,171352,113404.00,0,,
directory_depth_3,rigidmodels\buildings\hef_tower_capital_02,3,3,100.00,0,0.00,0,0.00,0,0.00,0,0.00,508074,3,508074,142016,202040,169358.00,0,,
directory_depth_3,rigidmodels\buildings\hef_tower_capital_03,3,3,100.00,0,0.00,0,0.00,0,0.00,0,0.00,490418,3,490418,82846,226680,163472.67,0,,
directory_depth_3,rigidmodels\buildings\hef_tower_capital_04,3,3,100.00,0,0.00,0,0.00,0,0.00,0,0.00,324268,3,324268,49528,161236,108089.33,0,,
directory_depth_3,rigidmodels\buildings\hef_tower_placement_01,3,3,100.00,0,0.00,0,0.00,0,0.00,0,0.00,3242734,3,3242734,595052,1862792,1080911.33,0,,
directory_depth_3,rigidmodels\buildings\hef_tower_placement_02,3,3,100.00,0,0.00,0,0.00,0,0.00,0,0.00,3242734,3,3242734,595052,1862792,1080911.33,0,,
directory_depth_3,rigidmodels\buildings\hef_tower_placement_03,3,3,100.00,0,0.00,0,0.00,0,0.00,0,0.00,3242734,3,3242734,595052,1862792,1080911.33,0,,
directory_depth_3,rigidmodels\buildings\hef_tower_placement_04,3,3,100.00,0,0.00,0,0.00,0,0.00,0,0.00,3242734,3,3242734,595052,1862792,1080911.33,0,,
directory_depth_3,rigidmodels\buildings\hef_tower_shaft_01,1,1,100.00,0,0.00,0,0.00,0,0.00,0,0.00,155690,1,155690,155690,155690,155690.00,0,,
directory_depth_3,rigidmodels\buildings\hef_tower_shaft_02,1,1,100.00,0,0.00,0,0.00,0,0.00,0,0.00,64680,1,64680,64680,64680,64680.00,0,,
directory_depth_3,rigidmodels\buildings\hef_tower_shaft_03,1,1,100.00,0,0.00,0,0.00,0,0.00,0,0.00,46740,1,46740,46740,46740,46740.00,0,,
directory_depth_3,rigidmodels\buildings\hef_wall_angled_joiner,1,1,100.00,0,0.00,0,0.00,0,0.00,0,0.00,115740,1,115740,115740,115740,115740.00,0,,
directory_depth_3,rigidmodels\buildings\hef_wall_angled_to_grid_joiner,3,3,100.00,0,0.00,0,0.00,0,0.00,0,0.00,3507372,3,3507372,236650,2810836,1169124.00,0,,
directory_depth_3,rigidmodels\buildings\hef_wall_corner_90_exter,1,1,100.00,0,0.00,0,0.00,0,0.00,0,0.00,707814,1,707814,707814,707814,707814.00,0,,
directory_depth_3,rigidmodels\buildings\hef_wall_corner_90_inter,1,1,100.00,0,0.00,0,0.00,0,0.00,0,0.00,658456,1,658456,658456,658456,658456.00,0,,
directory_depth_3,rigidmodels\buildings\hef_wall_gatehouse_60,10,10,100.00,0,0.00,0,0.00,0,0.00,0,0.00,8033274,10,8033274,131528,2737518,803327.40,0,,
directory_depth_3,rigidmodels\buildings\hef_wall_grid_to_angled_joiner,3,3,100.00,0,0.00,0,0.00,0,0.00,0,0.00,3465320,3,3465320,221312,2781550,1155106.67,0,,
directory_depth_3,rigidmodels\buildings\hef_wall_machicolation_01,1,1,100.00,0,0.00,0,0.00,0,0.00,0,0.00,53254,1,53254,53254,53254,53254.00,0,,
directory_depth_3,rigidmodels\buildings\hef_wall_merlon_01,1,1,100.00,0,0.00,0,0.00,0,0.00,0,0.00,11524,1,11524,11524,11524,11524.00,0,,
directory_depth_3,rigidmodels\buildings\hef_wall_merlon_02,3,3,100.00,0,0.00,0,0.00,0,0.00,0,0.00,67012,3,67012,4572,44884,22337.33,0,,
directory_depth_3,rigidmodels\buildings\hef_wall_stepdown_15m,1,1,100.00,0,0.00,0,0.00,0,0.00,0,0.00,1749316,1,1749316,1749316,1749316,1749316.00,0,,
directory_depth_3,rigidmodels\buildings\hef_wall_straight_20,3,3,100.00,0,0.00,0,0.00,0,0.00,0,0.00,2158696,3,2158696,417916,1193250,719565.33,0,,
directory_depth_3,rigidmodels\buildings\hef_wall_straight_20_blocked,1,1,100.00,0,0.00,0,0.00,0,0.00,0,0.00,1437034,1,1437034,1437034,1437034,1437034.00,0,,
directory_depth_3,rigidmodels\buildings\hef_wall_tower,3,3,100.00,0,0.00,0,0.00,0,0.00,0,0.00,3318504,3,3318504,573158,1653568,1106168.00,0,,
directory_depth_3,rigidmodels\buildings\hef_wall_tower_01,2,2,100.00,0,0.00,0,0.00,0,0.00,0,0.00,2745346,2,2745346,1091778,1653568,1372673.00,0,,
directory_depth_3,rigidmodels\buildings\hef_wall_tower_02,2,2,100.00,0,0.00,0,0.00,0,0.00,0,0.00,2745346,2,2745346,1091778,1653568,1372673.00,0,,
directory_depth_3,rigidmodels\buildings\hef_wall_tower_03,2,2,100.00,0,0.00,0,0.00,0,0.00,0,0.00,2745346,2,2745346,1091778,1653568,1372673.00,0,,
directory_depth_3,rigidmodels\buildings\hef_waystone_01,3,3,100.00,0,0.00,0,0.00,0,0.00,0,0.00,104488,3,104488,19012,60764,34829.33,0,,
directory_depth_3,rigidmodels\buildings\hef_waystone_02,3,3,100.00,0,0.00,0,0.00,0,0.00,0,0.00,104488,3,104488,19012,60764,34829.33,0,,
directory_depth_3,rigidmodels\buildings\hef_waystone_03,3,3,100.00,0,0.00,0,0.00,0,0.00,0,0.00,104800,3,104800,19324,60764,34933.33,0,,
directory_depth_3,rigidmodels\buildings\ice_skull_mtn_a,1,1,100.00,0,0.00,0,0.00,0,0.00,0,0.00,94594,1,94594,94594,94594,94594.00,0,,
directory_depth_3,rigidmodels\buildings\ice_skull_mtn_b,1,1,100.00,0,0.00,0,0.00,0,0.00,0,0.00,128572,1,128572,128572,128572,128572.00,0,,
directory_depth_3,rigidmodels\buildings\ice_skull_mtn_c,1,1,100.00,0,0.00,0,0.00,0,0.00,0,0.00,128436,1,128436,128436,128436,128436.00,0,,
directory_depth_3,rigidmodels\buildings\iod_statue_01,3,3,100.00,0,0.00,0,0.00,0,0.00,0,0.00,773606,3,773606,238498,268656,257868.67,0,,
directory_depth_3,rigidmodels\buildings\iod_statue_02,1,1,100.00,0,0.00,0,0.00,0,0.00,0,0.00,52106,1,52106,52106,52106,52106.00,0,,
directory_depth_3,rigidmodels\buildings\iod_statue_03,1,1,100.00,0,0.00,0,0.00,0,0.00,0,0.00,60356,1,60356,60356,60356,60356.00,0,,
directory_depth_3,rigidmodels\buildings\iod_waystone_01,1,1,100.00,0,0.00,0,0.00,0,0.00,0,0.00,11332,1,11332,11332,11332,11332.00,0,,
directory_depth_3,rigidmodels\buildings\iod_waystone_02,1,1,100.00,0,0.00,0,0.00,0,0.00,0,0.00,13656,1,13656,13656,13656,13656.00,0,,
directory_depth_3,rigidmodels\buildings\iod_waystone_03,1,1,100.00,0,0.00,0,0.00,0,0.00,0,0.00,11116,1,11116,11116,11116,11116.00,0,,
directory_depth_3,rigidmodels\buildings\kho_barricade_blocker_01,2,2,100.00,0,0.00,0,0.00,0,0.00,0,0.00,188730,2,188730,91654,97076,94365.00,0,,
directory_depth_3,rigidmodels\buildings\kho_barricade_monument_01,2,2,100.00,0,0.00,0,0.00,0,0.00,0,0.00,25520,2,25520,12716,12804,12760.00,0,,
directory_depth_3,rigidmodels\buildings\kho_barricade_platform_01,3,3,100.00,0,0.00,0,0.00,0,0.00,0,0.00,1117144,3,1117144,318532,441652,372381.33,0,,
directory_depth_3,rigidmodels\buildings\kho_barricade_trap_01,2,2,100.00,0,0.00,0,0.00,0,0.00,0,0.00,530814,2,530814,247504,283310,265407.00,0,,
directory_depth_3,rigidmodels\buildings\kho_batteringram,7,7,100.00,0,0.00,0,0.00,0,0.00,0,0.00,2105458,7,2105458,62616,891994,300779.71,0,,
directory_depth_3,rigidmodels\buildings\kho_siege_tower_15m,23,23,100.00,0,0.00,0,0.00,0,0.00,0,0.00,4144728,23,4144728,20772,1653330,180205.57,0,,
directory_depth_3,rigidmodels\buildings\kho_tower_placement_01,3,3,100.00,0,0.00,0,0.00,0,0.00,0,0.00,3242734,3,3242734,595052,1862792,1080911.33,0,,
directory_depth_3,rigidmodels\buildings\kho_tower_placement_02,3,3,100.00,0,0.00,0,0.00,0,0.00,0,0.00,3242734,3,3242734,595052,1862792,1080911.33,0,,
directory_depth_3,rigidmodels\buildings\kho_tower_placement_03,3,3,100.00,0,0.00,0,0.00,0,0.00,0,0.00,3242734,3,3242734,595052,1862792,1080911.33,0,,
directory_depth_3,rigidmodels\buildings\kho_tower_placement_04,3,3,100.00,0,0.00,0,0.00,0,0.00,0,0.00,3242734,3,3242734,595052,1862792,1080911.33,0,,
directory_depth_3,rigidmodels\buildings\kho_wall_tower,3,3,100.00,0,0.00,0,0.00,0,0.00,0,0.00,3418312,3,3418312,920836,1433836,1139437.33,0,,
directory_depth_3,rigidmodels\buildings\kho_wall_tower_01,3,3,100.00,0,0.00,0,0.00,0,0.00,0,0.00,3418312,3,3418312,920836,1433836,1139437.33,0,,
directory_depth_3,rigidmodels\buildings\kho_wall_tower_02,3,3,100.00,0,0.00,0,0.00,0,0.00,0,0.00,3418312,3,3418312,920836,1433836,1139437.33,0,,
directory_depth_3,rigidmodels\buildings\kho_wall_tower_03,3,3,100.00,0,0.00,0,0.00,0,0.00,0,0.00,3418312,3,3418312,920836,1433836,1139437.33,0,,
directory_depth_3,rigidmodels\buildings\ksl_barricade_blocker_01,2,2,100.00,0,0.00,0,0.00,0,0.00,0,0.00,188730,2,188730,91654,97076,94365.00,0,,
directory_depth_3,rigidmodels\buildings\ksl_barricade_monument_01,2,2,100.00,0,0.00,0,0.00,0,0.00,0,0.00,25520,2,25520,12716,12804,12760.00,0,,
directory_depth_3,rigidmodels\buildings\ksl_barricade_platform_01,3,3,100.00,0,0.00,0,0.00,0,0.00,0,0.00,1117144,3,1117144,318532,441652,372381.33,0,,
directory_depth_3,rigidmodels\buildings\ksl_barricade_trap_01,2,2,100.00,0,0.00,0,0.00,0,0.00,0,0.00,530814,2,530814,247504,283310,265407.00,0,,
directory_depth_3,rigidmodels\buildings\ksl_batteringram,7,7,100.00,0,0.00,0,0.00,0,0.00,0,0.00,1088970,7,1088970,39632,487950,155567.14,0,,
directory_depth_3,rigidmodels\buildings\ksl_battlement_01,1,1,100.00,0,0.00,0,0.00,0,0.00,0,0.00,80108,1,80108,80108,80108,80108.00,0,,
directory_depth_3,rigidmodels\buildings\ksl_battlement_02,1,1,100.00,0,0.00,0,0.00,0,0.00,0,0.00,187722,1,187722,187722,187722,187722.00,0,,
directory_depth_3,rigidmodels\buildings\ksl_battlement_03,1,1,100.00,0,0.00,0,0.00,0,0.00,0,0.00,170232,1,170232,170232,170232,170232.00,0,,
directory_depth_3,rigidmodels\buildings\ksl_battlement_add_01,1,1,100.00,0,0.00,0,0.00,0,0.00,0,0.00,55984,1,55984,55984,55984,55984.00,0,,
directory_depth_3,rigidmodels\buildings\ksl_battlement_add_02,1,1,100.00,0,0.00,0,0.00,0,0.00,0,0.00,63398,1,63398,63398,63398,63398.00,0,,
directory_depth_3,rigidmodels\buildings\ksl_battlement_base_01,1,1,100.00,0,0.00,0,0.00,0,0.00,0,0.00,115968,1,115968,115968,115968,115968.00,0,,
directory_depth_3,rigidmodels\buildings\ksl_battlement_base_02,1,1,100.00,0,0.00,0,0.00,0,0.00,0,0.00,143734,1,143734,143734,143734,143734.00,0,,
directory_depth_3,rigidmodels\buildings\ksl_battlement_base_03,1,1,100.00,0,0.00,0,0.00,0,0.00,0,0.00,207714,1,207714,207714,207714,207714.00,0,,
directory_depth_3,rigidmodels\buildings\ksl_battlement_base_04,1,1,100.00,0,0.00,0,0.00,0,0.00,0,0.00,159378,1,159378,159378,159378,159378.00,0,,
directory_depth_3,rigidmodels\buildings\ksl_battlement_butt_01,1,1,100.00,0,0.00,0,0.00,0,0.00,0,0.00,36632,1,36632,36632,36632,36632.00,0,,
directory_depth_3,rigidmodels\buildings\ksl_battlement_corner_01,1,1,100.00,0,0.00,0,0.00,0,0.00,0,0.00,146672,1,146672,146672,146672,146672.00,0,,
directory_depth_3,rigidmodels\buildings\ksl_bedrock_exposed_01,1,1,100.00,0,0.00,0,0.00,0,0.00,0,0.00,83198,1,83198,83198,83198,83198.00,0,,
directory_depth_3,rigidmodels\buildings\ksl_bedrock_exposed_02,1,1,100.00,0,0.00,0,0.00,0,0.00,0,0.00,72958,1,72958,72958,72958,72958.00,0,,
directory_depth_3,rigidmodels\buildings\ksl_bedrock_exposed_03,1,1,100.00,0,0.00,0,0.00,0,0.00,0,0.00,38724,1,38724,38724,38724,38724.00,0,,
directory_depth_3,rigidmodels\buildings\ksl_bedrock_exposed_04,1,1,100.00,0,0.00,0,0.00,0,0.00,0,0.00,125526,1,125526,125526,125526,125526.00,0,,
directory_depth_3,rigidmodels\buildings\ksl_boris_frozen_01,1,1,100.00,0,0.00,0,0.00,0,0.00,0,0.00,1151262,1,1151262,1151262,1151262,1151262.00,0,,
directory_depth_3,rigidmodels\buildings\ksl_boulder_01,1,1,100.00,0,0.00,0,0.00,0,0.00,0,0.00,41552,1,41552,41552,41552,41552.00,0,,
directory_depth_3,rigidmodels\buildings\ksl_boulder_02,1,1,100.00,0,0.00,0,0.00,0,0.00,0,0.00,66588,1,66588,66588,66588,66588.00,0,,
directory_depth_3,rigidmodels\buildings\ksl_boulder_03,1,1,100.00,0,0.00,0,0.00,0,0.00,0,0.00,76704,1,76704,76704,76704,76704.00,0,,
directory_depth_3,rigidmodels\buildings\ksl_boulder_04,1,1,100.00,0,0.00,0,0.00,0,0.00,0,0.00,96196,1,96196,96196,96196,96196.00,0,,
directory_depth_3,rigidmodels\buildings\ksl_boulder_05,1,1,100.00,0,0.00,0,0.00,0,0.00,0,0.00,29740,1,29740,29740,29740,29740.00,0,,
directory_depth_3,rigidmodels\buildings\ksl_boulder_06,1,1,100.00,0,0.00,0,0.00,0,0.00,0,0.00,43736,1,43736,43736,43736,43736.00,0,,
directory_depth_3,rigidmodels\buildings\ksl_boulder_07,1,1,100.00,0,0.00,0,0.00,0,0.00,0,0.00,50896,1,50896,50896,50896,50896.00,0,,
directory_depth_3,rigidmodels\buildings\ksl_boulder_08,1,1,100.00,0,0.00,0,0.00,0,0.00,0,0.00,56056,1,56056,56056,56056,56056.00,0,,
directory_depth_3,rigidmodels\buildings\ksl_boulder_exposed_01,1,1,100.00,0,0.00,0,0.00,0,0.00,0,0.00,30136,1,30136,30136,30136,30136.00,0,,
directory_depth_3,rigidmodels\buildings\ksl_boulder_ground_a,1,1,100.00,0,0.00,0,0.00,0,0.00,0,0.00,201870,1,201870,201870,201870,201870.00,0,,
directory_depth_3,rigidmodels\buildings\ksl_boulder_ground_b,1,1,100.00,0,0.00,0,0.00,0,0.00,0,0.00,178088,1,178088,178088,178088,178088.00,0,,
directory_depth_3,rigidmodels\buildings\ksl_boulder_ground_c,1,1,100.00,0,0.00,0,0.00,0,0.00,0,0.00,256510,1,256510,256510,256510,256510.00,0,,
directory_depth_3,rigidmodels\buildings\ksl_boulder_ground_d,1,1,100.00,0,0.00,0,0.00,0,0.00,0,0.00,192704,1,192704,192704,192704,192704.00,0,,
directory_depth_3,rigidmodels\buildings\ksl_bridge_01,1,1,100.00,0,0.00,0,0.00,0,0.00,0,0.00,108834,1,108834,108834,108834,108834.00,0,,
directory_depth_3,rigidmodels\buildings\ksl_bridge_02,1,1,100.00,0,0.00,0,0.00,0,0.00,0,0.00,192148,1,192148,192148,192148,192148.00,0,,
directory_depth_3,rigidmodels\buildings\ksl_bridge_110m_01,1,1,100.00,0,0.00,0,0.00,0,0.00,0,0.00,1479788,1,1479788,1479788,1479788,1479788.00,0,,
directory_depth_3,rigidmodels\buildings\ksl_bridge_32m_end_01,1,1,100.00,0,0.00,0,0.00,0,0.00,0,0.00,243068,1,243068,243068,243068,243068.00,0,,
directory_depth_3,rigidmodels\buildings\ksl_bridge_buttress_01,1,1,100.00,0,0.00,0,0.00,0,0.00,0,0.00,20406,1,20406,20406,20406,20406.00,0,,
directory_depth_3,rigidmodels\buildings\ksl_bridge_tower_01,1,1,100.00,0,0.00,0,0.00,0,0.00,0,0.00,391792,1,391792,391792,391792,391792.00,0,,
directory_depth_3,rigidmodels\buildings\ksl_cliffblock_01,1,1,100.00,0,0.00,0,0.00,0,0.00,0,0.00,245128,1,245128,245128,245128,245128.00,0,,
directory_depth_3,rigidmodels\buildings\ksl_cliffblock_01_blend,1,1,100.00,0,0.00,0,0.00,0,0.00,0,0.00,245128,1,245128,245128,245128,245128.00,0,,
directory_depth_3,rigidmodels\buildings\ksl_cliffblock_02,1,1,100.00,0,0.00,0,0.00,0,0.00,0,0.00,383984,1,383984,383984,383984,383984.00,0,,
directory_depth_3,rigidmodels\buildings\ksl_cliffblock_02_blend,1,1,100.00,0,0.00,0,0.00,0,0.00,0,0.00,383984,1,383984,383984,383984,383984.00,0,,
directory_depth_3,rigidmodels\buildings\ksl_cliffblock_03,1,1,100.00,0,0.00,0,0.00,0,0.00,0,0.00,243172,1,243172,243172,243172,243172.00,0,,
directory_depth_3,rigidmodels\buildings\ksl_cliffblock_03_blend,1,1,100.00,0,0.00,0,0.00,0,0.00,0,0.00,243172,1,243172,243172,243172,243172.00,0,,
directory_depth_3,rigidmodels\buildings\ksl_defense_wooden_gate_01,1,1,100.00,0,0.00,0,0.00,0,0.00,0,0.00,209744,1,209744,209744,209744,209744.00,0,,
directory_depth_3,rigidmodels\buildings\ksl_dock_stone_01,1,1,100.00,0,0.00,0,0.00,0,0.00,0,0.00,284712,1,284712,284712,284712,284712.00,0,,
directory_depth_3,rigidmodels\buildings\ksl_dock_stone_end_01,1,1,100.00,0,0.00,0,0.00,0,0.00,0,0.00,357278,1,357278,357278,357278,357278.00,0,,
directory_depth_3,rigidmodels\buildings\ksl_dock_stone_high_01,1,1,100.00,0,0.00,0,0.00,0,0.00,0,0.00,285146,1,285146,285146,285146,285146.00,0,,
directory_depth_3,rigidmodels\buildings\ksl_dock_stone_ramp_01,1,1,100.00,0,0.00,0,0.00,0,0.00,0,0.00,287190,1,287190,287190,287190,287190.00,0,,
directory_depth_3,rigidmodels\buildings\ksl_dock_stone_stairs_01,1,1,100.00,0,0.00,0,0.00,0,0.00,0,0.00,391856,1,391856,391856,391856,391856.00,0,,
directory_depth_3,rigidmodels\buildings\ksl_dock_stone_stairs_02,1,1,100.00,0,0.00,0,0.00,0,0.00,0,0.00,396410,1,396410,396410,396410,396410.00,0,,
directory_depth_3,rigidmodels\buildings\ksl_dock_wood_01,1,1,100.00,0,0.00,0,0.00,0,0.00,0,0.00,227336,1,227336,227336,227336,227336.00,0,,
directory_depth_3,rigidmodels\buildings\ksl_dock_wood_high_01,1,1,100.00,0,0.00,0,0.00,0,0.00,0,0.00,203956,1,203956,203956,203956,203956.00,0,,
directory_depth_3,rigidmodels\buildings\ksl_dock_wood_platform_01,1,1,100.00,0,0.00,0,0.00,0,0.00,0,0.00,332460,1,332460,332460,332460,332460.00,0,,
directory_depth_3,rigidmodels\buildings\ksl_dock_wood_ramp_01,1,1,100.00,0,0.00,0,0.00,0,0.00,0,0.00,250760,1,250760,250760,250760,250760.00,0,,
directory_depth_3,rigidmodels\buildings\ksl_dock_wood_stairs_01,1,1,100.00,0,0.00,0,0.00,0,0.00,0,0.00,351766,1,351766,351766,351766,351766.00,0,,
directory_depth_3,rigidmodels\buildings\ksl_farm_hut_wooden_01,1,1,100.00,0,0.00,0,0.00,0,0.00,0,0.00,191148,1,191148,191148,191148,191148.00,0,,
directory_depth_3,rigidmodels\buildings\ksl_farm_hut_wooden_02,1,1,100.00,0,0.00,0,0.00,0,0.00,0,0.00,74502,1,74502,74502,74502,74502.00,0,,
directory_depth_3,rigidmodels\buildings\ksl_farm_hut_wooden_03,1,1,100.00,0,0.00,0,0.00,0,0.00,0,0.00,97028,1,97028,97028,97028,97028.00,0,,
directory_depth_3,rigidmodels\buildings\ksl_farm_mill_01,1,1,100.00,0,0.00,0,0.00,0,0.00,0,0.00,553890,1,553890,553890,553890,553890.00,0,,
directory_depth_3,rigidmodels\buildings\ksl_hero_building_03,1,1,100.00,0,0.00,0,0.00,0,0.00,0,0.00,1298836,1,1298836,1298836,1298836,1298836.00,0,,
directory_depth_3,rigidmodels\buildings\ksl_hero_building_04,1,1,100.00,0,0.00,0,0.00,0,0.00,0,0.00,437774,1,437774,437774,437774,437774.00,0,,
directory_depth_3,rigidmodels\buildings\ksl_hero_building_05,1,1,100.00,0,0.00,0,0.00,0,0.00,0,0.00,513074,1,513074,513074,513074,513074.00,0,,
directory_depth_3,rigidmodels\buildings\ksl_hero_dome_01,1,1,100.00,0,0.00,0,0.00,0,0.00,0,0.00,186116,1,186116,186116,186116,186116.00,0,,
directory_depth_3,rigidmodels\buildings\ksl_hero_dome_02,1,1,100.00,0,0.00,0,0.00,0,0.00,0,0.00,86288,1,86288,86288,86288,86288.00,0,,
directory_depth_3,rigidmodels\buildings\ksl_hero_dome_03,1,1,100.00,0,0.00,0,0.00,0,0.00,0,0.00,148288,1,148288,148288,148288,148288.00,0,,
directory_depth_3,rigidmodels\buildings\ksl_hero_palace_01,1,1,100.00,0,0.00,0,0.00,0,0.00,0,0.00,713186,1,713186,713186,713186,713186.00,0,,
directory_depth_3,rigidmodels\buildings\ksl_hero_palace_02,1,1,100.00,0,0.00,0,0.00,0,0.00,0,0.00,962546,1,962546,962546,962546,962546.00,0,,
directory_depth_3,rigidmodels\buildings\ksl_hero_palace_03,1,1,100.00,0,0.00,0,0.00,0,0.00,0,0.00,1471618,1,1471618,1471618,1471618,1471618.00,0,,
directory_depth_3,rigidmodels\buildings\ksl_hero_palace_04,1,1,100.00,0,0.00,0,0.00,0,0.00,0,0.00,285158,1,285158,285158,285158,285158.00,0,,
directory_depth_3,rigidmodels\buildings\ksl_hero_palace_05,1,1,100.00,0,0.00,0,0.00,0,0.00,0,0.00,315640,1,315640,315640,315640,315640.00,0,,
directory_depth_3,rigidmodels\buildings\ksl_hero_palace_06,1,1,100.00,0,0.00,0,0.00,0,0.00,0,0.00,498402,1,498402,498402,498402,498402.00,0,,
directory_depth_3,rigidmodels\buildings\ksl_hero_palace_07,1,1,100.00,0,0.00,0,0.00,0,0.00,0,0.00,128402,1,128402,128402,128402,128402.00,0,,
directory_depth_3,rigidmodels\buildings\ksl_hero_palace_08,1,1,100.00,0,0.00,0,0.00,0,0.00,0,0.00,36638,1,36638,36638,36638,36638.00,0,,
directory_depth_3,rigidmodels\buildings\ksl_hero_palace_09,1,1,100.00,0,0.00,0,0.00,0,0.00,0,0.00,828850,1,828850,828850,828850,828850.00,0,,
directory_depth_3,rigidmodels\buildings\ksl_hero_palace_10,1,1,100.00,0,0.00,0,0.00,0,0.00,0,0.00,417834,1,417834,417834,417834,417834.00,0,,
directory_depth_3,rigidmodels\buildings\ksl_hero_tower_01,1,1,100.00,0,0.00,0,0.00,0,0.00,0,0.00,403354,1,403354,403354,403354,403354.00,0,,
directory_depth_3,rigidmodels\buildings\ksl_hero_tower_02,1,1,100.00,0,0.00,0,0.00,0,0.00,0,0.00,583512,1,583512,583512,583512,583512.00,0,,
directory_depth_3,rigidmodels\buildings\ksl_hero_tower_03,1,1,100.00,0,0.00,0,0.00,0,0.00,0,0.00,188076,1,188076,188076,188076,188076.00,0,,
directory_depth_3,rigidmodels\buildings\ksl_ice_wall_01,1,1,100.00,0,0.00,0,0.00,0,0.00,0,0.00,96002,1,96002,96002,96002,96002.00,0,,
directory_depth_3,rigidmodels\buildings\ksl_ice_wall_02,1,1,100.00,0,0.00,0,0.00,0,0.00,0,0.00,96078,1,96078,96078,96078,96078.00,0,,
directory_depth_3,rigidmodels\buildings\ksl_ice_wall_03,1,1,100.00,0,0.00,0,0.00,0,0.00,0,0.00,103282,1,103282,103282,103282,103282.00,0,,
directory_depth_3,rigidmodels\buildings\ksl_ice_wall_04,1,1,100.00,0,0.00,0,0.00,0,0.00,0,0.00,96110,1,96110,96110,96110,96110.00,0,,
directory_depth_3,rigidmodels\buildings\ksl_infield_gate_01,1,1,100.00,0,0.00,0,0.00,0,0.00,0,0.00,344840,1,344840,344840,344840,344840.00,0,,
directory_depth_3,rigidmodels\buildings\ksl_infield_house_render_01,1,1,100.00,0,0.00,0,0.00,0,0.00,0,0.00,571860,1,571860,571860,571860,571860.00,0,,
directory_depth_3,rigidmodels\buildings\ksl_infield_house_render_02,1,1,100.00,0,0.00,0,0.00,0,0.00,0,0.00,1141338,1,1141338,1141338,1141338,1141338.00,0,,
directory_depth_3,rigidmodels\buildings\ksl_infield_house_render_03,1,1,100.00,0,0.00,0,0.00,0,0.00,0,0.00,1042712,1,1042712,1042712,1042712,1042712.00,0,,
directory_depth_3,rigidmodels\buildings\ksl_infield_house_wooden_01,1,1,100.00,0,0.00,0,0.00,0,0.00,0,0.00,870120,1,870120,870120,870120,870120.00,0,,
directory_depth_3,rigidmodels\buildings\ksl_infield_house_wooden_02,1,1,100.00,0,0.00,0,0.00,0,0.00,0,0.00,636758,1,636758,636758,636758,636758.00,0,,
directory_depth_3,rigidmodels\buildings\ksl_infield_house_wooden_03,1,1,100.00,0,0.00,0,0.00,0,0.00,0,0.00,822416,1,822416,822416,822416,822416.00,0,,
directory_depth_3,rigidmodels\buildings\ksl_infield_house_wooden_04,1,1,100.00,0,0.00,0,0.00,0,0.00,0,0.00,793690,1,793690,793690,793690,793690.00,0,,
directory_depth_3,rigidmodels\buildings\ksl_infield_house_wooden_05,1,1,100.00,0,0.00,0,0.00,0,0.00,0,0.00,730562,1,730562,730562,730562,730562.00,0,,
directory_depth_3,rigidmodels\buildings\ksl_infield_house_wooden_06,1,1,100.00,0,0.00,0,0.00,0,0.00,0,0.00,747352,1,747352,747352,747352,747352.00,0,,
directory_depth_3,rigidmodels\buildings\ksl_infield_house_wooden_07,1,1,100.00,0,0.00,0,0.00,0,0.00,0,0.00,463696,1,463696,463696,463696,463696.00,0,,
directory_depth_3,rigidmodels\buildings\ksl_infield_house_wooden_08,1,1,100.00,0,0.00,0,0.00,0,0.00,0,0.00,707168,1,707168,707168,707168,707168.00,0,,
directory_depth_3,rigidmodels\buildings\ksl_infield_house_wooden_09,1,1,100.00,0,0.00,0,0.00,0,0.00,0,0.00,841626,1,841626,841626,841626,841626.00,0,,
directory_depth_3,rigidmodels\buildings\ksl_infield_house_wooden_10,1,1,100.00,0,0.00,0,0.00,0,0.00,0,0.00,852688,1,852688,852688,852688,852688.00,0,,
directory_depth_3,rigidmodels\buildings\ksl_infield_house_wooden_11,1,1,100.00,0,0.00,0,0.00,0,0.00,0,0.00,558068,1,558068,558068,558068,558068.00,0,,
directory_depth_3,rigidmodels\buildings\ksl_infield_temple_01,1,1,100.00,0,0.00,0,0.00,0,0.00,0,0.00,930742,1,930742,930742,930742,930742.00,0,,
directory_depth_3,rigidmodels\buildings\ksl_infield_temple_02,1,1,100.00,0,0.00,0,0.00,0,0.00,0,0.00,124336,1,124336,124336,124336,124336.00,0,,
directory_depth_3,rigidmodels\buildings\ksl_infield_temple_03,1,1,100.00,0,0.00,0,0.00,0,0.00,0,0.00,1028720,1,1028720,1028720,1028720,1028720.00,0,,
directory_depth_3,rigidmodels\buildings\ksl_infield_tower_01,1,1,100.00,0,0.00,0,0.00,0,0.00,0,0.00,316760,1,316760,316760,316760,316760.00,0,,
directory_depth_3,rigidmodels\buildings\ksl_infield_tower_03,1,1,100.00,0,0.00,0,0.00,0,0.00,0,0.00,868314,1,868314,868314,868314,868314.00,0,,
directory_depth_3,rigidmodels\buildings\ksl_infield_wall_minor_01,1,1,100.00,0,0.00,0,0.00,0,0.00,0,0.00,152432,1,152432,152432,152432,152432.00,0,,
directory_depth_3,rigidmodels\buildings\ksl_infield_wall_minor_gate_01,1,1,100.00,0,0.00,0,0.00,0,0.00,0,0.00,228304,1,228304,228304,228304,228304.00,0,,
directory_depth_3,rigidmodels\buildings\ksl_infield_wall_minor_tower_rnd_01,1,1,100.00,0,0.00,0,0.00,0,0.00,0,0.00,214098,1,214098,214098,214098,214098.00,0,,
directory_depth_3,rigidmodels\buildings\ksl_infield_wooden_door_01,1,1,100.00,0,0.00,0,0.00,0,0.00,0,0.00,6956,1,6956,6956,6956,6956.00,0,,
directory_depth_3,rigidmodels\buildings\ksl_infield_wooden_stairs_01,1,1,100.00,0,0.00,0,0.00,0,0.00,0,0.00,229200,1,229200,229200,229200,229200.00,0,,
directory_depth_3,rigidmodels\buildings\ksl_merlon_01,3,3,100.00,0,0.00,0,0.00,0,0.00,0,0.00,58410,3,58410,2556,33724,19470.00,0,,
directory_depth_3,rigidmodels\buildings\ksl_merlon_02,3,3,100.00,0,0.00,0,0.00,0,0.00,0,0.00,129904,3,129904,2556,68890,43301.33,0,,
directory_depth_3,rigidmodels\buildings\ksl_mound_grave_01,1,1,100.00,0,0.00,0,0.00,0,0.00,0,0.00,726018,1,726018,726018,726018,726018.00,0,,
directory_depth_3,rigidmodels\buildings\ksl_mound_sanctuary_01,1,1,100.00,0,0.00,0,0.00,0,0.00,0,0.00,2468040,1,2468040,2468040,2468040,2468040.00,0,,
directory_depth_3,rigidmodels\buildings\ksl_mound_sanctuary_02,1,1,100.00,0,0.00,0,0.00,0,0.00,0,0.00,2214880,1,2214880,2214880,2214880,2214880.00,0,,
directory_depth_3,rigidmodels\buildings\ksl_mound_stairs_01,1,1,100.00,0,0.00,0,0.00,0,0.00,0,0.00,24368,1,24368,24368,24368,24368.00,0,,
directory_depth_3,rigidmodels\buildings\ksl_mtn_01,1,1,100.00,0,0.00,0,0.00,0,0.00,0,0.00,513396,1,513396,513396,513396,513396.00,0,,
directory_depth_3,rigidmodels\buildings\ksl_mtn_02,1,1,100.00,0,0.00,0,0.00,0,0.00,0,0.00,437412,1,437412,437412,437412,437412.00,0,,
directory_depth_3,rigidmodels\buildings\ksl_mtn_03,1,1,100.00,0,0.00,0,0.00,0,0.00,0,0.00,436586,1,436586,436586,436586,436586.00,0,,
directory_depth_3,rigidmodels\buildings\ksl_mtn_04,1,1,100.00,0,0.00,0,0.00,0,0.00,0,0.00,451310,1,451310,451310,451310,451310.00,0,,
directory_depth_3,rigidmodels\buildings\ksl_mtn_chunk_01,1,1,100.00,0,0.00,0,0.00,0,0.00,0,0.00,278800,1,278800,278800,278800,278800.00,0,,
directory_depth_3,rigidmodels\buildings\ksl_mtn_chunk_01b,1,1,100.00,0,0.00,0,0.00,0,0.00,0,0.00,281144,1,281144,281144,281144,281144.00,0,,
directory_depth_3,rigidmodels\buildings\ksl_mtn_chunk_02,1,1,100.00,0,0.00,0,0.00,0,0.00,0,0.00,284734,1,284734,284734,284734,284734.00,0,,
directory_depth_3,rigidmodels\buildings\ksl_mtn_chunk_02b,1,1,100.00,0,0.00,0,0.00,0,0.00,0,0.00,283462,1,283462,283462,283462,283462.00,0,,
directory_depth_3,rigidmodels\buildings\ksl_pillar_01,1,1,100.00,0,0.00,0,0.00,0,0.00,0,0.00,227024,1,227024,227024,227024,227024.00,0,,
directory_depth_3,rigidmodels\buildings\ksl_pillar_02,1,1,100.00,0,0.00,0,0.00,0,0.00,0,0.00,252592,1,252592,252592,252592,252592.00,0,,
directory_depth_3,rigidmodels\buildings\ksl_pit_entrance_01,1,1,100.00,0,0.00,0,0.00,0,0.00,0,0.00,142664,1,142664,142664,142664,142664.00,0,,
directory_depth_3,rigidmodels\buildings\ksl_pit_wall_01,1,1,100.00,0,0.00,0,0.00,0,0.00,0,0.00,265572,1,265572,265572,265572,265572.00,0,,
directory_depth_3,rigidmodels\buildings\ksl_pit_wall_02,1,1,100.00,0,0.00,0,0.00,0,0.00,0,0.00,70412,1,70412,70412,70412,70412.00,0,,
directory_depth_3,rigidmodels\buildings\ksl_pit_wall_03,1,1,100.00,0,0.00,0,0.00,0,0.00,0,0.00,70896,1,70896,70896,70896,70896.00,0,,
directory_depth_3,rigidmodels\buildings\ksl_prop_flag_01,1,1,100.00,0,0.00,0,0.00,0,0.00,0,0.00,2772,1,2772,2772,2772,2772.00,0,,
directory_depth_3,rigidmodels\buildings\ksl_prop_shield_01,1,1,100.00,0,0.00,0,0.00,0,0.00,0,0.00,2632,1,2632,2632,2632,2632.00,0,,
directory_depth_3,rigidmodels\buildings\ksl_prop_spikes_01,1,1,100.00,0,0.00,0,0.00,0,0.00,0,0.00,12720,1,12720,12720,12720,12720.00,0,,
directory_depth_3,rigidmodels\buildings\ksl_prop_spikes_02,1,1,100.00,0,0.00,0,0.00,0,0.00,0,0.00,9110,1,9110,9110,9110,9110.00,0,,
directory_depth_3,rigidmodels\buildings\ksl_prop_stone_01,1,1,100.00,0,0.00,0,0.00,0,0.00,0,0.00,19376,1,19376,19376,19376,19376.00,0,,
directory_depth_3,rigidmodels\buildings\ksl_prop_wood_01,1,1,100.00,0,0.00,0,0.00,0,0.00,0,0.00,3256,1,3256,3256,3256,3256.00,0,,
directory_depth_3,rigidmodels\buildings\ksl_prop_wood_02,1,1,100.00,0,0.00,0,0.00,0,0.00,0,0.00,7104,1,7104,7104,7104,7104.00,0,,
directory_depth_3,rigidmodels\buildings\ksl_prop_wood_03,1,1,100.00,0,0.00,0,0.00,0,0.00,0,0.00,3736,1,3736,3736,3736,3736.00,0,,
directory_depth_3,rigidmodels\buildings\ksl_prop_wood_04,1,1,100.00,0,0.00,0,0.00,0,0.00,0,0.00,3496,1,3496,3496,3496,3496.00,0,,
directory_depth_3,rigidmodels\buildings\ksl_prop_wood_05,1,1,100.00,0,0.00,0,0.00,0,0.00,0,0.00,7456,1,7456,7456,7456,7456.00,0,,
directory_depth_3,rigidmodels\buildings\ksl_prop_wood_06,1,1,100.00,0,0.00,0,0.00,0,0.00,0,0.00,9976,1,9976,9976,9976,9976.00,0,,
directory_depth_3,rigidmodels\buildings\ksl_prop_wood_07,1,1,100.00,0,0.00,0,0.00,0,0.00,0,0.00,9136,1,9136,9136,9136,9136.00,0,,
directory_depth_3,rigidmodels\buildings\ksl_prop_wood_08,1,1,100.00,0,0.00,0,0.00,0,0.00,0,0.00,7456,1,7456,7456,7456,7456.00,0,,
directory_depth_3,rigidmodels\buildings\ksl_rockfeature_01,1,1,100.00,0,0.00,0,0.00,0,0.00,0,0.00,54660,1,54660,54660,54660,54660.00,0,,
directory_depth_3,rigidmodels\buildings\ksl_rockfeature_02,1,1,100.00,0,0.00,0,0.00,0,0.00,0,0.00,75700,1,75700,75700,75700,75700.00,0,,
directory_depth_3,rigidmodels\buildings\ksl_rubble_01,1,1,100.00,0,0.00,0,0.00,0,0.00,0,0.00,207336,1,207336,207336,207336,207336.00,0,,
directory_depth_3,rigidmodels\buildings\ksl_rubble_02,1,1,100.00,0,0.00,0,0.00,0,0.00,0,0.00,103780,1,103780,103780,103780,103780.00,0,,
directory_depth_3,rigidmodels\buildings\ksl_siege_tower_15m,11,11,100.00,0,0.00,0,0.00,0,0.00,0,0.00,3364064,11,3364064,38064,1102486,305824.00,0,,
directory_depth_3,rigidmodels\buildings\ksl_statue_bear_01,1,1,100.00,0,0.00,0,0.00,0,0.00,0,0.00,164620,1,164620,164620,164620,164620.00,0,,
directory_depth_3,rigidmodels\buildings\ksl_statue_bear_02,1,1,100.00,0,0.00,0,0.00,0,0.00,0,0.00,15808,1,15808,15808,15808,15808.00,0,,
directory_depth_3,rigidmodels\buildings\ksl_tower_placement_01,3,3,100.00,0,0.00,0,0.00,0,0.00,0,0.00,3242734,3,3242734,595052,1862792,1080911.33,0,,
directory_depth_3,rigidmodels\buildings\ksl_tower_placement_02,3,3,100.00,0,0.00,0,0.00,0,0.00,0,0.00,3242734,3,3242734,595052,1862792,1080911.33,0,,
directory_depth_3,rigidmodels\buildings\ksl_tower_placement_03,3,3,100.00,0,0.00,0,0.00,0,0.00,0,0.00,3242734,3,3242734,595052,1862792,1080911.33,0,,
directory_depth_3,rigidmodels\buildings\ksl_tower_placement_04,3,3,100.00,0,0.00,0,0.00,0,0.00,0,0.00,3242734,3,3242734,595052,1862792,1080911.33,0,,
directory_depth_3,rigidmodels\buildings\ksl_trollcountry_01,1,1,100.00,0,0.00,0,0.00,0,0.00,0,0.00,93848,1,93848,93848,93848,93848.00,0,,
directory_depth_3,rigidmodels\buildings\ksl_trollcountry_02,1,1,100.00,0,0.00,0,0.00,0,0.00,0,0.00,94136,1,94136,94136,94136,94136.00,0,,
directory_depth_3,rigidmodels\buildings\ksl_wall_angled_joiner,1,1,100.00,0,0.00,0,0.00,0,0.00,0,0.00,370188,1,370188,370188,370188,370188.00,0,,
directory_depth_3,rigidmodels\buildings\ksl_wall_angled_to_grid_joiner,3,3,100.00,0,0.00,0,0.00,0,0.00,0,0.00,3993966,3,3993966,870726,1817766,1331322.00,0,,
directory_depth_3,rigidmodels\buildings\ksl_wall_corner_90_internal,1,1,100.00,0,0.00,0,0.00,0,0.00,0,0.00,1271828,1,1271828,1271828,1271828,1271828.00,0,,
directory_depth_3,rigidmodels\buildings\ksl_wall_gatehouse_60,10,10,100.00,0,0.00,0,0.00,0,0.00,0,0.00,5546086,10,5546086,25276,1975794,554608.60,0,,
directory_depth_3,rigidmodels\buildings\ksl_wall_grid_to_angled_joiner,3,3,100.00,0,0.00,0,0.00,0,0.00,0,0.00,3998370,3,3998370,870634,1820014,1332790.00,0,,
directory_depth_3,rigidmodels\buildings\ksl_wall_outer_01_arched_01,1,1,100.00,0,0.00,0,0.00,0,0.00,0,0.00,134708,1,134708,134708,134708,134708.00,0,,
directory_depth_3,rigidmodels\buildings\ksl_wall_outer_01_arched_02,1,1,100.00,0,0.00,0,0.00,0,0.00,0,0.00,151956,1,151956,151956,151956,151956.00,0,,
directory_depth_3,rigidmodels\buildings\ksl_wall_outer_02,1,1,100.00,0,0.00,0,0.00,0,0.00,0,0.00,124336,1,124336,124336,124336,124336.00,0,,
directory_depth_3,rigidmodels\buildings\ksl_wall_outer_02_end_01,1,1,100.00,0,0.00,0,0.00,0,0.00,0,0.00,130680,1,130680,130680,130680,130680.00,0,,
directory_depth_3,rigidmodels\buildings\ksl_wall_outer_03,1,1,100.00,0,0.00,0,0.00,0,0.00,0,0.00,101824,1,101824,101824,101824,101824.00,0,,
directory_depth_3,rigidmodels\buildings\ksl_wall_outer_04,1,1,100.00,0,0.00,0,0.00,0,0.00,0,0.00,124208,1,124208,124208,124208,124208.00,0,,
directory_depth_3,rigidmodels\buildings\ksl_wall_outter_01,1,1,100.00,0,0.00,0,0.00,0,0.00,0,0.00,103592,1,103592,103592,103592,103592.00,0,,
directory_depth_3,rigidmodels\buildings\ksl_wall_stepdown_15m,1,1,100.00,0,0.00,0,0.00,0,0.00,0,0.00,1015924,1,1015924,1015924,1015924,1015924.00,0,,
directory_depth_3,rigidmodels\buildings\ksl_wall_stepup_15m,1,1,100.00,0,0.00,0,0.00,0,0.00,0,0.00,1013670,1,1013670,1013670,1013670,1013670.00,0,,
directory_depth_3,rigidmodels\buildings\ksl_wall_straight_20,3,3,100.00,0,0.00,0,0.00,0,0.00,0,0.00,3435820,3,3435820,914598,1577172,1145273.33,0,,
directory_depth_3,rigidmodels\buildings\ksl_wall_straight_20m_emplacement,2,2,100.00,0,0.00,0,0.00,0,0.00,0,0.00,1692526,2,1692526,495852,1196674,846263.00,0,,
directory_depth_3,rigidmodels\buildings\ksl_wall_tower,3,3,100.00,0,0.00,0,0.00,0,0.00,0,0.00,4204356,3,4204356,1046944,1871034,1401452.00,0,,
directory_depth_3,rigidmodels\buildings\ksl_wall_tower_01,3,3,100.00,0,0.00,0,0.00,0,0.00,0,0.00,4204356,3,4204356,1046944,1871034,1401452.00,0,,
directory_depth_3,rigidmodels\buildings\ksl_wall_tower_02,3,3,100.00,0,0.00,0,0.00,0,0.00,0,0.00,4204356,3,4204356,1046944,1871034,1401452.00,0,,
directory_depth_3,rigidmodels\buildings\ksl_wall_tower_03,3,3,100.00,0,0.00,0,0.00,0,0.00,0,0.00,4204356,3,4204356,1046944,1871034,1401452.00,0,,
directory_depth_3,rigidmodels\buildings\lava_falls_bend_thin,1,1,100.00,0,0.00,0,0.00,0,0.00,0,0.00,2936,1,2936,2936,2936,2936.00,0,,
directory_depth_3,rigidmodels\buildings\lzd_altar01,1,1,100.00,0,0.00,0,0.00,0,0.00,0,0.00,300870,1,300870,300870,300870,300870.00,0,,
directory_depth_3,rigidmodels\buildings\lzd_barricade_blocker_01,2,2,100.00,0,0.00,0,0.00,0,0.00,0,0.00,188730,2,188730,91654,97076,94365.00,0,,
directory_depth_3,rigidmodels\buildings\lzd_barricade_monument_01,2,2,100.00,0,0.00,0,0.00,0,0.00,0,0.00,25520,2,25520,12716,12804,12760.00,0,,
directory_depth_3,rigidmodels\buildings\lzd_barricade_platform_01,3,3,100.00,0,0.00,0,0.00,0,0.00,0,0.00,1117144,3,1117144,318532,441652,372381.33,0,,
directory_depth_3,rigidmodels\buildings\lzd_barricade_trap_01,2,2,100.00,0,0.00,0,0.00,0,0.00,0,0.00,530814,2,530814,247504,283310,265407.00,0,,
directory_depth_3,rigidmodels\buildings\lzd_batteringram,3,3,100.00,0,0.00,0,0.00,0,0.00,0,0.00,1557990,3,1557990,448434,579382,519330.00,0,,
directory_depth_3,rigidmodels\buildings\lzd_boulder_01,1,1,100.00,0,0.00,0,0.00,0,0.00,0,0.00,46036,1,46036,46036,46036,46036.00,0,,
directory_depth_3,rigidmodels\buildings\lzd_boulder_02,1,1,100.00,0,0.00,0,0.00,0,0.00,0,0.00,40648,1,40648,40648,40648,40648.00,0,,
directory_depth_3,rigidmodels\buildings\lzd_boulder_03,1,1,100.00,0,0.00,0,0.00,0,0.00,0,0.00,27728,1,27728,27728,27728,27728.00,0,,
directory_depth_3,rigidmodels\buildings\lzd_boulder_04,1,1,100.00,0,0.00,0,0.00,0,0.00,0,0.00,215748,1,215748,215748,215748,215748.00,0,,
directory_depth_3,rigidmodels\buildings\lzd_boulder_05,1,1,100.00,0,0.00,0,0.00,0,0.00,0,0.00,49824,1,49824,49824,49824,49824.00,0,,
directory_depth_3,rigidmodels\buildings\lzd_boulder_06,1,1,100.00,0,0.00,0,0.00,0,0.00,0,0.00,632760,1,632760,632760,632760,632760.00,0,,
directory_depth_3,rigidmodels\buildings\lzd_boulder_group_01,1,1,100.00,0,0.00,0,0.00,0,0.00,0,0.00,725088,1,725088,725088,725088,725088.00,0,,
directory_depth_3,rigidmodels\buildings\lzd_boulder_group_02,1,1,100.00,0,0.00,0,0.00,0,0.00,0,0.00,1841966,1,1841966,1841966,1841966,1841966.00,0,,
directory_depth_3,rigidmodels\buildings\lzd_brazier01,1,1,100.00,0,0.00,0,0.00,0,0.00,0,0.00,34620,1,34620,34620,34620,34620.00,0,,
directory_depth_3,rigidmodels\buildings\lzd_bridge_bamboo01,1,1,100.00,0,0.00,0,0.00,0,0.00,0,0.00,69146,1,69146,69146,69146,69146.00,0,,
directory_depth_3,rigidmodels\buildings\lzd_bridge_bamboo02,1,1,100.00,0,0.00,0,0.00,0,0.00,0,0.00,30552,1,30552,30552,30552,30552.00,0,,
directory_depth_3,rigidmodels\buildings\lzd_bridge01,2,2,100.00,0,0.00,0,0.00,0,0.00,0,0.00,646052,2,646052,266570,379482,323026.00,0,,
directory_depth_3,rigidmodels\buildings\lzd_bridge02,1,1,100.00,0,0.00,0,0.00,0,0.00,0,0.00,88476,1,88476,88476,88476,88476.00,0,,
directory_depth_3,rigidmodels\buildings\lzd_building01,2,2,100.00,0,0.00,0,0.00,0,0.00,0,0.00,640332,2,640332,250438,389894,320166.00,0,,
directory_depth_3,rigidmodels\buildings\lzd_building03,1,1,100.00,0,0.00,0,0.00,0,0.00,0,0.00,280578,1,280578,280578,280578,280578.00,0,,
directory_depth_3,rigidmodels\buildings\lzd_building04,1,1,100.00,0,0.00,0,0.00,0,0.00,0,0.00,160760,1,160760,160760,160760,160760.00,0,,
directory_depth_3,rigidmodels\buildings\lzd_building05,1,1,100.00,0,0.00,0,0.00,0,0.00,0,0.00,368182,1,368182,368182,368182,368182.00,0,,
directory_depth_3,rigidmodels\buildings\lzd_cave_gate01,1,1,100.00,0,0.00,0,0.00,0,0.00,0,0.00,76992,1,76992,76992,76992,76992.00,0,,
directory_depth_3,rigidmodels\buildings\lzd_cave01,1,1,100.00,0,0.00,0,0.00,0,0.00,0,0.00,260494,1,260494,260494,260494,260494.00,0,,
directory_depth_3,rigidmodels\buildings\lzd_cliffs_01,1,1,100.00,0,0.00,0,0.00,0,0.00,0,0.00,265136,1,265136,265136,265136,265136.00,0,,
directory_depth_3,rigidmodels\buildings\lzd_colonnade01,1,1,100.00,0,0.00,0,0.00,0,0.00,0,0.00,149600,1,149600,149600,149600,149600.00,0,,
directory_depth_3,rigidmodels\buildings\lzd_crimsonisland_skull_01,1,1,100.00,0,0.00,0,0.00,0,0.00,0,0.00,281104,1,281104,281104,281104,281104.00,0,,
directory_depth_3,rigidmodels\buildings\lzd_dam01,3,3,100.00,0,0.00,0,0.00,0,0.00,0,0.00,95112,3,95112,19916,40136,31704.00,0,,
directory_depth_3,rigidmodels\buildings\lzd_dam01_pillar,1,1,100.00,0,0.00,0,0.00,0,0.00,0,0.00,15716,1,15716,15716,15716,15716.00,0,,
directory_depth_3,rigidmodels\buildings\lzd_decor_01,1,1,100.00,0,0.00,0,0.00,0,0.00,0,0.00,8596,1,8596,8596,8596,8596.00,0,,
directory_depth_3,rigidmodels\buildings\lzd_decor_02,1,1,100.00,0,0.00,0,0.00,0,0.00,0,0.00,18142,1,18142,18142,18142,18142.00,0,,
directory_depth_3,rigidmodels\buildings\lzd_fallen_gates_pillar_broken01,1,1,100.00,0,0.00,0,0.00,0,0.00,0,0.00,107102,1,107102,107102,107102,107102.00,0,,
directory_depth_3,rigidmodels\buildings\lzd_fallen_gates_pillar01,1,1,100.00,0,0.00,0,0.00,0,0.00,0,0.00,220978,1,220978,220978,220978,220978.00,0,,
directory_depth_3,rigidmodels\buildings\lzd_fallen_gates_pillar02,1,1,100.00,0,0.00,0,0.00,0,0.00,0,0.00,299260,1,299260,299260,299260,299260.00,0,,
directory_depth_3,rigidmodels\buildings\lzd_fallen_gates_pillar03,1,1,100.00,0,0.00,0,0.00,0,0.00,0,0.00,129482,1,129482,129482,129482,129482.00,0,,
directory_depth_3,rigidmodels\buildings\lzd_fallen_gates_platform01,1,1,100.00,0,0.00,0,0.00,0,0.00,0,0.00,1490054,1,1490054,1490054,1490054,1490054.00,0,,
directory_depth_3,rigidmodels\buildings\lzd_fallen_gates_platform02,1,1,100.00,0,0.00,0,0.00,0,0.00,0,0.00,1490054,1,1490054,1490054,1490054,1490054.00,0,,
directory_depth_3,rigidmodels\buildings\lzd_fallen_gates_slope02,1,1,100.00,0,0.00,0,0.00,0,0.00,0,0.00,4936,1,4936,4936,4936,4936.00,0,,
directory_depth_3,rigidmodels\buildings\lzd_fallen_gates_slope03,1,1,100.00,0,0.00,0,0.00,0,0.00,0,0.00,3152,1,3152,3152,3152,3152.00,0,,
directory_depth_3,rigidmodels\buildings\lzd_fallen_gates_temple01,1,1,100.00,0,0.00,0,0.00,0,0.00,0,0.00,494952,1,494952,494952,494952,494952.00,0,,
directory_depth_3,rigidmodels\buildings\lzd_gate01,1,1,100.00,0,0.00,0,0.00,0,0.00,0,0.00,158384,1,158384,158384,158384,158384.00,0,,
directory_depth_3,rigidmodels\buildings\lzd_mountain_01,1,1,100.00,0,0.00,0,0.00,0,0.00,0,0.00,542068,1,542068,542068,542068,542068.00,0,,
directory_depth_3,rigidmodels\buildings\lzd_mountain_02,1,1,100.00,0,0.00,0,0.00,0,0.00,0,0.00,486128,1,486128,486128,486128,486128.00,0,,
directory_depth_3,rigidmodels\buildings\lzd_outfield_temple01,1,1,100.00,0,0.00,0,0.00,0,0.00,0,0.00,356350,1,356350,356350,356350,356350.00,0,,
directory_depth_3,rigidmodels\buildings\lzd_outwall01,1,1,100.00,0,0.00,0,0.00,0,0.00,0,0.00,431740,1,431740,431740,431740,431740.00,0,,
directory_depth_3,rigidmodels\buildings\lzd_outwall02,1,1,100.00,0,0.00,0,0.00,0,0.00,0,0.00,133016,1,133016,133016,133016,133016.00,0,,
directory_depth_3,rigidmodels\buildings\lzd_pillar01,1,1,100.00,0,0.00,0,0.00,0,0.00,0,0.00,40704,1,40704,40704,40704,40704.00,0,,
directory_depth_3,rigidmodels\buildings\lzd_pillar02,1,1,100.00,0,0.00,0,0.00,0,0.00,0,0.00,42996,1,42996,42996,42996,42996.00,0,,
directory_depth_3,rigidmodels\buildings\lzd_plateau_01,1,1,100.00,0,0.00,0,0.00,0,0.00,0,0.00,503048,1,503048,503048,503048,503048.00,0,,
directory_depth_3,rigidmodels\buildings\lzd_pool01,1,1,100.00,0,0.00,0,0.00,0,0.00,0,0.00,33556,1,33556,33556,33556,33556.00,0,,
directory_depth_3,rigidmodels\buildings\lzd_pyramid01,1,1,100.00,0,0.00,0,0.00,0,0.00,0,0.00,1507602,1,1507602,1507602,1507602,1507602.00,0,,
directory_depth_3,rigidmodels\buildings\lzd_pyramid02,1,1,100.00,0,0.00,0,0.00,0,0.00,0,0.00,1868530,1,1868530,1868530,1868530,1868530.00,0,,
directory_depth_3,rigidmodels\buildings\lzd_pyramid03,1,1,100.00,0,0.00,0,0.00,0,0.00,0,0.00,371580,1,371580,371580,371580,371580.00,0,,
directory_depth_3,rigidmodels\buildings\lzd_road_01,1,1,100.00,0,0.00,0,0.00,0,0.00,0,0.00,3536,1,3536,3536,3536,3536.00,0,,
directory_depth_3,rigidmodels\buildings\lzd_rock_01,1,1,100.00,0,0.00,0,0.00,0,0.00,0,0.00,48836,1,48836,48836,48836,48836.00,0,,
directory_depth_3,rigidmodels\buildings\lzd_rockpillar_01,1,1,100.00,0,0.00,0,0.00,0,0.00,0,0.00,472920,1,472920,472920,472920,472920.00,0,,
directory_depth_3,rigidmodels\buildings\lzd_rockpillar_02,1,1,100.00,0,0.00,0,0.00,0,0.00,0,0.00,366960,1,366960,366960,366960,366960.00,0,,
directory_depth_3,rigidmodels\buildings\lzd_rockpillar_chunk_01,1,1,100.00,0,0.00,0,0.00,0,0.00,0,0.00,85432,1,85432,85432,85432,85432.00,0,,
directory_depth_3,rigidmodels\buildings\lzd_rockpillar_chunk_02,1,1,100.00,0,0.00,0,0.00,0,0.00,0,0.00,93632,1,93632,93632,93632,93632.00,0,,
directory_depth_3,rigidmodels\buildings\lzd_rockpool_01,1,1,100.00,0,0.00,0,0.00,0,0.00,0,0.00,41332,1,41332,41332,41332,41332.00,0,,
directory_depth_3,rigidmodels\buildings\lzd_rockpool_01_plane,1,1,100.00,0,0.00,0,0.00,0,0.00,0,0.00,3110,1,3110,3110,3110,3110.00,0,,
directory_depth_3,rigidmodels\buildings\lzd_sacrificial01,1,1,100.00,0,0.00,0,0.00,0,0.00,0,0.00,392164,1,392164,392164,392164,392164.00,0,,
directory_depth_3,rigidmodels\buildings\lzd_sacrificial02,2,2,100.00,0,0.00,0,0.00,0,0.00,0,0.00,1934664,2,1934664,964660,970004,967332.00,0,,
directory_depth_3,rigidmodels\buildings\lzd_siege_tower_15m,6,6,100.00,0,0.00,0,0.00,0,0.00,0,0.00,2860926,6,2860926,5968,1382476,476821.00,0,,
directory_depth_3,rigidmodels\buildings\lzd_silo_pit_01,1,1,100.00,0,0.00,0,0.00,0,0.00,0,0.00,791652,1,791652,791652,791652,791652.00,0,,
directory_depth_3,rigidmodels\buildings\lzd_silo01,1,1,100.00,0,0.00,0,0.00,0,0.00,0,0.00,1217798,1,1217798,1217798,1217798,1217798.00,0,,
directory_depth_3,rigidmodels\buildings\lzd_smallwall_door01,1,1,100.00,0,0.00,0,0.00,0,0.00,0,0.00,115804,1,115804,115804,115804,115804.00,0,,
directory_depth_3,rigidmodels\buildings\lzd_smallwall_pillar01,1,1,100.00,0,0.00,0,0.00,0,0.00,0,0.00,25748,1,25748,25748,25748,25748.00,0,,
directory_depth_3,rigidmodels\buildings\lzd_smallwall_wall01,2,2,100.00,0,0.00,0,0.00,0,0.00,0,0.00,49324,2,49324,11958,37366,24662.00,0,,
directory_depth_3,rigidmodels\buildings\lzd_smallwall_wall02,1,1,100.00,0,0.00,0,0.00,0,0.00,0,0.00,29944,1,29944,29944,29944,29944.00,0,,
directory_depth_3,rigidmodels\buildings\lzd_stairs01,1,1,100.00,0,0.00,0,0.00,0,0.00,0,0.00,11996,1,11996,11996,11996,11996.00,0,,
directory_depth_3,rigidmodels\buildings\lzd_statue_bigsnake01,1,1,100.00,0,0.00,0,0.00,0,0.00,0,0.00,165334,1,165334,165334,165334,165334.00,0,,
directory_depth_3,rigidmodels\buildings\lzd_statue_bigsnake02,1,1,100.00,0,0.00,0,0.00,0,0.00,0,0.00,206302,1,206302,206302,206302,206302.00,0,,
directory_depth_3,rigidmodels\buildings\lzd_temple01,1,1,100.00,0,0.00,0,0.00,0,0.00,0,0.00,1021368,1,1021368,1021368,1021368,1021368.00,0,,
directory_depth_3,rigidmodels\buildings\lzd_torch01,1,1,100.00,0,0.00,0,0.00,0,0.00,0,0.00,33608,1,33608,33608,33608,33608.00,0,,
directory_depth_3,rigidmodels\buildings\lzd_totem01,1,1,100.00,0,0.00,0,0.00,0,0.00,0,0.00,233136,1,233136,233136,233136,233136.00,0,,
directory_depth_3,rigidmodels\buildings\lzd_tower_placement_01,3,3,100.00,0,0.00,0,0.00,0,0.00,0,0.00,3242734,3,3242734,595052,1862792,1080911.33,0,,
directory_depth_3,rigidmodels\buildings\lzd_tower_placement_02,3,3,100.00,0,0.00,0,0.00,0,0.00,0,0.00,3242734,3,3242734,595052,1862792,1080911.33,0,,
directory_depth_3,rigidmodels\buildings\lzd_tower_placement_03,3,3,100.00,0,0.00,0,0.00,0,0.00,0,0.00,3242734,3,3242734,595052,1862792,1080911.33,0,,
directory_depth_3,rigidmodels\buildings\lzd_tower_placement_04,3,3,100.00,0,0.00,0,0.00,0,0.00,0,0.00,3242734,3,3242734,595052,1862792,1080911.33,0,,
directory_depth_3,rigidmodels\buildings\lzd_wall_angled_joiner,1,1,100.00,0,0.00,0,0.00,0,0.00,0,0.00,64766,1,64766,64766,64766,64766.00,0,,
directory_depth_3,rigidmodels\buildings\lzd_wall_angled_to_grid_joiner,3,3,100.00,0,0.00,0,0.00,0,0.00,0,0.00,1934054,3,1934054,115030,1516616,644684.67,0,,
directory_depth_3,rigidmodels\buildings\lzd_wall_corner_90_exter,1,1,100.00,0,0.00,0,0.00,0,0.00,0,0.00,200754,1,200754,200754,200754,200754.00,0,,
directory_depth_3,rigidmodels\buildings\lzd_wall_corner_90_inter,1,1,100.00,0,0.00,0,0.00,0,0.00,0,0.00,662680,1,662680,662680,662680,662680.00,0,,
directory_depth_3,rigidmodels\buildings\lzd_wall_deco01,1,1,100.00,0,0.00,0,0.00,0,0.00,0,0.00,40448,1,40448,40448,40448,40448.00,0,,
directory_depth_3,rigidmodels\buildings\lzd_wall_gatehouse_60,10,10,100.00,0,0.00,0,0.00,0,0.00,0,0.00,4954784,10,4954784,64228,1728886,495478.40,0,,
directory_depth_3,rigidmodels\buildings\lzd_wall_grid_to_angled_joiner,3,3,100.00,0,0.00,0,0.00,0,0.00,0,0.00,1936680,3,1936680,115030,1544752,645560.00,0,,
directory_depth_3,rigidmodels\buildings\lzd_wall_merlon01,3,3,100.00,0,0.00,0,0.00,0,0.00,0,0.00,95992,3,95992,22922,50148,31997.33,0,,
directory_depth_3,rigidmodels\buildings\lzd_wall_merlon02,3,3,100.00,0,0.00,0,0.00,0,0.00,0,0.00,95232,3,95232,22542,50148,31744.00,0,,
directory_depth_3,rigidmodels\buildings\lzd_wall_merlon03,3,3,100.00,0,0.00,0,0.00,0,0.00,0,0.00,93292,3,93292,21572,50148,31097.33,0,,
directory_depth_3,rigidmodels\buildings\lzd_wall_stepdown_15m,1,1,100.00,0,0.00,0,0.00,0,0.00,0,0.00,641558,1,641558,641558,641558,641558.00,0,,
directory_depth_3,rigidmodels\buildings\lzd_wall_stepup_15m,1,1,100.00,0,0.00,0,0.00,0,0.00,0,0.00,641558,1,641558,641558,641558,641558.00,0,,
directory_depth_3,rigidmodels\buildings\lzd_wall_straight_20,3,3,100.00,0,0.00,0,0.00,0,0.00,0,0.00,2667192,3,2667192,360152,1366714,889064.00,0,,
directory_depth_3,rigidmodels\buildings\lzd_wall_straight_20_blocked,1,1,100.00,0,0.00,0,0.00,0,0.00,0,0.00,860394,1,860394,860394,860394,860394.00,0,,
directory_depth_3,rigidmodels\buildings\lzd_wall_straight_20m_emplacement,1,1,100.00,0,0.00,0,0.00,0,0.00,0,0.00,396112,1,396112,396112,396112,396112.00,0,,
directory_depth_3,rigidmodels\buildings\lzd_wall_tower,3,3,100.00,0,0.00,0,0.00,0,0.00,0,0.00,7032574,3,7032574,1136332,4615016,2344191.33,0,,
directory_depth_3,rigidmodels\buildings\lzd_wall_tower_01,3,3,100.00,0,0.00,0,0.00,0,0.00,0,0.00,7032574,3,7032574,1136332,4615016,2344191.33,0,,
directory_depth_3,rigidmodels\buildings\lzd_wall_tower_02,3,3,100.00,0,0.00,0,0.00,0,0.00,0,0.00,7032574,3,7032574,1136332,4615016,2344191.33,0,,
directory_depth_3,rigidmodels\buildings\lzd_wall_tower_03,3,3,100.00,0,0.00,0,0.00,0,0.00,0,0.00,7032574,3,7032574,1136332,4615016,2344191.33,0,,
directory_depth_3,rigidmodels\buildings\market_stand_1,3,3,100.00,0,0.00,0,0.00,0,0.00,0,0.00,214216,3,214216,63352,82330,71405.33,0,,
directory_depth_3,rigidmodels\buildings\market_stand_2,3,3,100.00,0,0.00,0,0.00,0,0.00,0,0.00,179936,3,179936,43466,70344,59978.67,0,,
directory_depth_3,rigidmodels\buildings\market_stand_3,3,3,100.00,0,0.00,0,0.00,0,0.00,0,0.00,341030,3,341030,105236,118868,113676.67,0,,
directory_depth_3,rigidmodels\buildings\market_stand_4,3,3,100.00,0,0.00,0,0.00,0,0.00,0,0.00,284022,3,284022,87354,100224,94674.00,0,,
directory_depth_3,rigidmodels\buildings\market_stand_6,3,3,100.00,0,0.00,0,0.00,0,0.00,0,0.00,282878,3,282878,83048,107244,94292.67,0,,
directory_depth_3,rigidmodels\buildings\mrb_barricade_blocker_01,2,2,100.00,0,0.00,0,0.00,0,0.00,0,0.00,188730,2,188730,91654,97076,94365.00,0,,
directory_depth_3,rigidmodels\buildings\mrb_barricade_monument_01,2,2,100.00,0,0.00,0,0.00,0,0.00,0,0.00,25520,2,25520,12716,12804,12760.00,0,,
directory_depth_3,rigidmodels\buildings\mrb_barricade_platform_01,3,3,100.00,0,0.00,0,0.00,0,0.00,0,0.00,1117144,3,1117144,318532,441652,372381.33,0,,
directory_depth_3,rigidmodels\buildings\mrb_barricade_trap_01,2,2,100.00,0,0.00,0,0.00,0,0.00,0,0.00,530814,2,530814,247504,283310,265407.00,0,,
directory_depth_3,rigidmodels\buildings\mrb_statue_mermaid_gold,3,3,100.00,0,0.00,0,0.00,0,0.00,0,0.00,1441416,3,1441416,433482,564810,480472.00,0,,
directory_depth_3,rigidmodels\buildings\mrb_tower_placement_01,3,3,100.00,0,0.00,0,0.00,0,0.00,0,0.00,2346958,3,2346958,405206,1006542,782319.33,0,,
directory_depth_3,rigidmodels\buildings\mrb_tower_placement_02,3,3,100.00,0,0.00,0,0.00,0,0.00,0,0.00,2346958,3,2346958,405206,1006542,782319.33,0,,
directory_depth_3,rigidmodels\buildings\mrb_tower_placement_03,3,3,100.00,0,0.00,0,0.00,0,0.00,0,0.00,2346958,3,2346958,405206,1006542,782319.33,0,,
directory_depth_3,rigidmodels\buildings\mrb_tower_placement_04,3,3,100.00,0,0.00,0,0.00,0,0.00,0,0.00,2346958,3,2346958,405206,1006542,782319.33,0,,
directory_depth_3,rigidmodels\buildings\mrb_wall_tower,3,3,100.00,0,0.00,0,0.00,0,0.00,0,0.00,5107530,3,5107530,1090830,2320610,1702510.00,0,,
directory_depth_3,rigidmodels\buildings\mrb_wall_tower_01,3,3,100.00,0,0.00,0,0.00,0,0.00,0,0.00,5107530,3,5107530,1090830,2320610,1702510.00,0,,
directory_depth_3,rigidmodels\buildings\mrb_wall_tower_02,3,3,100.00,0,0.00,0,0.00,0,0.00,0,0.00,5107530,3,5107530,1090830,2320610,1702510.00,0,,
directory_depth_3,rigidmodels\buildings\mrb_wall_tower_03,3,3,100.00,0,0.00,0,0.00,0,0.00,0,0.00,5107530,3,5107530,1090830,2320610,1702510.00,0,,
directory_depth_3,rigidmodels\buildings\mtn_cliff_block_01,1,1,100.00,0,0.00,0,0.00,0,0.00,0,0.00,243864,1,243864,243864,243864,243864.00,0,,
directory_depth_3,rigidmodels\buildings\mtn_cliff_block_02,1,1,100.00,0,0.00,0,0.00,0,0.00,0,0.00,221026,1,221026,221026,221026,221026.00,0,,
directory_depth_3,rigidmodels\buildings\mtn_cliff_lrg_04,1,1,100.00,0,0.00,0,0.00,0,0.00,0,0.00,240516,1,240516,240516,240516,240516.00,0,,
directory_depth_3,rigidmodels\buildings\mtn_cliff_solo_01,1,1,100.00,0,0.00,0,0.00,0,0.00,0,0.00,23488,1,23488,23488,23488,23488.00,0,,
directory_depth_3,rigidmodels\buildings\mtn_cliff_solo_02,1,1,100.00,0,0.00,0,0.00,0,0.00,0,0.00,23228,1,23228,23228,23228,23228.00,0,,
directory_depth_3,rigidmodels\buildings\mtn_cliff_solo_03,1,1,100.00,0,0.00,0,0.00,0,0.00,0,0.00,19404,1,19404,19404,19404,19404.00,0,,
directory_depth_3,rigidmodels\buildings\mtn_crack_01,1,1,100.00,0,0.00,0,0.00,0,0.00,0,0.00,25828,1,25828,25828,25828,25828.00,0,,
directory_depth_3,rigidmodels\buildings\mtn_pass_lava_01,1,1,100.00,0,0.00,0,0.00,0,0.00,0,0.00,24312,1,24312,24312,24312,24312.00,0,,
directory_depth_3,rigidmodels\buildings\mtn_pass_lava_02,1,1,100.00,0,0.00,0,0.00,0,0.00,0,0.00,11760,1,11760,11760,11760,11760.00,0,,
directory_depth_3,rigidmodels\buildings\mtn_pass_lava_03,1,1,100.00,0,0.00,0,0.00,0,0.00,0,0.00,49566,1,49566,49566,49566,49566.00,0,,
directory_depth_3,rigidmodels\buildings\mtn_pass_lava_04,1,1,100.00,0,0.00,0,0.00,0,0.00,0,0.00,39600,1,39600,39600,39600,39600.00,0,,
directory_depth_3,rigidmodels\buildings\mushroom_puffball_01,1,1,100.00,0,0.00,0,0.00,0,0.00,0,0.00,55312,1,55312,55312,55312,55312.00,0,,
directory_depth_3,rigidmodels\buildings\mushroom_puffball_02,1,1,100.00,0,0.00,0,0.00,0,0.00,0,0.00,55350,1,55350,55350,55350,55350.00,0,,
directory_depth_3,rigidmodels\buildings\mushroom_shelf_group_01,1,1,100.00,0,0.00,0,0.00,0,0.00,0,0.00,523646,1,523646,523646,523646,523646.00,0,,
directory_depth_3,rigidmodels\buildings\mushroom_shelf_group_02,1,1,100.00,0,0.00,0,0.00,0,0.00,0,0.00,434246,1,434246,434246,434246,434246.00,0,,
directory_depth_3,rigidmodels\buildings\mushroom_shelf_group_03,1,1,100.00,0,0.00,0,0.00,0,0.00,0,0.00,186172,1,186172,186172,186172,186172.00,0,,
directory_depth_3,rigidmodels\buildings\nor_barricade_blocker_01,2,2,100.00,0,0.00,0,0.00,0,0.00,0,0.00,188730,2,188730,91654,97076,94365.00,0,,
directory_depth_3,rigidmodels\buildings\nor_barricade_monument_01,2,2,100.00,0,0.00,0,0.00,0,0.00,0,0.00,25520,2,25520,12716,12804,12760.00,0,,
directory_depth_3,rigidmodels\buildings\nor_barricade_platform_01,3,3,100.00,0,0.00,0,0.00,0,0.00,0,0.00,1117144,3,1117144,318532,441652,372381.33,0,,
directory_depth_3,rigidmodels\buildings\nor_barricade_trap_01,2,2,100.00,0,0.00,0,0.00,0,0.00,0,0.00,530814,2,530814,247504,283310,265407.00,0,,
directory_depth_3,rigidmodels\buildings\nor_batteringram,7,7,100.00,0,0.00,0,0.00,0,0.00,0,0.00,2127296,7,2127296,48736,748270,303899.43,0,,
directory_depth_3,rigidmodels\buildings\nor_bone_01,1,1,100.00,0,0.00,0,0.00,0,0.00,0,0.00,7704,1,7704,7704,7704,7704.00,0,,
directory_depth_3,rigidmodels\buildings\nor_bone_02,1,1,100.00,0,0.00,0,0.00,0,0.00,0,0.00,10420,1,10420,10420,10420,10420.00,0,,
directory_depth_3,rigidmodels\buildings\nor_bone_03,1,1,100.00,0,0.00,0,0.00,0,0.00,0,0.00,29316,1,29316,29316,29316,29316.00,0,,
directory_depth_3,rigidmodels\buildings\nor_bone_04,1,1,100.00,0,0.00,0,0.00,0,0.00,0,0.00,41776,1,41776,41776,41776,41776.00,0,,
directory_depth_3,rigidmodels\buildings\nor_bone_fence_01,1,1,100.00,0,0.00,0,0.00,0,0.00,0,0.00,65708,1,65708,65708,65708,65708.00,0,,
directory_depth_3,rigidmodels\buildings\nor_bone_fence_02,1,1,100.00,0,0.00,0,0.00,0,0.00,0,0.00,76944,1,76944,76944,76944,76944.00,0,,
directory_depth_3,rigidmodels\buildings\nor_bone_fence_03,1,1,100.00,0,0.00,0,0.00,0,0.00,0,0.00,95484,1,95484,95484,95484,95484.00,0,,
directory_depth_3,rigidmodels\buildings\nor_dhead_01,1,1,100.00,0,0.00,0,0.00,0,0.00,0,0.00,9220,1,9220,9220,9220,9220.00,0,,
directory_depth_3,rigidmodels\buildings\nor_dhead_02,1,1,100.00,0,0.00,0,0.00,0,0.00,0,0.00,10668,1,10668,10668,10668,10668.00,0,,
directory_depth_3,rigidmodels\buildings\nor_dhead_03,1,1,100.00,0,0.00,0,0.00,0,0.00,0,0.00,8804,1,8804,8804,8804,8804.00,0,,
directory_depth_3,rigidmodels\buildings\nor_dhead_04,1,1,100.00,0,0.00,0,0.00,0,0.00,0,0.00,7084,1,7084,7084,7084,7084.00,0,,
directory_depth_3,rigidmodels\buildings\nor_docks_01,1,1,100.00,0,0.00,0,0.00,0,0.00,0,0.00,213840,1,213840,213840,213840,213840.00,0,,
directory_depth_3,rigidmodels\buildings\nor_docks_02,1,1,100.00,0,0.00,0,0.00,0,0.00,0,0.00,23732,1,23732,23732,23732,23732.00,0,,
directory_depth_3,rigidmodels\buildings\nor_docks_03,1,1,100.00,0,0.00,0,0.00,0,0.00,0,0.00,51044,1,51044,51044,51044,51044.00,0,,
directory_depth_3,rigidmodels\buildings\nor_docks_04,1,1,100.00,0,0.00,0,0.00,0,0.00,0,0.00,31856,1,31856,31856,31856,31856.00,0,,
directory_depth_3,rigidmodels\buildings\nor_docks_small_01,1,1,100.00,0,0.00,0,0.00,0,0.00,0,0.00,31856,1,31856,31856,31856,31856.00,0,,
directory_depth_3,rigidmodels\buildings\nor_horseskull,1,1,100.00,0,0.00,0,0.00,0,0.00,0,0.00,18536,1,18536,18536,18536,18536.00,0,,
directory_depth_3,rigidmodels\buildings\nor_houseboat_01,1,1,100.00,0,0.00,0,0.00,0,0.00,0,0.00,184386,1,184386,184386,184386,184386.00,0,,
directory_depth_3,rigidmodels\buildings\nor_houseboat_02,1,1,100.00,0,0.00,0,0.00,0,0.00,0,0.00,274424,1,274424,274424,274424,274424.00,0,,
directory_depth_3,rigidmodels\buildings\nor_houseboat_03,1,1,100.00,0,0.00,0,0.00,0,0.00,0,0.00,384710,1,384710,384710,384710,384710.00,0,,
directory_depth_3,rigidmodels\buildings\nor_houseboat_04,1,1,100.00,0,0.00,0,0.00,0,0.00,0,0.00,219330,1,219330,219330,219330,219330.00,0,,
directory_depth_3,rigidmodels\buildings\nor_ice_chunk_01,1,1,100.00,0,0.00,0,0.00,0,0.00,0,0.00,72100,1,72100,72100,72100,72100.00,0,,
directory_depth_3,rigidmodels\buildings\nor_ice_chunk_02,1,1,100.00,0,0.00,0,0.00,0,0.00,0,0.00,62444,1,62444,62444,62444,62444.00,0,,
directory_depth_3,rigidmodels\buildings\nor_large_ribhouse_01,1,1,100.00,0,0.00,0,0.00,0,0.00,0,0.00,166836,1,166836,166836,166836,166836.00,0,,
directory_depth_3,rigidmodels\buildings\nor_large_ribhouse_02,1,1,100.00,0,0.00,0,0.00,0,0.00,0,0.00,147402,1,147402,147402,147402,147402.00,0,,
directory_depth_3,rigidmodels\buildings\nor_large_ribhouse_03,1,1,100.00,0,0.00,0,0.00,0,0.00,0,0.00,129006,1,129006,129006,129006,129006.00,0,,
directory_depth_3,rigidmodels\buildings\nor_large_ribhouse_04,1,1,100.00,0,0.00,0,0.00,0,0.00,0,0.00,120362,1,120362,120362,120362,120362.00,0,,
directory_depth_3,rigidmodels\buildings\nor_largetotem_01,1,1,100.00,0,0.00,0,0.00,0,0.00,0,0.00,30468,1,30468,30468,30468,30468.00,0,,
directory_depth_3,rigidmodels\buildings\nor_mountain_a,1,1,100.00,0,0.00,0,0.00,0,0.00,0,0.00,42010,1,42010,42010,42010,42010.00,0,,
directory_depth_3,rigidmodels\buildings\nor_mountain_b,1,1,100.00,0,0.00,0,0.00,0,0.00,0,0.00,210856,1,210856,210856,210856,210856.00,0,,
directory_depth_3,rigidmodels\buildings\nor_mountains_a,1,1,100.00,0,0.00,0,0.00,0,0.00,0,0.00,182030,1,182030,182030,182030,182030.00,0,,
directory_depth_3,rigidmodels\buildings\nor_mountains_d,1,1,100.00,0,0.00,0,0.00,0,0.00,0,0.00,89730,1,89730,89730,89730,89730.00,0,,
directory_depth_3,rigidmodels\buildings\nor_mountains_e,1,1,100.00,0,0.00,0,0.00,0,0.00,0,0.00,89718,1,89718,89718,89718,89718.00,0,,
directory_depth_3,rigidmodels\buildings\nor_mountains_f,1,1,100.00,0,0.00,0,0.00,0,0.00,0,0.00,85808,1,85808,85808,85808,85808.00,0,,
directory_depth_3,rigidmodels\buildings\nor_palisade_01,1,1,100.00,0,0.00,0,0.00,0,0.00,0,0.00,69316,1,69316,69316,69316,69316.00,0,,
directory_depth_3,rigidmodels\buildings\nor_palisade_02,3,3,100.00,0,0.00,0,0.00,0,0.00,0,0.00,120274,3,120274,38356,41018,40091.33,0,,
directory_depth_3,rigidmodels\buildings\nor_plank_01,1,1,100.00,0,0.00,0,0.00,0,0.00,0,0.00,4744,1,4744,4744,4744,4744.00,0,,
directory_depth_3,rigidmodels\buildings\nor_plank_02,1,1,100.00,0,0.00,0,0.00,0,0.00,0,0.00,4920,1,4920,4920,4920,4920.00,0,,
directory_depth_3,rigidmodels\buildings\nor_plank_03,1,1,100.00,0,0.00,0,0.00,0,0.00,0,0.00,4096,1,4096,4096,4096,4096.00,0,,
directory_depth_3,rigidmodels\buildings\nor_siege_tower_15m,10,10,100.00,0,0.00,0,0.00,0,0.00,0,0.00,5119406,10,5119406,42596,2538270,511940.60,0,,
directory_depth_3,rigidmodels\buildings\nor_skull,1,1,100.00,0,0.00,0,0.00,0,0.00,0,0.00,11948,1,11948,11948,11948,11948.00,0,,
directory_depth_3,rigidmodels\buildings\nor_snowdrift_01,1,1,100.00,0,0.00,0,0.00,0,0.00,0,0.00,12548,1,12548,12548,12548,12548.00,0,,
directory_depth_3,rigidmodels\buildings\nor_standingstones_lrg_01,1,1,100.00,0,0.00,0,0.00,0,0.00,0,0.00,22872,1,22872,22872,22872,22872.00,0,,
directory_depth_3,rigidmodels\buildings\nor_standingstones_lrg_02,1,1,100.00,0,0.00,0,0.00,0,0.00,0,0.00,26896,1,26896,26896,26896,26896.00,0,,
directory_depth_3,rigidmodels\buildings\nor_standingstones_med_01,1,1,100.00,0,0.00,0,0.00,0,0.00,0,0.00,15144,1,15144,15144,15144,15144.00,0,,
directory_depth_3,rigidmodels\buildings\nor_standingstones_med_02,1,1,100.00,0,0.00,0,0.00,0,0.00,0,0.00,10264,1,10264,10264,10264,10264.00,0,,
directory_depth_3,rigidmodels\buildings\nor_standingstones_sml_01,1,1,100.00,0,0.00,0,0.00,0,0.00,0,0.00,11252,1,11252,11252,11252,11252.00,0,,
directory_depth_3,rigidmodels\buildings\nor_standingstones_sml_02,1,1,100.00,0,0.00,0,0.00,0,0.00,0,0.00,8860,1,8860,8860,8860,8860.00,0,,
directory_depth_3,rigidmodels\buildings\nor_standingwood_01,1,1,100.00,0,0.00,0,0.00,0,0.00,0,0.00,157140,1,157140,157140,157140,157140.00,0,,
directory_depth_3,rigidmodels\buildings\nor_standingwood_02,1,1,100.00,0,0.00,0,0.00,0,0.00,0,0.00,117772,1,117772,117772,117772,117772.00,0,,
directory_depth_3,rigidmodels\buildings\nor_standingwood_03,1,1,100.00,0,0.00,0,0.00,0,0.00,0,0.00,31172,1,31172,31172,31172,31172.00,0,,
directory_depth_3,rigidmodels\buildings\nor_totem_01,1,1,100.00,0,0.00,0,0.00,0,0.00,0,0.00,16760,1,16760,16760,16760,16760.00,0,,
directory_depth_3,rigidmodels\buildings\nor_totem_03,1,1,100.00,0,0.00,0,0.00,0,0.00,0,0.00,29932,1,29932,29932,29932,29932.00,0,,
directory_depth_3,rigidmodels\buildings\nor_tower_placement_01,3,3,100.00,0,0.00,0,0.00,0,0.00,0,0.00,3242734,3,3242734,595052,1862792,1080911.33,0,,
directory_depth_3,rigidmodels\buildings\nor_tower_placement_02,3,3,100.00,0,0.00,0,0.00,0,0.00,0,0.00,3242734,3,3242734,595052,1862792,1080911.33,0,,
directory_depth_3,rigidmodels\buildings\nor_tower_placement_03,3,3,100.00,0,0.00,0,0.00,0,0.00,0,0.00,3242734,3,3242734,595052,1862792,1080911.33,0,,
directory_depth_3,rigidmodels\buildings\nor_tower_placement_04,3,3,100.00,0,0.00,0,0.00,0,0.00,0,0.00,3242734,3,3242734,595052,1862792,1080911.33,0,,
directory_depth_3,rigidmodels\buildings\nor_tusk_01,1,1,100.00,0,0.00,0,0.00,0,0.00,0,0.00,6072,1,6072,6072,6072,6072.00,0,,
directory_depth_3,rigidmodels\buildings\nor_tusk_02,1,1,100.00,0,0.00,0,0.00,0,0.00,0,0.00,7356,1,7356,7356,7356,7356.00,0,,
directory_depth_3,rigidmodels\buildings\nor_wall_bone_01,1,1,100.00,0,0.00,0,0.00,0,0.00,0,0.00,133746,1,133746,133746,133746,133746.00,0,,
directory_depth_3,rigidmodels\buildings\nor_wall_bone_02,1,1,100.00,0,0.00,0,0.00,0,0.00,0,0.00,113990,1,113990,113990,113990,113990.00,0,,
directory_depth_3,rigidmodels\buildings\nor_wall_bone_03,1,1,100.00,0,0.00,0,0.00,0,0.00,0,0.00,113886,1,113886,113886,113886,113886.00,0,,
directory_depth_3,rigidmodels\buildings\nor_wall_net_01,1,1,100.00,0,0.00,0,0.00,0,0.00,0,0.00,4104,1,4104,4104,4104,4104.00,0,,
directory_depth_3,rigidmodels\buildings\nur_barricade_blocker_01,2,2,100.00,0,0.00,0,0.00,0,0.00,0,0.00,188730,2,188730,91654,97076,94365.00,0,,
directory_depth_3,rigidmodels\buildings\nur_barricade_monument_01,2,2,100.00,0,0.00,0,0.00,0,0.00,0,0.00,25520,2,25520,12716,12804,12760.00,0,,
directory_depth_3,rigidmodels\buildings\nur_barricade_platform_01,3,3,100.00,0,0.00,0,0.00,0,0.00,0,0.00,1117144,3,1117144,318532,441652,372381.33,0,,
directory_depth_3,rigidmodels\buildings\nur_barricade_trap_01,2,2,100.00,0,0.00,0,0.00,0,0.00,0,0.00,530814,2,530814,247504,283310,265407.00,0,,
directory_depth_3,rigidmodels\buildings\nur_barricade_trap_02,2,2,100.00,0,0.00,0,0.00,0,0.00,0,0.00,188196,2,188196,93308,94888,94098.00,0,,
directory_depth_3,rigidmodels\buildings\nur_batteringram,7,7,100.00,0,0.00,0,0.00,0,0.00,0,0.00,2284314,7,2284314,62116,970252,326330.57,0,,
directory_depth_3,rigidmodels\buildings\nur_beak_01,1,1,100.00,0,0.00,0,0.00,0,0.00,0,0.00,35936,1,35936,35936,35936,35936.00,0,,
directory_depth_3,rigidmodels\buildings\nur_bedrock_03,1,1,100.00,0,0.00,0,0.00,0,0.00,0,0.00,303810,1,303810,303810,303810,303810.00,0,,
directory_depth_3,rigidmodels\buildings\nur_bell_01,1,1,100.00,0,0.00,0,0.00,0,0.00,0,0.00,50736,1,50736,50736,50736,50736.00,0,,
directory_depth_3,rigidmodels\buildings\nur_clacker_01,1,1,100.00,0,0.00,0,0.00,0,0.00,0,0.00,175644,1,175644,175644,175644,175644.00,0,,
directory_depth_3,rigidmodels\buildings\nur_cliff_01,1,1,100.00,0,0.00,0,0.00,0,0.00,0,0.00,74344,1,74344,74344,74344,74344.00,0,,
directory_depth_3,rigidmodels\buildings\nur_cliff_flesh_01,1,1,100.00,0,0.00,0,0.00,0,0.00,0,0.00,107750,1,107750,107750,107750,107750.00,0,,
directory_depth_3,rigidmodels\buildings\nur_cliff_rock_01,1,1,100.00,0,0.00,0,0.00,0,0.00,0,0.00,206352,1,206352,206352,206352,206352.00,0,,
directory_depth_3,rigidmodels\buildings\nur_disc_eater_01,1,1,100.00,0,0.00,0,0.00,0,0.00,0,0.00,205544,1,205544,205544,205544,205544.00,0,,
directory_depth_3,rigidmodels\buildings\nur_drooler_01,1,1,100.00,0,0.00,0,0.00,0,0.00,0,0.00,169078,1,169078,169078,169078,169078.00,0,,
directory_depth_3,rigidmodels\buildings\nur_eye_01,1,1,100.00,0,0.00,0,0.00,0,0.00,0,0.00,11448,1,11448,11448,11448,11448.00,0,,
directory_depth_3,rigidmodels\buildings\nur_eyeplant_01,1,1,100.00,0,0.00,0,0.00,0,0.00,0,0.00,72224,1,72224,72224,72224,72224.00,0,,
directory_depth_3,rigidmodels\buildings\nur_flesh_lump_01,1,1,100.00,0,0.00,0,0.00,0,0.00,0,0.00,157740,1,157740,157740,157740,157740.00,0,,
directory_depth_3,rigidmodels\buildings\nur_flesh_lump_02,1,1,100.00,0,0.00,0,0.00,0,0.00,0,0.00,108400,1,108400,108400,108400,108400.00,0,,
directory_depth_3,rigidmodels\buildings\nur_floater_01,1,1,100.00,0,0.00,0,0.00,0,0.00,0,0.00,305424,1,305424,305424,305424,305424.00,0,,
directory_depth_3,rigidmodels\buildings\nur_grub_01,1,1,100.00,0,0.00,0,0.00,0,0.00,0,0.00,89158,1,89158,89158,89158,89158.00,0,,
directory_depth_3,rigidmodels\buildings\nur_grub_02,1,1,100.00,0,0.00,0,0.00,0,0.00,0,0.00,80662,1,80662,80662,80662,80662.00,0,,
directory_depth_3,rigidmodels\buildings\nur_grub_03,1,1,100.00,0,0.00,0,0.00,0,0.00,0,0.00,80768,1,80768,80768,80768,80768.00,0,,
directory_depth_3,rigidmodels\buildings\nur_hive_01,1,1,100.00,0,0.00,0,0.00,0,0.00,0,0.00,68204,1,68204,68204,68204,68204.00,0,,
directory_depth_3,rigidmodels\buildings\nur_mountain_01,1,1,100.00,0,0.00,0,0.00,0,0.00,0,0.00,261348,1,261348,261348,261348,261348.00,0,,
directory_depth_3,rigidmodels\buildings\nur_pod_01,1,1,100.00,0,0.00,0,0.00,0,0.00,0,0.00,44956,1,44956,44956,44956,44956.00,0,,
directory_depth_3,rigidmodels\buildings\nur_pod_02,1,1,100.00,0,0.00,0,0.00,0,0.00,0,0.00,37496,1,37496,37496,37496,37496.00,0,,
directory_depth_3,rigidmodels\buildings\nur_pod_group_01,1,1,100.00,0,0.00,0,0.00,0,0.00,0,0.00,114936,1,114936,114936,114936,114936.00,0,,
directory_depth_3,rigidmodels\buildings\nur_pod_group_02,1,1,100.00,0,0.00,0,0.00,0,0.00,0,0.00,140756,1,140756,140756,140756,140756.00,0,,
directory_depth_3,rigidmodels\buildings\nur_pod_mouth_01,1,1,100.00,0,0.00,0,0.00,0,0.00,0,0.00,208270,1,208270,208270,208270,208270.00,0,,
directory_depth_3,rigidmodels\buildings\nur_polyp_01,1,1,100.00,0,0.00,0,0.00,0,0.00,0,0.00,45640,1,45640,45640,45640,45640.00,0,,
directory_depth_3,rigidmodels\buildings\nur_polyp_02,1,1,100.00,0,0.00,0,0.00,0,0.00,0,0.00,38084,1,38084,38084,38084,38084.00,0,,
directory_depth_3,rigidmodels\buildings\nur_polyp_03,1,1,100.00,0,0.00,0,0.00,0,0.00,0,0.00,36280,1,36280,36280,36280,36280.00,0,,
directory_depth_3,rigidmodels\buildings\nur_rib_tree_01,1,1,100.00,0,0.00,0,0.00,0,0.00,0,0.00,243066,1,243066,243066,243066,243066.00,0,,
directory_depth_3,rigidmodels\buildings\nur_rock_01,1,1,100.00,0,0.00,0,0.00,0,0.00,0,0.00,176938,1,176938,176938,176938,176938.00,0,,
directory_depth_3,rigidmodels\buildings\nur_rock_02,1,1,100.00,0,0.00,0,0.00,0,0.00,0,0.00,159624,1,159624,159624,159624,159624.00,0,,
directory_depth_3,rigidmodels\buildings\nur_rock_03,1,1,100.00,0,0.00,0,0.00,0,0.00,0,0.00,170970,1,170970,170970,170970,170970.00,0,,
directory_depth_3,rigidmodels\buildings\nur_rock_04,1,1,100.00,0,0.00,0,0.00,0,0.00,0,0.00,97728,1,97728,97728,97728,97728.00,0,,
directory_depth_3,rigidmodels\buildings\nur_rock_05,1,1,100.00,0,0.00,0,0.00,0,0.00,0,0.00,136660,1,136660,136660,136660,136660.00,0,,
directory_depth_3,rigidmodels\buildings\nur_rock_06,1,1,100.00,0,0.00,0,0.00,0,0.00,0,0.00,57156,1,57156,57156,57156,57156.00,0,,
directory_depth_3,rigidmodels\buildings\nur_rock_07,1,1,100.00,0,0.00,0,0.00,0,0.00,0,0.00,79428,1,79428,79428,79428,79428.00,0,,
directory_depth_3,rigidmodels\buildings\nur_rock_08,1,1,100.00,0,0.00,0,0.00,0,0.00,0,0.00,90096,1,90096,90096,90096,90096.00,0,,
directory_depth_3,rigidmodels\buildings\nur_rock_towerbase_01,1,1,100.00,0,0.00,0,0.00,0,0.00,0,0.00,107624,1,107624,107624,107624,107624.00,0,,
directory_depth_3,rigidmodels\buildings\nur_siege_tower_15m,10,10,100.00,0,0.00,0,0.00,0,0.00,0,0.00,2598360,10,2598360,15844,1117998,259836.00,0,,
directory_depth_3,rigidmodels\buildings\nur_sinew_01,1,1,100.00,0,0.00,0,0.00,0,0.00,0,0.00,40072,1,40072,40072,40072,40072.00,0,,
directory_depth_3,rigidmodels\buildings\nur_sinew_02,1,1,100.00,0,0.00,0,0.00,0,0.00,0,0.00,33072,1,33072,33072,33072,33072.00,0,,
directory_depth_3,rigidmodels\buildings\nur_sinew_03,1,1,100.00,0,0.00,0,0.00,0,0.00,0,0.00,33712,1,33712,33712,33712,33712.00,0,,
directory_depth_3,rigidmodels\buildings\nur_sphincter_01,1,1,100.00,0,0.00,0,0.00,0,0.00,0,0.00,304564,1,304564,304564,304564,304564.00,0,,
directory_depth_3,rigidmodels\buildings\nur_star_01,1,1,100.00,0,0.00,0,0.00,0,0.00,0,0.00,37594,1,37594,37594,37594,37594.00,0,,
directory_depth_3,rigidmodels\buildings\nur_symbol_01,1,1,100.00,0,0.00,0,0.00,0,0.00,0,0.00,51326,1,51326,51326,51326,51326.00,0,,
directory_depth_3,rigidmodels\buildings\nur_symbol_02,1,1,100.00,0,0.00,0,0.00,0,0.00,0,0.00,100960,1,100960,100960,100960,100960.00,0,,
directory_depth_3,rigidmodels\buildings\nur_tentacle_01,1,1,100.00,0,0.00,0,0.00,0,0.00,0,0.00,22432,1,22432,22432,22432,22432.00,0,,
directory_depth_3,rigidmodels\buildings\nur_tentacle_02,1,1,100.00,0,0.00,0,0.00,0,0.00,0,0.00,39868,1,39868,39868,39868,39868.00,0,,
directory_depth_3,rigidmodels\buildings\nur_tentacle_03,1,1,100.00,0,0.00,0,0.00,0,0.00,0,0.00,30912,1,30912,30912,30912,30912.00,0,,
directory_depth_3,rigidmodels\buildings\nur_tentacle_04,1,1,100.00,0,0.00,0,0.00,0,0.00,0,0.00,24786,1,24786,24786,24786,24786.00,0,,
directory_depth_3,rigidmodels\buildings\nur_tentacle_05,1,1,100.00,0,0.00,0,0.00,0,0.00,0,0.00,24786,1,24786,24786,24786,24786.00,0,,
directory_depth_3,rigidmodels\buildings\nur_tentacle_06,1,1,100.00,0,0.00,0,0.00,0,0.00,0,0.00,39374,1,39374,39374,39374,39374.00,0,,
directory_depth_3,rigidmodels\buildings\nur_tentacle_group_01,1,1,100.00,0,0.00,0,0.00,0,0.00,0,0.00,44128,1,44128,44128,44128,44128.00,0,,
directory_depth_3,rigidmodels\buildings\nur_tongue_01,1,1,100.00,0,0.00,0,0.00,0,0.00,0,0.00,37124,1,37124,37124,37124,37124.00,0,,
directory_depth_3,rigidmodels\buildings\nur_toof_01,1,1,100.00,0,0.00,0,0.00,0,0.00,0,0.00,18988,1,18988,18988,18988,18988.00,0,,
directory_depth_3,rigidmodels\buildings\nur_toof_group_01,1,1,100.00,0,0.00,0,0.00,0,0.00,0,0.00,29716,1,29716,29716,29716,29716.00,0,,
directory_depth_3,rigidmodels\buildings\nur_toof_group_02,1,1,100.00,0,0.00,0,0.00,0,0.00,0,0.00,18824,1,18824,18824,18824,18824.00,0,,
directory_depth_3,rigidmodels\buildings\nur_toof_group_03,1,1,100.00,0,0.00,0,0.00,0,0.00,0,0.00,21272,1,21272,21272,21272,21272.00,0,,
directory_depth_3,rigidmodels\buildings\nur_tooter_01,1,1,100.00,0,0.00,0,0.00,0,0.00,0,0.00,24508,1,24508,24508,24508,24508.00,0,,
directory_depth_3,rigidmodels\buildings\nur_tooter_02,1,1,100.00,0,0.00,0,0.00,0,0.00,0,0.00,19760,1,19760,19760,19760,19760.00,0,,
directory_depth_3,rigidmodels\buildings\nur_tooters_group_01,1,1,100.00,0,0.00,0,0.00,0,0.00,0,0.00,73532,1,73532,73532,73532,73532.00,0,,
directory_depth_3,rigidmodels\buildings\nur_tooters_group_02,1,1,100.00,0,0.00,0,0.00,0,0.00,0,0.00,95084,1,95084,95084,95084,95084.00,0,,
directory_depth_3,rigidmodels\buildings\nur_tower_placement_01,3,3,100.00,0,0.00,0,0.00,0,0.00,0,0.00,3242734,3,3242734,595052,1862792,1080911.33,0,,
directory_depth_3,rigidmodels\buildings\nur_tower_placement_02,3,3,100.00,0,0.00,0,0.00,0,0.00,0,0.00,3242734,3,3242734,595052,1862792,1080911.33,0,,
directory_depth_3,rigidmodels\buildings\nur_tower_placement_03,3,3,100.00,0,0.00,0,0.00,0,0.00,0,0.00,3242734,3,3242734,595052,1862792,1080911.33,0,,
directory_depth_3,rigidmodels\buildings\nur_tower_placement_04,3,3,100.00,0,0.00,0,0.00,0,0.00,0,0.00,3242734,3,3242734,595052,1862792,1080911.33,0,,
directory_depth_3,rigidmodels\buildings\nur_tree_01,1,1,100.00,0,0.00,0,0.00,0,0.00,0,0.00,421096,1,421096,421096,421096,421096.00,0,,
directory_depth_3,rigidmodels\buildings\nur_vent_01,1,1,100.00,0,0.00,0,0.00,0,0.00,0,0.00,130000,1,130000,130000,130000,130000.00,0,,
directory_depth_3,rigidmodels\buildings\nur_vent_small_01,1,1,100.00,0,0.00,0,0.00,0,0.00,0,0.00,75588,1,75588,75588,75588,75588.00,0,,
directory_depth_3,rigidmodels\buildings\nur_wall_tower,3,3,100.00,0,0.00,0,0.00,0,0.00,0,0.00,3418312,3,3418312,920836,1433836,1139437.33,0,,
directory_depth_3,rigidmodels\buildings\nur_wall_tower_01,3,3,100.00,0,0.00,0,0.00,0,0.00,0,0.00,3418312,3,3418312,920836,1433836,1139437.33,0,,
directory_depth_3,rigidmodels\buildings\nur_wall_tower_02,3,3,100.00,0,0.00,0,0.00,0,0.00,0,0.00,3418312,3,3418312,920836,1433836,1139437.33,0,,
directory_depth_3,rigidmodels\buildings\nur_wall_tower_03,3,3,100.00,0,0.00,0,0.00,0,0.00,0,0.00,3418312,3,3418312,920836,1433836,1139437.33,0,,
directory_depth_3,rigidmodels\buildings\obsidian_shard_01,1,1,100.00,0,0.00,0,0.00,0,0.00,0,0.00,213128,1,213128,213128,213128,213128.00,0,,
directory_depth_3,rigidmodels\buildings\obsidian_shard_02,1,1,100.00,0,0.00,0,0.00,0,0.00,0,0.00,87320,1,87320,87320,87320,87320.00,0,,
directory_depth_3,rigidmodels\buildings\obsidian_shard_03,1,1,100.00,0,0.00,0,0.00,0,0.00,0,0.00,67396,1,67396,67396,67396,67396.00,0,,
directory_depth_3,rigidmodels\buildings\obsidian_shard_a,1,1,100.00,0,0.00,0,0.00,0,0.00,0,0.00,35756,1,35756,35756,35756,35756.00,0,,
directory_depth_3,rigidmodels\buildings\obsidian_shard_b,1,1,100.00,0,0.00,0,0.00,0,0.00,0,0.00,47204,1,47204,47204,47204,47204.00,0,,
directory_depth_3,rigidmodels\buildings\obsidian_shard_c,1,1,100.00,0,0.00,0,0.00,0,0.00,0,0.00,40448,1,40448,40448,40448,40448.00,0,,
directory_depth_3,rigidmodels\buildings\obsidian_shard_d,1,1,100.00,0,0.00,0,0.00,0,0.00,0,0.00,42820,1,42820,42820,42820,42820.00,0,,
directory_depth_3,rigidmodels\buildings\occupiable_barricade,5,5,100.00,0,0.00,0,0.00,0,0.00,0,0.00,7250962,5,7250962,998216,1909088,1450192.40,0,,
directory_depth_3,rigidmodels\buildings\ogr_barricade_blocker_01,2,2,100.00,0,0.00,0,0.00,0,0.00,0,0.00,188730,2,188730,91654,97076,94365.00,0,,
directory_depth_3,rigidmodels\buildings\ogr_barricade_monument_01,2,2,100.00,0,0.00,0,0.00,0,0.00,0,0.00,25520,2,25520,12716,12804,12760.00,0,,
directory_depth_3,rigidmodels\buildings\ogr_barricade_platform_01,3,3,100.00,0,0.00,0,0.00,0,0.00,0,0.00,1117144,3,1117144,318532,441652,372381.33,0,,
directory_depth_3,rigidmodels\buildings\ogr_barricade_trap_01,2,2,100.00,0,0.00,0,0.00,0,0.00,0,0.00,530814,2,530814,247504,283310,265407.00,0,,
directory_depth_3,rigidmodels\buildings\ogr_bone_01,1,1,100.00,0,0.00,0,0.00,0,0.00,0,0.00,10576,1,10576,10576,10576,10576.00,0,,
directory_depth_3,rigidmodels\buildings\ogr_bones_claws_01,1,1,100.00,0,0.00,0,0.00,0,0.00,0,0.00,56612,1,56612,56612,56612,56612.00,0,,
directory_depth_3,rigidmodels\buildings\ogr_bones_claws_02,1,1,100.00,0,0.00,0,0.00,0,0.00,0,0.00,186096,1,186096,186096,186096,186096.00,0,,
directory_depth_3,rigidmodels\buildings\ogr_bones_femur_01,1,1,100.00,0,0.00,0,0.00,0,0.00,0,0.00,63448,1,63448,63448,63448,63448.00,0,,
directory_depth_3,rigidmodels\buildings\ogr_bones_femur_02,1,1,100.00,0,0.00,0,0.00,0,0.00,0,0.00,116632,1,116632,116632,116632,116632.00,0,,
directory_depth_3,rigidmodels\buildings\ogr_bones_horns_01,1,1,100.00,0,0.00,0,0.00,0,0.00,0,0.00,218272,1,218272,218272,218272,218272.00,0,,
directory_depth_3,rigidmodels\buildings\ogr_bones_horns_03,1,1,100.00,0,0.00,0,0.00,0,0.00,0,0.00,184304,1,184304,184304,184304,184304.00,0,,
directory_depth_3,rigidmodels\buildings\ogr_bones_horns_03_,1,1,100.00,0,0.00,0,0.00,0,0.00,0,0.00,184304,1,184304,184304,184304,184304.00,0,,
directory_depth_3,rigidmodels\buildings\ogr_bones_horns_goat_01,1,1,100.00,0,0.00,0,0.00,0,0.00,0,0.00,246396,1,246396,246396,246396,246396.00,0,,
directory_depth_3,rigidmodels\buildings\ogr_bones_horns_goat_02,1,1,100.00,0,0.00,0,0.00,0,0.00,0,0.00,178180,1,178180,178180,178180,178180.00,0,,
directory_depth_3,rigidmodels\buildings\ogr_bones_ribs_01,1,1,100.00,0,0.00,0,0.00,0,0.00,0,0.00,137272,1,137272,137272,137272,137272.00,0,,
directory_depth_3,rigidmodels\buildings\ogr_bones_ribs_02,1,1,100.00,0,0.00,0,0.00,0,0.00,0,0.00,137272,1,137272,137272,137272,137272.00,0,,
directory_depth_3,rigidmodels\buildings\ogr_bones_ribs_03,1,1,100.00,0,0.00,0,0.00,0,0.00,0,0.00,223420,1,223420,223420,223420,223420.00,0,,
directory_depth_3,rigidmodels\buildings\ogr_bones_shoulder_01,1,1,100.00,0,0.00,0,0.00,0,0.00,0,0.00,208676,1,208676,208676,208676,208676.00,0,,
directory_depth_3,rigidmodels\buildings\ogr_bones_skull_biglion_01,1,1,100.00,0,0.00,0,0.00,0,0.00,0,0.00,229496,1,229496,229496,229496,229496.00,0,,
directory_depth_3,rigidmodels\buildings\ogr_bones_skull_biglion_teeth,1,1,100.00,0,0.00,0,0.00,0,0.00,0,0.00,39880,1,39880,39880,39880,39880.00,0,,
directory_depth_3,rigidmodels\buildings\ogr_bones_skull_biglion_tooth_01,1,1,100.00,0,0.00,0,0.00,0,0.00,0,0.00,22412,1,22412,22412,22412,22412.00,0,,
directory_depth_3,rigidmodels\buildings\ogr_bones_skull_biglion_tooth_02,1,1,100.00,0,0.00,0,0.00,0,0.00,0,0.00,29348,1,29348,29348,29348,29348.00,0,,
directory_depth_3,rigidmodels\buildings\ogr_bones_skull_biglion_tooth_03,1,1,100.00,0,0.00,0,0.00,0,0.00,0,0.00,23912,1,23912,23912,23912,23912.00,0,,
directory_depth_3,rigidmodels\buildings\ogr_bones_skull_dino_01,1,1,100.00,0,0.00,0,0.00,0,0.00,0,0.00,513112,1,513112,513112,513112,513112.00,0,,
directory_depth_3,rigidmodels\buildings\ogr_bones_skull_dino_01_jaw,1,1,100.00,0,0.00,0,0.00,0,0.00,0,0.00,327440,1,327440,327440,327440,327440.00,0,,
directory_depth_3,rigidmodels\buildings\ogr_bones_skull_dino_02,1,1,100.00,0,0.00,0,0.00,0,0.00,0,0.00,264080,1,264080,264080,264080,264080.00,0,,
directory_depth_3,rigidmodels\buildings\ogr_bones_skull_dino_02_jaw,1,1,100.00,0,0.00,0,0.00,0,0.00,0,0.00,485528,1,485528,485528,485528,485528.00,0,,
directory_depth_3,rigidmodels\buildings\ogr_bones_skull_mammoth_01,1,1,100.00,0,0.00,0,0.00,0,0.00,0,0.00,216588,1,216588,216588,216588,216588.00,0,,
directory_depth_3,rigidmodels\buildings\ogr_bones_skull_mammoth_tusk_01,1,1,100.00,0,0.00,0,0.00,0,0.00,0,0.00,40120,1,40120,40120,40120,40120.00,0,,
directory_depth_3,rigidmodels\buildings\ogr_bones_skull_mammoth_tusk_02,1,1,100.00,0,0.00,0,0.00,0,0.00,0,0.00,27192,1,27192,27192,27192,27192.00,0,,
directory_depth_3,rigidmodels\buildings\ogr_bones_skull_mammoth_tusk_03,1,1,100.00,0,0.00,0,0.00,0,0.00,0,0.00,78184,1,78184,78184,78184,78184.00,0,,
directory_depth_3,rigidmodels\buildings\ogr_bones_skull_mammoth_tusk_04,1,1,100.00,0,0.00,0,0.00,0,0.00,0,0.00,59640,1,59640,59640,59640,59640.00,0,,
directory_depth_3,rigidmodels\buildings\ogr_bones_spine_01,1,1,100.00,0,0.00,0,0.00,0,0.00,0,0.00,207372,1,207372,207372,207372,207372.00,0,,
directory_depth_3,rigidmodels\buildings\ogr_bones_spine_02,1,1,100.00,0,0.00,0,0.00,0,0.00,0,0.00,171520,1,171520,171520,171520,171520.00,0,,
directory_depth_3,rigidmodels\buildings\ogr_bridge_01,1,1,100.00,0,0.00,0,0.00,0,0.00,0,0.00,170796,1,170796,170796,170796,170796.00,0,,
directory_depth_3,rigidmodels\buildings\ogr_bridge_02,1,1,100.00,0,0.00,0,0.00,0,0.00,0,0.00,235932,1,235932,235932,235932,235932.00,0,,
directory_depth_3,rigidmodels\buildings\ogr_bridge_110m_01,1,1,100.00,0,0.00,0,0.00,0,0.00,0,0.00,1536738,1,1536738,1536738,1536738,1536738.00,0,,
directory_depth_3,rigidmodels\buildings\ogr_cage_01,1,1,100.00,0,0.00,0,0.00,0,0.00,0,0.00,59540,1,59540,59540,59540,59540.00,0,,
directory_depth_3,rigidmodels\buildings\ogr_cage_02,1,1,100.00,0,0.00,0,0.00,0,0.00,0,0.00,122176,1,122176,122176,122176,122176.00,0,,
directory_depth_3,rigidmodels\buildings\ogr_cage_large_01,1,1,100.00,0,0.00,0,0.00,0,0.00,0,0.00,428320,1,428320,428320,428320,428320.00,0,,
directory_depth_3,rigidmodels\buildings\ogr_choppingblock_01,1,1,100.00,0,0.00,0,0.00,0,0.00,0,0.00,99490,1,99490,99490,99490,99490.00,0,,
directory_depth_3,rigidmodels\buildings\ogr_choppingblock_02,1,1,100.00,0,0.00,0,0.00,0,0.00,0,0.00,163574,1,163574,163574,163574,163574.00,0,,
directory_depth_3,rigidmodels\buildings\ogr_choppingblock_03,1,1,100.00,0,0.00,0,0.00,0,0.00,0,0.00,233592,1,233592,233592,233592,233592.00,0,,
directory_depth_3,rigidmodels\buildings\ogr_cliffpiece_01,1,1,100.00,0,0.00,0,0.00,0,0.00,0,0.00,451704,1,451704,451704,451704,451704.00,0,,
directory_depth_3,rigidmodels\buildings\ogr_cliffpillar_01,1,1,100.00,0,0.00,0,0.00,0,0.00,0,0.00,226296,1,226296,226296,226296,226296.00,0,,
directory_depth_3,rigidmodels\buildings\ogr_cliffpillar_02,1,1,100.00,0,0.00,0,0.00,0,0.00,0,0.00,248316,1,248316,248316,248316,248316.00,0,,
directory_depth_3,rigidmodels\buildings\ogr_cliffslab_01,1,1,100.00,0,0.00,0,0.00,0,0.00,0,0.00,58384,1,58384,58384,58384,58384.00,0,,
directory_depth_3,rigidmodels\buildings\ogr_cooking_pot_01,1,1,100.00,0,0.00,0,0.00,0,0.00,0,0.00,22032,1,22032,22032,22032,22032.00,0,,
directory_depth_3,rigidmodels\buildings\ogr_cooking_stage_01,1,1,100.00,0,0.00,0,0.00,0,0.00,0,0.00,902314,1,902314,902314,902314,902314.00,0,,
directory_depth_3,rigidmodels\buildings\ogr_cookingshrine_01,1,1,100.00,0,0.00,0,0.00,0,0.00,0,0.00,693192,1,693192,693192,693192,693192.00,0,,
directory_depth_3,rigidmodels\buildings\ogr_cookingshrine_02,1,1,100.00,0,0.00,0,0.00,0,0.00,0,0.00,638854,1,638854,638854,638854,638854.00,0,,
directory_depth_3,rigidmodels\buildings\ogr_cookingshrine_02_sidepot,1,1,100.00,0,0.00,0,0.00,0,0.00,0,0.00,140810,1,140810,140810,140810,140810.00,0,,
directory_depth_3,rigidmodels\buildings\ogr_cookingshrine_03,1,1,100.00,0,0.00,0,0.00,0,0.00,0,0.00,604954,1,604954,604954,604954,604954.00,0,,
directory_depth_3,rigidmodels\buildings\ogr_exposedrock_01,1,1,100.00,0,0.00,0,0.00,0,0.00,0,0.00,154550,1,154550,154550,154550,154550.00,0,,
directory_depth_3,rigidmodels\buildings\ogr_exposedrock_02,1,1,100.00,0,0.00,0,0.00,0,0.00,0,0.00,68946,1,68946,68946,68946,68946.00,0,,
directory_depth_3,rigidmodels\buildings\ogr_fence_01,1,1,100.00,0,0.00,0,0.00,0,0.00,0,0.00,192446,1,192446,192446,192446,192446.00,0,,
directory_depth_3,rigidmodels\buildings\ogr_fence_02,1,1,100.00,0,0.00,0,0.00,0,0.00,0,0.00,171286,1,171286,171286,171286,171286.00,0,,
directory_depth_3,rigidmodels\buildings\ogr_fence_03,1,1,100.00,0,0.00,0,0.00,0,0.00,0,0.00,211700,1,211700,211700,211700,211700.00,0,,
directory_depth_3,rigidmodels\buildings\ogr_fence_04,1,1,100.00,0,0.00,0,0.00,0,0.00,0,0.00,381614,1,381614,381614,381614,381614.00,0,,
directory_depth_3,rigidmodels\buildings\ogr_fence_05,1,1,100.00,0,0.00,0,0.00,0,0.00,0,0.00,357748,1,357748,357748,357748,357748.00,0,,
directory_depth_3,rigidmodels\buildings\ogr_flagpole_01,1,1,100.00,0,0.00,0,0.00,0,0.00,0,0.00,51924,1,51924,51924,51924,51924.00,0,,
directory_depth_3,rigidmodels\buildings\ogr_foundation_01,1,1,100.00,0,0.00,0,0.00,0,0.00,0,0.00,296688,1,296688,296688,296688,296688.00,0,,
directory_depth_3,rigidmodels\buildings\ogr_gate_structure_01,1,1,100.00,0,0.00,0,0.00,0,0.00,0,0.00,1116164,1,1116164,1116164,1116164,1116164.00,0,,
directory_depth_3,rigidmodels\buildings\ogr_gnoblar_dwelling_01,1,1,100.00,0,0.00,0,0.00,0,0.00,0,0.00,81272,1,81272,81272,81272,81272.00,0,,
directory_depth_3,rigidmodels\buildings\ogr_gnoblar_dwelling_02,1,1,100.00,0,0.00,0,0.00,0,0.00,0,0.00,128542,1,128542,128542,128542,128542.00,0,,
directory_depth_3,rigidmodels\buildings\ogr_gnoblar_dwelling_03,1,1,100.00,0,0.00,0,0.00,0,0.00,0,0.00,80802,1,80802,80802,80802,80802.00,0,,
directory_depth_3,rigidmodels\buildings\ogr_greatmaw_01,1,1,100.00,0,0.00,0,0.00,0,0.00,0,0.00,307332,1,307332,307332,307332,307332.00,0,,
directory_depth_3,rigidmodels\buildings\ogr_greatmaw_teeth_anim,1,1,100.00,0,0.00,0,0.00,0,0.00,0,0.00,299788,1,299788,299788,299788,299788.00,0,,
directory_depth_3,rigidmodels\buildings\ogr_groundrock_01,1,1,100.00,0,0.00,0,0.00,0,0.00,0,0.00,39708,1,39708,39708,39708,39708.00,0,,
directory_depth_3,rigidmodels\buildings\ogr_groundrock_02,1,1,100.00,0,0.00,0,0.00,0,0.00,0,0.00,40364,1,40364,40364,40364,40364.00,0,,
directory_depth_3,rigidmodels\buildings\ogr_groundrock_03,1,1,100.00,0,0.00,0,0.00,0,0.00,0,0.00,47872,1,47872,47872,47872,47872.00,0,,
directory_depth_3,rigidmodels\buildings\ogr_groundrock_04,1,1,100.00,0,0.00,0,0.00,0,0.00,0,0.00,25502,1,25502,25502,25502,25502.00,0,,
directory_depth_3,rigidmodels\buildings\ogr_groundrock_05,1,1,100.00,0,0.00,0,0.00,0,0.00,0,0.00,39888,1,39888,39888,39888,39888.00,0,,
directory_depth_3,rigidmodels\buildings\ogr_groundrock_06,1,1,100.00,0,0.00,0,0.00,0,0.00,0,0.00,25722,1,25722,25722,25722,25722.00,0,,
directory_depth_3,rigidmodels\buildings\ogr_groundrock_07,1,1,100.00,0,0.00,0,0.00,0,0.00,0,0.00,41764,1,41764,41764,41764,41764.00,0,,
directory_depth_3,rigidmodels\buildings\ogr_groundrock_08,1,1,100.00,0,0.00,0,0.00,0,0.00,0,0.00,46744,1,46744,46744,46744,46744.00,0,,
directory_depth_3,rigidmodels\buildings\ogr_horn_01,1,1,100.00,0,0.00,0,0.00,0,0.00,0,0.00,183048,1,183048,183048,183048,183048.00,0,,
directory_depth_3,rigidmodels\buildings\ogr_ladder_01,1,1,100.00,0,0.00,0,0.00,0,0.00,0,0.00,29040,1,29040,29040,29040,29040.00,0,,
directory_depth_3,rigidmodels\buildings\ogr_large_tent_01,1,1,100.00,0,0.00,0,0.00,0,0.00,0,0.00,535982,1,535982,535982,535982,535982.00,0,,
directory_depth_3,rigidmodels\buildings\ogr_large_tent_02,1,1,100.00,0,0.00,0,0.00,0,0.00,0,0.00,316688,1,316688,316688,316688,316688.00,0,,
directory_depth_3,rigidmodels\buildings\ogr_mammonth_tusk_01,1,1,100.00,0,0.00,0,0.00,0,0.00,0,0.00,34930,1,34930,34930,34930,34930.00,0,,
directory_depth_3,rigidmodels\buildings\ogr_mammonth_tusk_02,1,1,100.00,0,0.00,0,0.00,0,0.00,0,0.00,35314,1,35314,35314,35314,35314.00,0,,
directory_depth_3,rigidmodels\buildings\ogr_mountain_01_lrg,1,1,100.00,0,0.00,0,0.00,0,0.00,0,0.00,393708,1,393708,393708,393708,393708.00,0,,
directory_depth_3,rigidmodels\buildings\ogr_platform_bend_01,1,1,100.00,0,0.00,0,0.00,0,0.00,0,0.00,125328,1,125328,125328,125328,125328.00,0,,
directory_depth_3,rigidmodels\buildings\ogr_platform_lookout_01,1,1,100.00,0,0.00,0,0.00,0,0.00,0,0.00,211838,1,211838,211838,211838,211838.00,0,,
directory_depth_3,rigidmodels\buildings\ogr_platform_stairs_01,1,1,100.00,0,0.00,0,0.00,0,0.00,0,0.00,90306,1,90306,90306,90306,90306.00,0,,
directory_depth_3,rigidmodels\buildings\ogr_platform_straight_01,1,1,100.00,0,0.00,0,0.00,0,0.00,0,0.00,104564,1,104564,104564,104564,104564.00,0,,
directory_depth_3,rigidmodels\buildings\ogr_pole_01,1,1,100.00,0,0.00,0,0.00,0,0.00,0,0.00,12792,1,12792,12792,12792,12792.00,0,,
directory_depth_3,rigidmodels\buildings\ogr_pole_02,1,1,100.00,0,0.00,0,0.00,0,0.00,0,0.00,21112,1,21112,21112,21112,21112.00,0,,
directory_depth_3,rigidmodels\buildings\ogr_pot_large_01,1,1,100.00,0,0.00,0,0.00,0,0.00,0,0.00,201036,1,201036,201036,201036,201036.00,0,,
directory_depth_3,rigidmodels\buildings\ogr_rack_meat_01,1,1,100.00,0,0.00,0,0.00,0,0.00,0,0.00,81230,1,81230,81230,81230,81230.00,0,,
directory_depth_3,rigidmodels\buildings\ogr_rack_tool_01,1,1,100.00,0,0.00,0,0.00,0,0.00,0,0.00,134750,1,134750,134750,134750,134750.00,0,,
directory_depth_3,rigidmodels\buildings\ogr_rubble_01,1,1,100.00,0,0.00,0,0.00,0,0.00,0,0.00,74772,1,74772,74772,74772,74772.00,0,,
directory_depth_3,rigidmodels\buildings\ogr_rubble_01_tb,1,1,100.00,0,0.00,0,0.00,0,0.00,0,0.00,78300,1,78300,78300,78300,78300.00,0,,
directory_depth_3,rigidmodels\buildings\ogr_rubble_02,1,1,100.00,0,0.00,0,0.00,0,0.00,0,0.00,84222,1,84222,84222,84222,84222.00,0,,
directory_depth_3,rigidmodels\buildings\ogr_rubble_02_tb,1,1,100.00,0,0.00,0,0.00,0,0.00,0,0.00,90930,1,90930,90930,90930,90930.00,0,,
directory_depth_3,rigidmodels\buildings\ogr_rubble_03,1,1,100.00,0,0.00,0,0.00,0,0.00,0,0.00,70664,1,70664,70664,70664,70664.00,0,,
directory_depth_3,rigidmodels\buildings\ogr_rubble_03_tb,1,1,100.00,0,0.00,0,0.00,0,0.00,0,0.00,75996,1,75996,75996,75996,75996.00,0,,
directory_depth_3,rigidmodels\buildings\ogr_rubble_04,1,1,100.00,0,0.00,0,0.00,0,0.00,0,0.00,76796,1,76796,76796,76796,76796.00,0,,
directory_depth_3,rigidmodels\buildings\ogr_rubble_04_tb,1,1,100.00,0,0.00,0,0.00,0,0.00,0,0.00,80772,1,80772,80772,80772,80772.00,0,,
directory_depth_3,rigidmodels\buildings\ogr_sharpboulder_01,1,1,100.00,0,0.00,0,0.00,0,0.00,0,0.00,10200,1,10200,10200,10200,10200.00,0,,
directory_depth_3,rigidmodels\buildings\ogr_sharpboulder_02,1,1,100.00,0,0.00,0,0.00,0,0.00,0,0.00,13180,1,13180,13180,13180,13180.00,0,,
directory_depth_3,rigidmodels\buildings\ogr_sharpboulder_03,1,1,100.00,0,0.00,0,0.00,0,0.00,0,0.00,15008,1,15008,15008,15008,15008.00,0,,
directory_depth_3,rigidmodels\buildings\ogr_sharprock_01,1,1,100.00,0,0.00,0,0.00,0,0.00,0,0.00,82264,1,82264,82264,82264,82264.00,0,,
directory_depth_3,rigidmodels\buildings\ogr_sharprock_02,1,1,100.00,0,0.00,0,0.00,0,0.00,0,0.00,31398,1,31398,31398,31398,31398.00,0,,
directory_depth_3,rigidmodels\buildings\ogr_sharprock_03,1,1,100.00,0,0.00,0,0.00,0,0.00,0,0.00,24566,1,24566,24566,24566,24566.00,0,,
directory_depth_3,rigidmodels\buildings\ogr_sharprock_04,1,1,100.00,0,0.00,0,0.00,0,0.00,0,0.00,31782,1,31782,31782,31782,31782.00,0,,
directory_depth_3,rigidmodels\buildings\ogr_shield_01,1,1,100.00,0,0.00,0,0.00,0,0.00,0,0.00,30516,1,30516,30516,30516,30516.00,0,,
directory_depth_3,rigidmodels\buildings\ogr_sky_blocks_01,1,1,100.00,0,0.00,0,0.00,0,0.00,0,0.00,43368,1,43368,43368,43368,43368.00,0,,
directory_depth_3,rigidmodels\buildings\ogr_sky_blocks_02,1,1,100.00,0,0.00,0,0.00,0,0.00,0,0.00,66252,1,66252,66252,66252,66252.00,0,,
directory_depth_3,rigidmodels\buildings\ogr_sky_blocks_03,1,1,100.00,0,0.00,0,0.00,0,0.00,0,0.00,63046,1,63046,63046,63046,63046.00,0,,
directory_depth_3,rigidmodels\buildings\ogr_sky_bridge_section_01,3,3,100.00,0,0.00,0,0.00,0,0.00,0,0.00,229988,3,229988,69400,83124,76662.67,0,,
directory_depth_3,rigidmodels\buildings\ogr_sky_bridge_support_01,3,3,100.00,0,0.00,0,0.00,0,0.00,0,0.00,3200988,3,3200988,850640,1246990,1066996.00,0,,
directory_depth_3,rigidmodels\buildings\ogr_sky_pillar_01,2,2,100.00,0,0.00,0,0.00,0,0.00,0,0.00,61456,2,61456,30664,30792,30728.00,0,,
directory_depth_3,rigidmodels\buildings\ogr_sky_rubble_01,1,1,100.00,0,0.00,0,0.00,0,0.00,0,0.00,552440,1,552440,552440,552440,552440.00,0,,
directory_depth_3,rigidmodels\buildings\ogr_sky_rubble_02,1,1,100.00,0,0.00,0,0.00,0,0.00,0,0.00,121290,1,121290,121290,121290,121290.00,0,,
directory_depth_3,rigidmodels\buildings\ogr_sky_stairs_01,1,1,100.00,0,0.00,0,0.00,0,0.00,0,0.00,694190,1,694190,694190,694190,694190.00,0,,
directory_depth_3,rigidmodels\buildings\ogr_sky_stairs_02,1,1,100.00,0,0.00,0,0.00,0,0.00,0,0.00,361204,1,361204,361204,361204,361204.00,0,,
directory_depth_3,rigidmodels\buildings\ogr_sky_stairs_03,1,1,100.00,0,0.00,0,0.00,0,0.00,0,0.00,313420,1,313420,313420,313420,313420.00,0,,
directory_depth_3,rigidmodels\buildings\ogr_sky_tower_01,3,3,100.00,0,0.00,0,0.00,0,0.00,0,0.00,2018260,3,2018260,601884,732442,672753.33,0,,
directory_depth_3,rigidmodels\buildings\ogr_sky_wall_01,2,2,100.00,0,0.00,0,0.00,0,0.00,0,0.00,623846,2,623846,284146,339700,311923.00,0,,
directory_depth_3,rigidmodels\buildings\ogr_small_hut_01,1,1,100.00,0,0.00,0,0.00,0,0.00,0,0.00,430510,1,430510,430510,430510,430510.00,0,,
directory_depth_3,rigidmodels\buildings\ogr_small_hut_02,1,1,100.00,0,0.00,0,0.00,0,0.00,0,0.00,506528,1,506528,506528,506528,506528.00,0,,
directory_depth_3,rigidmodels\buildings\ogr_spinepeak_01,1,1,100.00,0,0.00,0,0.00,0,0.00,0,0.00,190800,1,190800,190800,190800,190800.00,0,,
directory_depth_3,rigidmodels\buildings\ogr_spiralstair_01,1,1,100.00,0,0.00,0,0.00,0,0.00,0,0.00,19120,1,19120,19120,19120,19120.00,0,,
directory_depth_3,rigidmodels\buildings\ogr_stairs_wooden_01,1,1,100.00,0,0.00,0,0.00,0,0.00,0,0.00,87208,1,87208,87208,87208,87208.00,0,,
directory_depth_3,rigidmodels\buildings\ogr_stonetooth_01,1,1,100.00,0,0.00,0,0.00,0,0.00,0,0.00,285502,1,285502,285502,285502,285502.00,0,,
directory_depth_3,rigidmodels\buildings\ogr_stonetooth_02,1,1,100.00,0,0.00,0,0.00,0,0.00,0,0.00,208632,1,208632,208632,208632,208632.00,0,,
directory_depth_3,rigidmodels\buildings\ogr_stonetooth_03,1,1,100.00,0,0.00,0,0.00,0,0.00,0,0.00,97512,1,97512,97512,97512,97512.00,0,,
directory_depth_3,rigidmodels\buildings\ogr_stonetooth_04,1,1,100.00,0,0.00,0,0.00,0,0.00,0,0.00,36912,1,36912,36912,36912,36912.00,0,,
directory_depth_3,rigidmodels\buildings\ogr_structure_01,1,1,100.00,0,0.00,0,0.00,0,0.00,0,0.00,2574012,1,2574012,2574012,2574012,2574012.00,0,,
directory_depth_3,rigidmodels\buildings\ogr_structure_02,1,1,100.00,0,0.00,0,0.00,0,0.00,0,0.00,3994782,1,3994782,3994782,3994782,3994782.00,0,,
directory_depth_3,rigidmodels\buildings\ogr_structure_03,1,1,100.00,0,0.00,0,0.00,0,0.00,0,0.00,3438056,1,3438056,3438056,3438056,3438056.00,0,,
directory_depth_3,rigidmodels\buildings\ogr_structure_04,1,1,100.00,0,0.00,0,0.00,0,0.00,0,0.00,972564,1,972564,972564,972564,972564.00,0,,
directory_depth_3,rigidmodels\buildings\ogr_structure_05,1,1,100.00,0,0.00,0,0.00,0,0.00,0,0.00,2862458,1,2862458,2862458,2862458,2862458.00,0,,
directory_depth_3,rigidmodels\buildings\ogr_structure_06,1,1,100.00,0,0.00,0,0.00,0,0.00,0,0.00,1214630,1,1214630,1214630,1214630,1214630.00,0,,
directory_depth_3,rigidmodels\buildings\ogr_structure_piece_01,1,1,100.00,0,0.00,0,0.00,0,0.00,0,0.00,296772,1,296772,296772,296772,296772.00,0,,
directory_depth_3,rigidmodels\buildings\ogr_structure_piece_02,1,1,100.00,0,0.00,0,0.00,0,0.00,0,0.00,134248,1,134248,134248,134248,134248.00,0,,
directory_depth_3,rigidmodels\buildings\ogr_structure_piece_03,1,1,100.00,0,0.00,0,0.00,0,0.00,0,0.00,635758,1,635758,635758,635758,635758.00,0,,
directory_depth_3,rigidmodels\buildings\ogr_structure_piece_04,1,1,100.00,0,0.00,0,0.00,0,0.00,0,0.00,70984,1,70984,70984,70984,70984.00,0,,
directory_depth_3,rigidmodels\buildings\ogr_totem_01,1,1,100.00,0,0.00,0,0.00,0,0.00,0,0.00,126976,1,126976,126976,126976,126976.00,0,,
directory_depth_3,rigidmodels\buildings\ogr_totem_02,1,1,100.00,0,0.00,0,0.00,0,0.00,0,0.00,84664,1,84664,84664,84664,84664.00,0,,
directory_depth_3,rigidmodels\buildings\ogr_tower_placement_01,3,3,100.00,0,0.00,0,0.00,0,0.00,0,0.00,3242734,3,3242734,595052,1862792,1080911.33,0,,
directory_depth_3,rigidmodels\buildings\ogr_tower_placement_02,3,3,100.00,0,0.00,0,0.00,0,0.00,0,0.00,3242734,3,3242734,595052,1862792,1080911.33,0,,
directory_depth_3,rigidmodels\buildings\ogr_tower_placement_03,3,3,100.00,0,0.00,0,0.00,0,0.00,0,0.00,3242734,3,3242734,595052,1862792,1080911.33,0,,
directory_depth_3,rigidmodels\buildings\ogr_tower_placement_04,3,3,100.00,0,0.00,0,0.00,0,0.00,0,0.00,3242734,3,3242734,595052,1862792,1080911.33,0,,
directory_depth_3,rigidmodels\buildings\ogr_tripod_01,3,3,100.00,0,0.00,0,0.00,0,0.00,0,0.00,292252,3,292252,77344,108486,97417.33,0,,
directory_depth_3,rigidmodels\buildings\ogr_tusk_01,1,1,100.00,0,0.00,0,0.00,0,0.00,0,0.00,25454,1,25454,25454,25454,25454.00,0,,
directory_depth_3,rigidmodels\buildings\ogr_tusk_02,1,1,100.00,0,0.00,0,0.00,0,0.00,0,0.00,8776,1,8776,8776,8776,8776.00,0,,
directory_depth_3,rigidmodels\buildings\ogr_tusk_03,1,1,100.00,0,0.00,0,0.00,0,0.00,0,0.00,8776,1,8776,8776,8776,8776.00,0,,
directory_depth_3,rigidmodels\buildings\ogr_watchtower_01,1,1,100.00,0,0.00,0,0.00,0,0.00,0,0.00,728296,1,728296,728296,728296,728296.00,0,,
directory_depth_3,rigidmodels\buildings\prcdl_animal_bones_01,1,1,100.00,0,0.00,0,0.00,0,0.00,0,0.00,21394,1,21394,21394,21394,21394.00,0,,
directory_depth_3,rigidmodels\buildings\prcdl_animal_bones_02,1,1,100.00,0,0.00,0,0.00,0,0.00,0,0.00,24814,1,24814,24814,24814,24814.00,0,,
directory_depth_3,rigidmodels\buildings\prcdl_animal_bones_03,1,1,100.00,0,0.00,0,0.00,0,0.00,0,0.00,14620,1,14620,14620,14620,14620.00,0,,
directory_depth_3,rigidmodels\buildings\prcdl_animal_bones_04,1,1,100.00,0,0.00,0,0.00,0,0.00,0,0.00,30686,1,30686,30686,30686,30686.00,0,,
directory_depth_3,rigidmodels\buildings\prcdl_bones_01,1,1,100.00,0,0.00,0,0.00,0,0.00,0,0.00,42364,1,42364,42364,42364,42364.00,0,,
directory_depth_3,rigidmodels\buildings\prcdl_bones_02,1,1,100.00,0,0.00,0,0.00,0,0.00,0,0.00,11086,1,11086,11086,11086,11086.00,0,,
directory_depth_3,rigidmodels\buildings\prcdl_bones_03,1,1,100.00,0,0.00,0,0.00,0,0.00,0,0.00,15696,1,15696,15696,15696,15696.00,0,,
directory_depth_3,rigidmodels\buildings\prcdl_bones_04,1,1,100.00,0,0.00,0,0.00,0,0.00,0,0.00,18898,1,18898,18898,18898,18898.00,0,,
directory_depth_3,rigidmodels\buildings\ref_group_human,1,1,100.00,0,0.00,0,0.00,0,0.00,0,0.00,4976352,1,4976352,4976352,4976352,4976352.00,0,,
directory_depth_3,rigidmodels\buildings\ref_single_dwarf,1,1,100.00,0,0.00,0,0.00,0,0.00,0,0.00,25680,1,25680,25680,25680,25680.00,0,,
directory_depth_3,rigidmodels\buildings\ref_single_human,1,1,100.00,0,0.00,0,0.00,0,0.00,0,0.00,43828,1,43828,43828,43828,43828.00,0,,
directory_depth_3,rigidmodels\buildings\scree_cliffskirt_a,1,1,100.00,0,0.00,0,0.00,0,0.00,0,0.00,9056,1,9056,9056,9056,9056.00,0,,
directory_depth_3,rigidmodels\buildings\shelf_mushrooms_a,1,1,100.00,0,0.00,0,0.00,0,0.00,0,0.00,14882,1,14882,14882,14882,14882.00,0,,
directory_depth_3,rigidmodels\buildings\shelf_mushrooms_b,1,1,100.00,0,0.00,0,0.00,0,0.00,0,0.00,14120,1,14120,14120,14120,14120.00,0,,
directory_depth_3,rigidmodels\buildings\shelf_mushrooms_c,1,1,100.00,0,0.00,0,0.00,0,0.00,0,0.00,11808,1,11808,11808,11808,11808.00,0,,
directory_depth_3,rigidmodels\buildings\shelf_mushrooms_d,1,1,100.00,0,0.00,0,0.00,0,0.00,0,0.00,5162,1,5162,5162,5162,5162.00,0,,
directory_depth_3,rigidmodels\buildings\shelf_mushrooms_e,1,1,100.00,0,0.00,0,0.00,0,0.00,0,0.00,5162,1,5162,5162,5162,5162.00,0,,
directory_depth_3,rigidmodels\buildings\shelf_mushrooms_f,1,1,100.00,0,0.00,0,0.00,0,0.00,0,0.00,5162,1,5162,5162,5162,5162.00,0,,
directory_depth_3,rigidmodels\buildings\shelf_mushrooms_g,1,1,100.00,0,0.00,0,0.00,0,0.00,0,0.00,5162,1,5162,5162,5162,5162.00,0,,
directory_depth_3,rigidmodels\buildings\shrub_giantlily_01,1,1,100.00,0,0.00,0,0.00,0,0.00,0,0.00,7704,1,7704,7704,7704,7704.00,0,,
directory_depth_3,rigidmodels\buildings\skull_terrain_01,1,1,100.00,0,0.00,0,0.00,0,0.00,0,0.00,14550,1,14550,14550,14550,14550.00,0,,
directory_depth_3,rigidmodels\buildings\skull_terrain_02,1,1,100.00,0,0.00,0,0.00,0,0.00,0,0.00,20320,1,20320,20320,20320,20320.00,0,,
directory_depth_3,rigidmodels\buildings\skull_terrain_03,1,1,100.00,0,0.00,0,0.00,0,0.00,0,0.00,26120,1,26120,26120,26120,26120.00,0,,
directory_depth_3,rigidmodels\buildings\skull_terrain_04,1,1,100.00,0,0.00,0,0.00,0,0.00,0,0.00,36028,1,36028,36028,36028,36028.00,0,,
directory_depth_3,rigidmodels\buildings\skv_barricade_blocker_01,2,2,100.00,0,0.00,0,0.00,0,0.00,0,0.00,188730,2,188730,91654,97076,94365.00,0,,
directory_depth_3,rigidmodels\buildings\skv_barricade_monument_01,2,2,100.00,0,0.00,0,0.00,0,0.00,0,0.00,25520,2,25520,12716,12804,12760.00,0,,
directory_depth_3,rigidmodels\buildings\skv_barricade_platform_01,3,3,100.00,0,0.00,0,0.00,0,0.00,0,0.00,1117144,3,1117144,318532,441652,372381.33,0,,
directory_depth_3,rigidmodels\buildings\skv_barricade_trap_01,2,2,100.00,0,0.00,0,0.00,0,0.00,0,0.00,530814,2,530814,247504,283310,265407.00,0,,
directory_depth_3,rigidmodels\buildings\skv_barricade_trap_02,2,2,100.00,0,0.00,0,0.00,0,0.00,0,0.00,188196,2,188196,93308,94888,94098.00,0,,
directory_depth_3,rigidmodels\buildings\skv_batteringram,7,7,100.00,0,0.00,0,0.00,0,0.00,0,0.00,1193986,7,1193986,11044,478888,170569.43,0,,
directory_depth_3,rigidmodels\buildings\skv_bell_01,1,1,100.00,0,0.00,0,0.00,0,0.00,0,0.00,56864,1,56864,56864,56864,56864.00,0,,
directory_depth_3,rigidmodels\buildings\skv_bridge_105m_01,1,1,100.00,0,0.00,0,0.00,0,0.00,0,0.00,2099044,1,2099044,2099044,2099044,2099044.00,0,,
directory_depth_3,rigidmodels\buildings\skv_chain_hanging_long_01,1,1,100.00,0,0.00,0,0.00,0,0.00,0,0.00,25672,1,25672,25672,25672,25672.00,0,,
directory_depth_3,rigidmodels\buildings\skv_chain_hanging_long_02,1,1,100.00,0,0.00,0,0.00,0,0.00,0,0.00,25976,1,25976,25976,25976,25976.00,0,,
directory_depth_3,rigidmodels\buildings\skv_chain_hanging_short_01,1,1,100.00,0,0.00,0,0.00,0,0.00,0,0.00,19188,1,19188,19188,19188,19188.00,0,,
directory_depth_3,rigidmodels\buildings\skv_cliff_02,1,1,100.00,0,0.00,0,0.00,0,0.00,0,0.00,112996,1,112996,112996,112996,112996.00,0,,
directory_depth_3,rigidmodels\buildings\skv_cliff_bank_a,1,1,100.00,0,0.00,0,0.00,0,0.00,0,0.00,112586,1,112586,112586,112586,112586.00,0,,
directory_depth_3,rigidmodels\buildings\skv_cliff_bank_b,1,1,100.00,0,0.00,0,0.00,0,0.00,0,0.00,107628,1,107628,107628,107628,107628.00,0,,
directory_depth_3,rigidmodels\buildings\skv_cliff_bank_c,1,1,100.00,0,0.00,0,0.00,0,0.00,0,0.00,207928,1,207928,207928,207928,207928.00,0,,
directory_depth_3,rigidmodels\buildings\skv_cliff_bank_d,1,1,100.00,0,0.00,0,0.00,0,0.00,0,0.00,68652,1,68652,68652,68652,68652.00,0,,
directory_depth_3,rigidmodels\buildings\skv_cliff_bank_e,1,1,100.00,0,0.00,0,0.00,0,0.00,0,0.00,68140,1,68140,68140,68140,68140.00,0,,
directory_depth_3,rigidmodels\buildings\skv_cliff_bank_f,1,1,100.00,0,0.00,0,0.00,0,0.00,0,0.00,96416,1,96416,96416,96416,96416.00,0,,
directory_depth_3,rigidmodels\buildings\skv_cliff_bank_g,1,1,100.00,0,0.00,0,0.00,0,0.00,0,0.00,325456,1,325456,325456,325456,325456.00,0,,
directory_depth_3,rigidmodels\buildings\skv_cliffs_01,1,1,100.00,0,0.00,0,0.00,0,0.00,0,0.00,222240,1,222240,222240,222240,222240.00,0,,
directory_depth_3,rigidmodels\buildings\skv_cliffs_02_mud,1,1,100.00,0,0.00,0,0.00,0,0.00,0,0.00,389912,1,389912,389912,389912,389912.00,0,,
directory_depth_3,rigidmodels\buildings\skv_cliffs_02_pillar,1,1,100.00,0,0.00,0,0.00,0,0.00,0,0.00,34636,1,34636,34636,34636,34636.00,0,,
directory_depth_3,rigidmodels\buildings\skv_cliffs_02_pillar_base,1,1,100.00,0,0.00,0,0.00,0,0.00,0,0.00,209308,1,209308,209308,209308,209308.00,0,,
directory_depth_3,rigidmodels\buildings\skv_cliffs_02_slab,1,1,100.00,0,0.00,0,0.00,0,0.00,0,0.00,63848,1,63848,63848,63848,63848.00,0,,
directory_depth_3,rigidmodels\buildings\skv_crane_hanging_platform_01,1,1,100.00,0,0.00,0,0.00,0,0.00,0,0.00,230962,1,230962,230962,230962,230962.00,0,,
directory_depth_3,rigidmodels\buildings\skv_equipment_flag_red_01,1,1,100.00,0,0.00,0,0.00,0,0.00,0,0.00,12176,1,12176,12176,12176,12176.00,0,,
directory_depth_3,rigidmodels\buildings\skv_equipment_flag_white_01,1,1,100.00,0,0.00,0,0.00,0,0.00,0,0.00,12176,1,12176,12176,12176,12176.00,0,,
directory_depth_3,rigidmodels\buildings\skv_equipment_rope_spikes_01,1,1,100.00,0,0.00,0,0.00,0,0.00,0,0.00,74900,1,74900,74900,74900,74900.00,0,,
directory_depth_3,rigidmodels\buildings\skv_gate_01,1,1,100.00,0,0.00,0,0.00,0,0.00,0,0.00,1433952,1,1433952,1433952,1433952,1433952.00,0,,
directory_depth_3,rigidmodels\buildings\skv_generic_pipe_curved_v1,1,1,100.00,0,0.00,0,0.00,0,0.00,0,0.00,35584,1,35584,35584,35584,35584.00,0,,
directory_depth_3,rigidmodels\buildings\skv_generic_pipe_curved_v2,1,1,100.00,0,0.00,0,0.00,0,0.00,0,0.00,34412,1,34412,34412,34412,34412.00,0,,
directory_depth_3,rigidmodels\buildings\skv_generic_pipe_small_corner_v1,1,1,100.00,0,0.00,0,0.00,0,0.00,0,0.00,16368,1,16368,16368,16368,16368.00,0,,
directory_depth_3,rigidmodels\buildings\skv_generic_pipe_straight_v1,1,1,100.00,0,0.00,0,0.00,0,0.00,0,0.00,32064,1,32064,32064,32064,32064.00,0,,
directory_depth_3,rigidmodels\buildings\skv_generic_pipe_straight_v2,1,1,100.00,0,0.00,0,0.00,0,0.00,0,0.00,30880,1,30880,30880,30880,30880.00,0,,
directory_depth_3,rigidmodels\buildings\skv_junk_metal_01,1,1,100.00,0,0.00,0,0.00,0,0.00,0,0.00,10248,1,10248,10248,10248,10248.00,0,,
directory_depth_3,rigidmodels\buildings\skv_junk_metal_02,1,1,100.00,0,0.00,0,0.00,0,0.00,0,0.00,17008,1,17008,17008,17008,17008.00,0,,
directory_depth_3,rigidmodels\buildings\skv_junk_pipe_01,1,1,100.00,0,0.00,0,0.00,0,0.00,0,0.00,26236,1,26236,26236,26236,26236.00,0,,
directory_depth_3,rigidmodels\buildings\skv_junk_pipe_02,1,1,100.00,0,0.00,0,0.00,0,0.00,0,0.00,15212,1,15212,15212,15212,15212.00,0,,
directory_depth_3,rigidmodels\buildings\skv_junk_pipe_03,1,1,100.00,0,0.00,0,0.00,0,0.00,0,0.00,19652,1,19652,19652,19652,19652.00,0,,
directory_depth_3,rigidmodels\buildings\skv_junk_pipe_04,1,1,100.00,0,0.00,0,0.00,0,0.00,0,0.00,16684,1,16684,16684,16684,16684.00,0,,
directory_depth_3,rigidmodels\buildings\skv_junk_pipe_05,1,1,100.00,0,0.00,0,0.00,0,0.00,0,0.00,7992,1,7992,7992,7992,7992.00,0,,
directory_depth_3,rigidmodels\buildings\skv_junk_powercell_01,1,1,100.00,0,0.00,0,0.00,0,0.00,0,0.00,8248,1,8248,8248,8248,8248.00,0,,
directory_depth_3,rigidmodels\buildings\skv_machinery_01,1,1,100.00,0,0.00,0,0.00,0,0.00,0,0.00,163926,1,163926,163926,163926,163926.00,0,,
directory_depth_3,rigidmodels\buildings\skv_machinery_02,1,1,100.00,0,0.00,0,0.00,0,0.00,0,0.00,162720,1,162720,162720,162720,162720.00,0,,
directory_depth_3,rigidmodels\buildings\skv_machinery_03,1,1,100.00,0,0.00,0,0.00,0,0.00,0,0.00,228028,1,228028,228028,228028,228028.00,0,,
directory_depth_3,rigidmodels\buildings\skv_machinery_tank_01,1,1,100.00,0,0.00,0,0.00,0,0.00,0,0.00,52276,1,52276,52276,52276,52276.00,0,,
directory_depth_3,rigidmodels\buildings\skv_mudbank_01,1,1,100.00,0,0.00,0,0.00,0,0.00,0,0.00,138962,1,138962,138962,138962,138962.00,0,,
directory_depth_3,rigidmodels\buildings\skv_mudbank_02,1,1,100.00,0,0.00,0,0.00,0,0.00,0,0.00,170172,1,170172,170172,170172,170172.00,0,,
directory_depth_3,rigidmodels\buildings\skv_mudbank_03,1,1,100.00,0,0.00,0,0.00,0,0.00,0,0.00,162294,1,162294,162294,162294,162294.00,0,,
directory_depth_3,rigidmodels\buildings\skv_mudbank_04,1,1,100.00,0,0.00,0,0.00,0,0.00,0,0.00,120146,1,120146,120146,120146,120146.00,0,,
directory_depth_3,rigidmodels\buildings\skv_mudbank_05,1,1,100.00,0,0.00,0,0.00,0,0.00,0,0.00,104376,1,104376,104376,104376,104376.00,0,,
directory_depth_3,rigidmodels\buildings\skv_mudbank_06,1,1,100.00,0,0.00,0,0.00,0,0.00,0,0.00,138932,1,138932,138932,138932,138932.00,0,,
directory_depth_3,rigidmodels\buildings\skv_mudbank_07,1,1,100.00,0,0.00,0,0.00,0,0.00,0,0.00,306134,1,306134,306134,306134,306134.00,0,,
directory_depth_3,rigidmodels\buildings\skv_mudbank_large_concave_01,1,1,100.00,0,0.00,0,0.00,0,0.00,0,0.00,272716,1,272716,272716,272716,272716.00,0,,
directory_depth_3,rigidmodels\buildings\skv_mudbank_large_convex_01,1,1,100.00,0,0.00,0,0.00,0,0.00,0,0.00,228212,1,228212,228212,228212,228212.00,0,,
directory_depth_3,rigidmodels\buildings\skv_mudbank_medium_concave_01,1,1,100.00,0,0.00,0,0.00,0,0.00,0,0.00,127520,1,127520,127520,127520,127520.00,0,,
directory_depth_3,rigidmodels\buildings\skv_mudbank_medium_convex_01,1,1,100.00,0,0.00,0,0.00,0,0.00,0,0.00,110922,1,110922,110922,110922,110922.00,0,,
directory_depth_3,rigidmodels\buildings\skv_mudpile_01,1,1,100.00,0,0.00,0,0.00,0,0.00,0,0.00,8960,1,8960,8960,8960,8960.00,0,,
directory_depth_3,rigidmodels\buildings\skv_mudpile_02,1,1,100.00,0,0.00,0,0.00,0,0.00,0,0.00,9364,1,9364,9364,9364,9364.00,0,,
directory_depth_3,rigidmodels\buildings\skv_platform_01,1,1,100.00,0,0.00,0,0.00,0,0.00,0,0.00,62456,1,62456,62456,62456,62456.00,0,,
directory_depth_3,rigidmodels\buildings\skv_platform_02,1,1,100.00,0,0.00,0,0.00,0,0.00,0,0.00,56816,1,56816,56816,56816,56816.00,0,,
directory_depth_3,rigidmodels\buildings\skv_platform_03,1,1,100.00,0,0.00,0,0.00,0,0.00,0,0.00,64868,1,64868,64868,64868,64868.00,0,,
directory_depth_3,rigidmodels\buildings\skv_platform_04,1,1,100.00,0,0.00,0,0.00,0,0.00,0,0.00,141144,1,141144,141144,141144,141144.00,0,,
directory_depth_3,rigidmodels\buildings\skv_platform_05,1,1,100.00,0,0.00,0,0.00,0,0.00,0,0.00,98128,1,98128,98128,98128,98128.00,0,,
directory_depth_3,rigidmodels\buildings\skv_rail_cart_01,1,1,100.00,0,0.00,0,0.00,0,0.00,0,0.00,346560,1,346560,346560,346560,346560.00,0,,
directory_depth_3,rigidmodels\buildings\skv_rail_cart_02,1,1,100.00,0,0.00,0,0.00,0,0.00,0,0.00,295604,1,295604,295604,295604,295604.00,0,,
directory_depth_3,rigidmodels\buildings\skv_rail_cart_03,1,1,100.00,0,0.00,0,0.00,0,0.00,0,0.00,300672,1,300672,300672,300672,300672.00,0,,
directory_depth_3,rigidmodels\buildings\skv_rail_cart_04,1,1,100.00,0,0.00,0,0.00,0,0.00,0,0.00,328832,1,328832,328832,328832,328832.00,0,,
directory_depth_3,rigidmodels\buildings\skv_rock_01,1,1,100.00,0,0.00,0,0.00,0,0.00,0,0.00,237088,1,237088,237088,237088,237088.00,0,,
directory_depth_3,rigidmodels\buildings\skv_rope_hanging_long_01,1,1,100.00,0,0.00,0,0.00,0,0.00,0,0.00,32672,1,32672,32672,32672,32672.00,0,,
directory_depth_3,rigidmodels\buildings\skv_rope_hanging_short_01,1,1,100.00,0,0.00,0,0.00,0,0.00,0,0.00,30064,1,30064,30064,30064,30064.00,0,,
directory_depth_3,rigidmodels\buildings\skv_rubble_01,1,1,100.00,0,0.00,0,0.00,0,0.00,0,0.00,107704,1,107704,107704,107704,107704.00,0,,
directory_depth_3,rigidmodels\buildings\skv_rubble_02,1,1,100.00,0,0.00,0,0.00,0,0.00,0,0.00,139324,1,139324,139324,139324,139324.00,0,,
directory_depth_3,rigidmodels\buildings\skv_scaffold_01,1,1,100.00,0,0.00,0,0.00,0,0.00,0,0.00,183952,1,183952,183952,183952,183952.00,0,,
directory_depth_3,rigidmodels\buildings\skv_scaffold_02,1,1,100.00,0,0.00,0,0.00,0,0.00,0,0.00,57776,1,57776,57776,57776,57776.00,0,,
directory_depth_3,rigidmodels\buildings\skv_scaffold_03,1,1,100.00,0,0.00,0,0.00,0,0.00,0,0.00,137960,1,137960,137960,137960,137960.00,0,,
directory_depth_3,rigidmodels\buildings\skv_scaffold_04,1,1,100.00,0,0.00,0,0.00,0,0.00,0,0.00,159282,1,159282,159282,159282,159282.00,0,,
directory_depth_3,rigidmodels\buildings\skv_scaffold_05_machinery,1,1,100.00,0,0.00,0,0.00,0,0.00,0,0.00,227270,1,227270,227270,227270,227270.00,0,,
directory_depth_3,rigidmodels\buildings\skv_scaffold_post_01,1,1,100.00,0,0.00,0,0.00,0,0.00,0,0.00,14008,1,14008,14008,14008,14008.00,0,,
directory_depth_3,rigidmodels\buildings\skv_scaffold_post_02,1,1,100.00,0,0.00,0,0.00,0,0.00,0,0.00,22552,1,22552,22552,22552,22552.00,0,,
directory_depth_3,rigidmodels\buildings\skv_scaffold_support_01,1,1,100.00,0,0.00,0,0.00,0,0.00,0,0.00,47720,1,47720,47720,47720,47720.00,0,,
directory_depth_3,rigidmodels\buildings\skv_scaffold_tall_01,1,1,100.00,0,0.00,0,0.00,0,0.00,0,0.00,55080,1,55080,55080,55080,55080.00,0,,
directory_depth_3,rigidmodels\buildings\skv_siege_tower_15m,13,13,100.00,0,0.00,0,0.00,0,0.00,0,0.00,3311846,13,3311846,9284,1423572,254757.38,0,,
directory_depth_3,rigidmodels\buildings\skv_stalag_01,1,1,100.00,0,0.00,0,0.00,0,0.00,0,0.00,283440,1,283440,283440,283440,283440.00,0,,
directory_depth_3,rigidmodels\buildings\skv_stalag_02,1,1,100.00,0,0.00,0,0.00,0,0.00,0,0.00,283440,1,283440,283440,283440,283440.00,0,,
directory_depth_3,rigidmodels\buildings\skv_tower_placement_01,3,3,100.00,0,0.00,0,0.00,0,0.00,0,0.00,3242734,3,3242734,595052,1862792,1080911.33,0,,
directory_depth_3,rigidmodels\buildings\skv_tower_placement_02,3,3,100.00,0,0.00,0,0.00,0,0.00,0,0.00,3242734,3,3242734,595052,1862792,1080911.33,0,,
directory_depth_3,rigidmodels\buildings\skv_tower_placement_03,3,3,100.00,0,0.00,0,0.00,0,0.00,0,0.00,3242734,3,3242734,595052,1862792,1080911.33,0,,
directory_depth_3,rigidmodels\buildings\skv_tower_placement_04,3,3,100.00,0,0.00,0,0.00,0,0.00,0,0.00,3242734,3,3242734,595052,1862792,1080911.33,0,,
directory_depth_3,rigidmodels\buildings\skv_wall_angled_joiner,1,1,100.00,0,0.00,0,0.00,0,0.00,0,0.00,640722,1,640722,640722,640722,640722.00,0,,
directory_depth_3,rigidmodels\buildings\skv_wall_angled_joiner_display,1,1,100.00,0,0.00,0,0.00,0,0.00,0,0.00,660140,1,660140,660140,660140,660140.00,0,,
directory_depth_3,rigidmodels\buildings\skv_wall_angled_to_grid_joiner,3,3,100.00,0,0.00,0,0.00,0,0.00,0,0.00,4205266,3,4205266,271164,2429924,1401755.33,0,,
directory_depth_3,rigidmodels\buildings\skv_wall_angled_to_grid_joiner_display,1,1,100.00,0,0.00,0,0.00,0,0.00,0,0.00,1504178,1,1504178,1504178,1504178,1504178.00,0,,
directory_depth_3,rigidmodels\buildings\skv_wall_blocker,1,1,100.00,0,0.00,0,0.00,0,0.00,0,0.00,2801342,1,2801342,2801342,2801342,2801342.00,0,,
directory_depth_3,rigidmodels\buildings\skv_wall_corner_90_exter,1,1,100.00,0,0.00,0,0.00,0,0.00,0,0.00,2604108,1,2604108,2604108,2604108,2604108.00,0,,
directory_depth_3,rigidmodels\buildings\skv_wall_corner_90_exter_display,1,1,100.00,0,0.00,0,0.00,0,0.00,0,0.00,2603328,1,2603328,2603328,2603328,2603328.00,0,,
directory_depth_3,rigidmodels\buildings\skv_wall_corner_90_inter,1,1,100.00,0,0.00,0,0.00,0,0.00,0,0.00,2749928,1,2749928,2749928,2749928,2749928.00,0,,
directory_depth_3,rigidmodels\buildings\skv_wall_gatehouse_60,10,10,100.00,0,0.00,0,0.00,0,0.00,0,0.00,14506702,10,14506702,285192,4620934,1450670.20,0,,
directory_depth_3,rigidmodels\buildings\skv_wall_gatehouse_60_merlon,3,3,100.00,0,0.00,0,0.00,0,0.00,0,0.00,946600,3,946600,141116,476264,315533.33,0,,
directory_depth_3,rigidmodels\buildings\skv_wall_grid_to_angled_joiner,3,3,100.00,0,0.00,0,0.00,0,0.00,0,0.00,4200418,3,4200418,267708,2428532,1400139.33,0,,
directory_depth_3,rigidmodels\buildings\skv_wall_planks_01,3,3,100.00,0,0.00,0,0.00,0,0.00,0,0.00,51840,3,51840,3256,25328,17280.00,0,,
directory_depth_3,rigidmodels\buildings\skv_wall_shield_01,3,3,100.00,0,0.00,0,0.00,0,0.00,0,0.00,62620,3,62620,2824,37692,20873.33,0,,
directory_depth_3,rigidmodels\buildings\skv_wall_shield_02,3,3,100.00,0,0.00,0,0.00,0,0.00,0,0.00,49632,3,49632,2824,26840,16544.00,0,,
directory_depth_3,rigidmodels\buildings\skv_wall_shield_03,3,3,100.00,0,0.00,0,0.00,0,0.00,0,0.00,62116,3,62116,2824,34332,20705.33,0,,
directory_depth_3,rigidmodels\buildings\skv_wall_shield_04,3,3,100.00,0,0.00,0,0.00,0,0.00,0,0.00,48348,3,48348,2824,26204,16116.00,0,,
directory_depth_3,rigidmodels\buildings\skv_wall_stepdown_15,1,1,100.00,0,0.00,0,0.00,0,0.00,0,0.00,1500282,1,1500282,1500282,1500282,1500282.00,0,,
directory_depth_3,rigidmodels\buildings\skv_wall_stepdown_15_display,1,1,100.00,0,0.00,0,0.00,0,0.00,0,0.00,1500282,1,1500282,1500282,1500282,1500282.00,0,,
directory_depth_3,rigidmodels\buildings\skv_wall_stepup_15,1,1,100.00,0,0.00,0,0.00,0,0.00,0,0.00,1500282,1,1500282,1500282,1500282,1500282.00,0,,
directory_depth_3,rigidmodels\buildings\skv_wall_stepup_15_display,1,1,100.00,0,0.00,0,0.00,0,0.00,0,0.00,1500282,1,1500282,1500282,1500282,1500282.00,0,,
directory_depth_3,rigidmodels\buildings\skv_wall_straight_20,3,3,100.00,0,0.00,0,0.00,0,0.00,0,0.00,4652082,3,4652082,996466,1998684,1550694.00,0,,
directory_depth_3,rigidmodels\buildings\skv_wall_straight_20_01,3,3,100.00,0,0.00,0,0.00,0,0.00,0,0.00,4987928,3,4987928,1347338,1997384,1662642.67,0,,
directory_depth_3,rigidmodels\buildings\skv_wall_straight_20_display,1,1,100.00,0,0.00,0,0.00,0,0.00,0,0.00,1665934,1,1665934,1665934,1665934,1665934.00,0,,
directory_depth_3,rigidmodels\buildings\skv_wall_straight_20_merlon_01,3,3,100.00,0,0.00,0,0.00,0,0.00,0,0.00,829934,3,829934,78764,442264,276644.67,0,,
directory_depth_3,rigidmodels\buildings\skv_wall_tower,3,3,100.00,0,0.00,0,0.00,0,0.00,0,0.00,8757472,3,8757472,1801050,4265416,2919157.33,0,,
directory_depth_3,rigidmodels\buildings\skv_wall_tower_01,3,3,100.00,0,0.00,0,0.00,0,0.00,0,0.00,8757472,3,8757472,1801050,4265416,2919157.33,0,,
directory_depth_3,rigidmodels\buildings\skv_wall_tower_02,3,3,100.00,0,0.00,0,0.00,0,0.00,0,0.00,8757472,3,8757472,1801050,4265416,2919157.33,0,,
directory_depth_3,rigidmodels\buildings\skv_wall_tower_03,3,3,100.00,0,0.00,0,0.00,0,0.00,0,0.00,8757472,3,8757472,1801050,4265416,2919157.33,0,,
directory_depth_3,rigidmodels\buildings\skv_wall_tower_cannon,1,1,100.00,0,0.00,0,0.00,0,0.00,0,0.00,156042,1,156042,156042,156042,156042.00,0,,
directory_depth_3,rigidmodels\buildings\skv_wall_tower_nologic,3,3,100.00,0,0.00,0,0.00,0,0.00,0,0.00,8757344,3,8757344,1801050,4265352,2919114.67,0,,
directory_depth_3,rigidmodels\buildings\skv_walls_gatehouse_door,8,8,100.00,0,0.00,0,0.00,0,0.00,0,0.00,2111264,8,2111264,236178,285256,263908.00,0,,
directory_depth_3,rigidmodels\buildings\skv_warpstone_bomb_01,1,1,100.00,0,0.00,0,0.00,0,0.00,0,0.00,280542,1,280542,280542,280542,280542.00,0,,
directory_depth_3,rigidmodels\buildings\skv_wheel_01,1,1,100.00,0,0.00,0,0.00,0,0.00,0,0.00,90518,1,90518,90518,90518,90518.00,0,,
directory_depth_3,rigidmodels\buildings\skv_wheel_02,1,1,100.00,0,0.00,0,0.00,0,0.00,0,0.00,184350,1,184350,184350,184350,184350.00,0,,
directory_depth_3,rigidmodels\buildings\skv_wheel_device_01,1,1,100.00,0,0.00,0,0.00,0,0.00,0,0.00,302928,1,302928,302928,302928,302928.00,0,,
directory_depth_3,rigidmodels\buildings\skv_wheel_device_02,1,1,100.00,0,0.00,0,0.00,0,0.00,0,0.00,602126,1,602126,602126,602126,602126.00,0,,
directory_depth_3,rigidmodels\buildings\skv_wooden_bridge_planks_01,1,1,100.00,0,0.00,0,0.00,0,0.00,0,0.00,37250,1,37250,37250,37250,37250.00,0,,
directory_depth_3,rigidmodels\buildings\skv_wooden_bridge_planks_02,1,1,100.00,0,0.00,0,0.00,0,0.00,0,0.00,32446,1,32446,32446,32446,32446.00,0,,
directory_depth_3,rigidmodels\buildings\skv_wooden_spikes_01,1,1,100.00,0,0.00,0,0.00,0,0.00,0,0.00,7122,1,7122,7122,7122,7122.00,0,,
directory_depth_3,rigidmodels\buildings\skv_wooden_stairs_01,1,1,100.00,0,0.00,0,0.00,0,0.00,0,0.00,69432,1,69432,69432,69432,69432.00,0,,
directory_depth_3,rigidmodels\buildings\skv_wooden_stairs_02,1,1,100.00,0,0.00,0,0.00,0,0.00,0,0.00,64064,1,64064,64064,64064,64064.00,0,,
directory_depth_3,rigidmodels\buildings\skv_wooden_stairs_join_01,1,1,100.00,0,0.00,0,0.00,0,0.00,0,0.00,22040,1,22040,22040,22040,22040.00,0,,
directory_depth_3,rigidmodels\buildings\skv_wooden_stairs_support_01,1,1,100.00,0,0.00,0,0.00,0,0.00,0,0.00,26030,1,26030,26030,26030,26030.00,0,,
directory_depth_3,rigidmodels\buildings\skv_wooden_stairs_support_02,1,1,100.00,0,0.00,0,0.00,0,0.00,0,0.00,43816,1,43816,43816,43816,43816.00,0,,
directory_depth_3,rigidmodels\buildings\skv_wooden_walkway_01,1,1,100.00,0,0.00,0,0.00,0,0.00,0,0.00,29780,1,29780,29780,29780,29780.00,0,,
directory_depth_3,rigidmodels\buildings\sla_barricade_blocker_01,2,2,100.00,0,0.00,0,0.00,0,0.00,0,0.00,188730,2,188730,91654,97076,94365.00,0,,
directory_depth_3,rigidmodels\buildings\sla_barricade_monument_01,2,2,100.00,0,0.00,0,0.00,0,0.00,0,0.00,25520,2,25520,12716,12804,12760.00,0,,
directory_depth_3,rigidmodels\buildings\sla_barricade_platform_01,3,3,100.00,0,0.00,0,0.00,0,0.00,0,0.00,1117144,3,1117144,318532,441652,372381.33,0,,
directory_depth_3,rigidmodels\buildings\sla_barricade_trap_01,2,2,100.00,0,0.00,0,0.00,0,0.00,0,0.00,530814,2,530814,247504,283310,265407.00,0,,
directory_depth_3,rigidmodels\buildings\sla_barricade_trap_02,2,2,100.00,0,0.00,0,0.00,0,0.00,0,0.00,188196,2,188196,93308,94888,94098.00,0,,
directory_depth_3,rigidmodels\buildings\sla_batteringram,6,6,100.00,0,0.00,0,0.00,0,0.00,0,0.00,1445096,6,1445096,61016,674658,240849.33,0,,
directory_depth_3,rigidmodels\buildings\sla_siege_tower_15m,15,15,100.00,0,0.00,0,0.00,0,0.00,0,0.00,4465664,15,4465664,72976,1498188,297710.93,0,,
directory_depth_3,rigidmodels\buildings\sla_tower_placement_01,3,3,100.00,0,0.00,0,0.00,0,0.00,0,0.00,3242734,3,3242734,595052,1862792,1080911.33,0,,
directory_depth_3,rigidmodels\buildings\sla_tower_placement_02,3,3,100.00,0,0.00,0,0.00,0,0.00,0,0.00,3242734,3,3242734,595052,1862792,1080911.33,0,,
directory_depth_3,rigidmodels\buildings\sla_tower_placement_03,3,3,100.00,0,0.00,0,0.00,0,0.00,0,0.00,3242734,3,3242734,595052,1862792,1080911.33,0,,
directory_depth_3,rigidmodels\buildings\sla_tower_placement_04,3,3,100.00,0,0.00,0,0.00,0,0.00,0,0.00,3242734,3,3242734,595052,1862792,1080911.33,0,,
directory_depth_3,rigidmodels\buildings\sla_wall_tower,3,3,100.00,0,0.00,0,0.00,0,0.00,0,0.00,3418312,3,3418312,920836,1433836,1139437.33,0,,
directory_depth_3,rigidmodels\buildings\sla_wall_tower_01,3,3,100.00,0,0.00,0,0.00,0,0.00,0,0.00,3418312,3,3418312,920836,1433836,1139437.33,0,,
directory_depth_3,rigidmodels\buildings\sla_wall_tower_02,3,3,100.00,0,0.00,0,0.00,0,0.00,0,0.00,3418312,3,3418312,920836,1433836,1139437.33,0,,
directory_depth_3,rigidmodels\buildings\sla_wall_tower_03,3,3,100.00,0,0.00,0,0.00,0,0.00,0,0.00,3418312,3,3418312,920836,1433836,1139437.33,0,,
directory_depth_3,rigidmodels\buildings\slaa_arch_01_ab_tooth_01,1,1,100.00,0,0.00,0,0.00,0,0.00,0,0.00,6352,1,6352,6352,6352,6352.00,0,,
directory_depth_3,rigidmodels\buildings\slaa_arch01_a_01,1,1,100.00,0,0.00,0,0.00,0,0.00,0,0.00,200082,1,200082,200082,200082,200082.00,0,,
directory_depth_3,rigidmodels\buildings\slaa_arch01_ab_arm_01,1,1,100.00,0,0.00,0,0.00,0,0.00,0,0.00,55276,1,55276,55276,55276,55276.00,0,,
directory_depth_3,rigidmodels\buildings\slaa_arch01_ab_foot_01,1,1,100.00,0,0.00,0,0.00,0,0.00,0,0.00,62480,1,62480,62480,62480,62480.00,0,,
directory_depth_3,rigidmodels\buildings\slaa_arch01_ab_hair_01,1,1,100.00,0,0.00,0,0.00,0,0.00,0,0.00,3800,1,3800,3800,3800,3800.00,0,,
directory_depth_3,rigidmodels\buildings\slaa_arch01_ab_tooth_01,1,1,100.00,0,0.00,0,0.00,0,0.00,0,0.00,4352,1,4352,4352,4352,4352.00,0,,
directory_depth_3,rigidmodels\buildings\slaa_arch01_b_01,1,1,100.00,0,0.00,0,0.00,0,0.00,0,0.00,189110,1,189110,189110,189110,189110.00,0,,
directory_depth_3,rigidmodels\buildings\slaa_building01_a_01,1,1,100.00,0,0.00,0,0.00,0,0.00,0,0.00,512530,1,512530,512530,512530,512530.00,0,,
directory_depth_3,rigidmodels\buildings\slaa_building01_b_01,1,1,100.00,0,0.00,0,0.00,0,0.00,0,0.00,633352,1,633352,633352,633352,633352.00,0,,
directory_depth_3,rigidmodels\buildings\slaa_building01_c_01,1,1,100.00,0,0.00,0,0.00,0,0.00,0,0.00,119542,1,119542,119542,119542,119542.00,0,,
directory_depth_3,rigidmodels\buildings\slaa_building01_d_01,1,1,100.00,0,0.00,0,0.00,0,0.00,0,0.00,103136,1,103136,103136,103136,103136.00,0,,
directory_depth_3,rigidmodels\buildings\slaa_building02_a_01,1,1,100.00,0,0.00,0,0.00,0,0.00,0,0.00,650028,1,650028,650028,650028,650028.00,0,,
directory_depth_3,rigidmodels\buildings\slaa_building02_b_01,1,1,100.00,0,0.00,0,0.00,0,0.00,0,0.00,632888,1,632888,632888,632888,632888.00,0,,
directory_depth_3,rigidmodels\buildings\slaa_building02_c_01,1,1,100.00,0,0.00,0,0.00,0,0.00,0,0.00,219004,1,219004,219004,219004,219004.00,0,,
directory_depth_3,rigidmodels\buildings\slaa_building02_d_01,1,1,100.00,0,0.00,0,0.00,0,0.00,0,0.00,242296,1,242296,242296,242296,242296.00,0,,
directory_depth_3,rigidmodels\buildings\slaa_building03_a_01,1,1,100.00,0,0.00,0,0.00,0,0.00,0,0.00,378004,1,378004,378004,378004,378004.00,0,,
directory_depth_3,rigidmodels\buildings\slaa_building03_b_01,1,1,100.00,0,0.00,0,0.00,0,0.00,0,0.00,510552,1,510552,510552,510552,510552.00,0,,
directory_depth_3,rigidmodels\buildings\slaa_building03_c_01,1,1,100.00,0,0.00,0,0.00,0,0.00,0,0.00,249922,1,249922,249922,249922,249922.00,0,,
directory_depth_3,rigidmodels\buildings\slaa_building04_a_01,1,1,100.00,0,0.00,0,0.00,0,0.00,0,0.00,396420,1,396420,396420,396420,396420.00,0,,
directory_depth_3,rigidmodels\buildings\slaa_building04_b_01,1,1,100.00,0,0.00,0,0.00,0,0.00,0,0.00,321590,1,321590,321590,321590,321590.00,0,,
directory_depth_3,rigidmodels\buildings\slaa_building04_c_01,1,1,100.00,0,0.00,0,0.00,0,0.00,0,0.00,111384,1,111384,111384,111384,111384.00,0,,
directory_depth_3,rigidmodels\buildings\slaa_canopy01_a_01,1,1,100.00,0,0.00,0,0.00,0,0.00,0,0.00,76928,1,76928,76928,76928,76928.00,0,,
directory_depth_3,rigidmodels\buildings\slaa_canopy01_b_01,1,1,100.00,0,0.00,0,0.00,0,0.00,0,0.00,38444,1,38444,38444,38444,38444.00,0,,
directory_depth_3,rigidmodels\buildings\slaa_canopy01_c_01,1,1,100.00,0,0.00,0,0.00,0,0.00,0,0.00,46408,1,46408,46408,46408,46408.00,0,,
directory_depth_3,rigidmodels\buildings\slaa_cliff_bridge_01,1,1,100.00,0,0.00,0,0.00,0,0.00,0,0.00,270712,1,270712,270712,270712,270712.00,0,,
directory_depth_3,rigidmodels\buildings\slaa_cliff_freestanding_01,1,1,100.00,0,0.00,0,0.00,0,0.00,0,0.00,262416,1,262416,262416,262416,262416.00,0,,
directory_depth_3,rigidmodels\buildings\slaa_cliff_freestanding_01_tb,1,1,100.00,0,0.00,0,0.00,0,0.00,0,0.00,263368,1,263368,263368,263368,263368.00,0,,
directory_depth_3,rigidmodels\buildings\slaa_cliff_freestanding_02,1,1,100.00,0,0.00,0,0.00,0,0.00,0,0.00,272534,1,272534,272534,272534,272534.00,0,,
directory_depth_3,rigidmodels\buildings\slaa_cliff_freestanding_02_tb,1,1,100.00,0,0.00,0,0.00,0,0.00,0,0.00,272382,1,272382,272382,272382,272382.00,0,,
directory_depth_3,rigidmodels\buildings\slaa_cliff_med_01,1,1,100.00,0,0.00,0,0.00,0,0.00,0,0.00,130078,1,130078,130078,130078,130078.00,0,,
directory_depth_3,rigidmodels\buildings\slaa_cliff_med_02,1,1,100.00,0,0.00,0,0.00,0,0.00,0,0.00,126968,1,126968,126968,126968,126968.00,0,,
directory_depth_3,rigidmodels\buildings\slaa_cliff_med_03,1,1,100.00,0,0.00,0,0.00,0,0.00,0,0.00,119228,1,119228,119228,119228,119228.00,0,,
directory_depth_3,rigidmodels\buildings\slaa_cliff_prop_sinew_01,1,1,100.00,0,0.00,0,0.00,0,0.00,0,0.00,11312,1,11312,11312,11312,11312.00,0,,
directory_depth_3,rigidmodels\buildings\slaa_cliff_prop_sinew_02,1,1,100.00,0,0.00,0,0.00,0,0.00,0,0.00,17360,1,17360,17360,17360,17360.00,0,,
directory_depth_3,rigidmodels\buildings\slaa_cliff_prop_sinew_03,1,1,100.00,0,0.00,0,0.00,0,0.00,0,0.00,12996,1,12996,12996,12996,12996.00,0,,
directory_depth_3,rigidmodels\buildings\slaa_cliff_prop_sinew_04,1,1,100.00,0,0.00,0,0.00,0,0.00,0,0.00,20128,1,20128,20128,20128,20128.00,0,,
directory_depth_3,rigidmodels\buildings\slaa_cliff_prop_spine_01_bend_01,1,1,100.00,0,0.00,0,0.00,0,0.00,0,0.00,120632,1,120632,120632,120632,120632.00,0,,
directory_depth_3,rigidmodels\buildings\slaa_cliff_prop_spine_01_straight_01,1,1,100.00,0,0.00,0,0.00,0,0.00,0,0.00,112412,1,112412,112412,112412,112412.00,0,,
directory_depth_3,rigidmodels\buildings\slaa_cliff_prop_spine_02_bend_01,1,1,100.00,0,0.00,0,0.00,0,0.00,0,0.00,130572,1,130572,130572,130572,130572.00,0,,
directory_depth_3,rigidmodels\buildings\slaa_cliff_prop_spine_02_straight_01,1,1,100.00,0,0.00,0,0.00,0,0.00,0,0.00,122352,1,122352,122352,122352,122352.00,0,,
directory_depth_3,rigidmodels\buildings\slaa_cliff_short_01,1,1,100.00,0,0.00,0,0.00,0,0.00,0,0.00,67018,1,67018,67018,67018,67018.00,0,,
directory_depth_3,rigidmodels\buildings\slaa_cliff_short_02,1,1,100.00,0,0.00,0,0.00,0,0.00,0,0.00,61480,1,61480,61480,61480,61480.00,0,,
directory_depth_3,rigidmodels\buildings\slaa_cliff_short_03,1,1,100.00,0,0.00,0,0.00,0,0.00,0,0.00,64376,1,64376,64376,64376,64376.00,0,,
directory_depth_3,rigidmodels\buildings\slaa_cliff_tall_01,1,1,100.00,0,0.00,0,0.00,0,0.00,0,0.00,183530,1,183530,183530,183530,183530.00,0,,
directory_depth_3,rigidmodels\buildings\slaa_cliff_tall_02,1,1,100.00,0,0.00,0,0.00,0,0.00,0,0.00,138168,1,138168,138168,138168,138168.00,0,,
directory_depth_3,rigidmodels\buildings\slaa_cliff_tall_03,1,1,100.00,0,0.00,0,0.00,0,0.00,0,0.00,153672,1,153672,153672,153672,153672.00,0,,
directory_depth_3,rigidmodels\buildings\slaa_cliff_tall_flesh_wall_01,1,1,100.00,0,0.00,0,0.00,0,0.00,0,0.00,47448,1,47448,47448,47448,47448.00,0,,
directory_depth_3,rigidmodels\buildings\slaa_crab_big_head,1,1,100.00,0,0.00,0,0.00,0,0.00,0,0.00,218934,1,218934,218934,218934,218934.00,0,,
directory_depth_3,rigidmodels\buildings\slaa_crab_big_head_01,1,1,100.00,0,0.00,0,0.00,0,0.00,0,0.00,97176,1,97176,97176,97176,97176.00,0,,
directory_depth_3,rigidmodels\buildings\slaa_crab_big_head_01_01,1,1,100.00,0,0.00,0,0.00,0,0.00,0,0.00,62388,1,62388,62388,62388,62388.00,0,,
directory_depth_3,rigidmodels\buildings\slaa_crabshell01,1,1,100.00,0,0.00,0,0.00,0,0.00,0,0.00,103356,1,103356,103356,103356,103356.00,0,,
directory_depth_3,rigidmodels\buildings\slaa_crabshell02,1,1,100.00,0,0.00,0,0.00,0,0.00,0,0.00,102436,1,102436,102436,102436,102436.00,0,,
directory_depth_3,rigidmodels\buildings\slaa_crabshell03,1,1,100.00,0,0.00,0,0.00,0,0.00,0,0.00,68044,1,68044,68044,68044,68044.00,0,,
directory_depth_3,rigidmodels\buildings\slaa_entry01_a_01,1,1,100.00,0,0.00,0,0.00,0,0.00,0,0.00,183874,1,183874,183874,183874,183874.00,0,,
directory_depth_3,rigidmodels\buildings\slaa_entry01_b_01,1,1,100.00,0,0.00,0,0.00,0,0.00,0,0.00,147272,1,147272,147272,147272,147272.00,0,,
directory_depth_3,rigidmodels\buildings\slaa_pav_crabshell03,1,1,100.00,0,0.00,0,0.00,0,0.00,0,0.00,42824,1,42824,42824,42824,42824.00,0,,
directory_depth_3,rigidmodels\buildings\slaa_pav_hat_01,1,1,100.00,0,0.00,0,0.00,0,0.00,0,0.00,44168,1,44168,44168,44168,44168.00,0,,
directory_depth_3,rigidmodels\buildings\slaa_pav_pillar_01,1,1,100.00,0,0.00,0,0.00,0,0.00,0,0.00,32740,1,32740,32740,32740,32740.00,0,,
directory_depth_3,rigidmodels\buildings\slaa_pav_ring_01,1,1,100.00,0,0.00,0,0.00,0,0.00,0,0.00,205888,1,205888,205888,205888,205888.00,0,,
directory_depth_3,rigidmodels\buildings\slaa_pav_ring_02,1,1,100.00,0,0.00,0,0.00,0,0.00,0,0.00,138876,1,138876,138876,138876,138876.00,0,,
directory_depth_3,rigidmodels\buildings\slaa_pav_tentacle_01_01,1,1,100.00,0,0.00,0,0.00,0,0.00,0,0.00,13418,1,13418,13418,13418,13418.00,0,,
directory_depth_3,rigidmodels\buildings\slaa_pav_tentacle_02_01,1,1,100.00,0,0.00,0,0.00,0,0.00,0,0.00,51260,1,51260,51260,51260,51260.00,0,,
directory_depth_3,rigidmodels\buildings\slaa_pavillon_05_a_01,1,1,100.00,0,0.00,0,0.00,0,0.00,0,0.00,120684,1,120684,120684,120684,120684.00,0,,
directory_depth_3,rigidmodels\buildings\slaa_pavillon_05_b_01,1,1,100.00,0,0.00,0,0.00,0,0.00,0,0.00,189080,1,189080,189080,189080,189080.00,0,,
directory_depth_3,rigidmodels\buildings\slaa_pavillon_05_c_01,1,1,100.00,0,0.00,0,0.00,0,0.00,0,0.00,59804,1,59804,59804,59804,59804.00,0,,
directory_depth_3,rigidmodels\buildings\slaa_pavillon_05_d_01,1,1,100.00,0,0.00,0,0.00,0,0.00,0,0.00,100784,1,100784,100784,100784,100784.00,0,,
directory_depth_3,rigidmodels\buildings\slaa_pavillon01_a_01,1,1,100.00,0,0.00,0,0.00,0,0.00,0,0.00,268566,1,268566,268566,268566,268566.00,0,,
directory_depth_3,rigidmodels\buildings\slaa_pavillon01_b_01,1,1,100.00,0,0.00,0,0.00,0,0.00,0,0.00,266958,1,266958,266958,266958,266958.00,0,,
directory_depth_3,rigidmodels\buildings\slaa_pavillon02_a_01,1,1,100.00,0,0.00,0,0.00,0,0.00,0,0.00,71542,1,71542,71542,71542,71542.00,0,,
directory_depth_3,rigidmodels\buildings\slaa_pavillon02_b_01,1,1,100.00,0,0.00,0,0.00,0,0.00,0,0.00,286592,1,286592,286592,286592,286592.00,0,,
directory_depth_3,rigidmodels\buildings\slaa_pavillon02_c_01,1,1,100.00,0,0.00,0,0.00,0,0.00,0,0.00,175368,1,175368,175368,175368,175368.00,0,,
directory_depth_3,rigidmodels\buildings\slaa_pavillon02_d_01,1,1,100.00,0,0.00,0,0.00,0,0.00,0,0.00,117402,1,117402,117402,117402,117402.00,0,,
directory_depth_3,rigidmodels\buildings\slaa_pavillon03_a_01,1,1,100.00,0,0.00,0,0.00,0,0.00,0,0.00,348444,1,348444,348444,348444,348444.00,0,,
directory_depth_3,rigidmodels\buildings\slaa_pavillon03_b_01,1,1,100.00,0,0.00,0,0.00,0,0.00,0,0.00,207574,1,207574,207574,207574,207574.00,0,,
directory_depth_3,rigidmodels\buildings\slaa_pavillon04_a_01,1,1,100.00,0,0.00,0,0.00,0,0.00,0,0.00,300500,1,300500,300500,300500,300500.00,0,,
directory_depth_3,rigidmodels\buildings\slaa_pavillon04_b_01,1,1,100.00,0,0.00,0,0.00,0,0.00,0,0.00,255892,1,255892,255892,255892,255892.00,0,,
directory_depth_3,rigidmodels\buildings\slaa_pavillon04_c_01,1,1,100.00,0,0.00,0,0.00,0,0.00,0,0.00,195676,1,195676,195676,195676,195676.00,0,,
directory_depth_3,rigidmodels\buildings\slaa_pavillon05_a_01,1,1,100.00,0,0.00,0,0.00,0,0.00,0,0.00,149566,1,149566,149566,149566,149566.00,0,,
directory_depth_3,rigidmodels\buildings\slaa_pavillon05_b_01,1,1,100.00,0,0.00,0,0.00,0,0.00,0,0.00,257930,1,257930,257930,257930,257930.00,0,,
directory_depth_3,rigidmodels\buildings\slaa_pavillon05_c_01,1,1,100.00,0,0.00,0,0.00,0,0.00,0,0.00,100580,1,100580,100580,100580,100580.00,0,,
directory_depth_3,rigidmodels\buildings\slaa_pavillon05_d_01,1,1,100.00,0,0.00,0,0.00,0,0.00,0,0.00,161968,1,161968,161968,161968,161968.00,0,,
directory_depth_3,rigidmodels\buildings\slaa_pavillon06_a_01,1,1,100.00,0,0.00,0,0.00,0,0.00,0,0.00,226166,1,226166,226166,226166,226166.00,0,,
directory_depth_3,rigidmodels\buildings\slaa_pavillon06_b_01,1,1,100.00,0,0.00,0,0.00,0,0.00,0,0.00,212170,1,212170,212170,212170,212170.00,0,,
directory_depth_3,rigidmodels\buildings\slaa_prop_crabshell_large_01,1,1,100.00,0,0.00,0,0.00,0,0.00,0,0.00,59176,1,59176,59176,59176,59176.00,0,,
directory_depth_3,rigidmodels\buildings\slaa_prop_crabshell_sinew_01,1,1,100.00,0,0.00,0,0.00,0,0.00,0,0.00,91224,1,91224,91224,91224,91224.00,0,,
directory_depth_3,rigidmodels\buildings\slaa_prop_crabshell_sinew_02,1,1,100.00,0,0.00,0,0.00,0,0.00,0,0.00,81052,1,81052,81052,81052,81052.00,0,,
directory_depth_3,rigidmodels\buildings\slaa_prop_crabshell_small_01,1,1,100.00,0,0.00,0,0.00,0,0.00,0,0.00,53672,1,53672,53672,53672,53672.00,0,,
directory_depth_3,rigidmodels\buildings\slaa_prop_double_mouth_01,1,1,100.00,0,0.00,0,0.00,0,0.00,0,0.00,194636,1,194636,194636,194636,194636.00,0,,
directory_depth_3,rigidmodels\buildings\slaa_prop_double_mouth_02,1,1,100.00,0,0.00,0,0.00,0,0.00,0,0.00,200580,1,200580,200580,200580,200580.00,0,,
directory_depth_3,rigidmodels\buildings\slaa_prop_horn_01,1,1,100.00,0,0.00,0,0.00,0,0.00,0,0.00,274538,1,274538,274538,274538,274538.00,0,,
directory_depth_3,rigidmodels\buildings\slaa_prop_monster_head_01,1,1,100.00,0,0.00,0,0.00,0,0.00,0,0.00,118310,1,118310,118310,118310,118310.00,0,,
directory_depth_3,rigidmodels\buildings\slaa_prop_monster_head_02,1,1,100.00,0,0.00,0,0.00,0,0.00,0,0.00,101358,1,101358,101358,101358,101358.00,0,,
directory_depth_3,rigidmodels\buildings\slaa_prop_pit_01,1,1,100.00,0,0.00,0,0.00,0,0.00,0,0.00,31948,1,31948,31948,31948,31948.00,0,,
directory_depth_3,rigidmodels\buildings\slaa_prop_round_mouth_01,1,1,100.00,0,0.00,0,0.00,0,0.00,0,0.00,12852,1,12852,12852,12852,12852.00,0,,
directory_depth_3,rigidmodels\buildings\slaa_prop_teeth_01,1,1,100.00,0,0.00,0,0.00,0,0.00,0,0.00,36636,1,36636,36636,36636,36636.00,0,,
directory_depth_3,rigidmodels\buildings\slaa_prop_tendrils_alpha_long_01,1,1,100.00,0,0.00,0,0.00,0,0.00,0,0.00,4914,1,4914,4914,4914,4914.00,0,,
directory_depth_3,rigidmodels\buildings\slaa_prop_tendrils_alpha_short_01,1,1,100.00,0,0.00,0,0.00,0,0.00,0,0.00,4994,1,4994,4994,4994,4994.00,0,,
directory_depth_3,rigidmodels\buildings\slaa_prop_tentacle_group_01,1,1,100.00,0,0.00,0,0.00,0,0.00,0,0.00,74752,1,74752,74752,74752,74752.00,0,,
directory_depth_3,rigidmodels\buildings\slaa_prop_tentacle_group_02,1,1,100.00,0,0.00,0,0.00,0,0.00,0,0.00,85244,1,85244,85244,85244,85244.00,0,,
directory_depth_3,rigidmodels\buildings\slaa_prop_tentacle_vlarge_01,1,1,100.00,0,0.00,0,0.00,0,0.00,0,0.00,143464,1,143464,143464,143464,143464.00,0,,
directory_depth_3,rigidmodels\buildings\slaa_prop_tentacle_vlarge_02,1,1,100.00,0,0.00,0,0.00,0,0.00,0,0.00,142828,1,142828,142828,142828,142828.00,0,,
directory_depth_3,rigidmodels\buildings\slaa_prop_tentacle_vlarge_03,1,1,100.00,0,0.00,0,0.00,0,0.00,0,0.00,140630,1,140630,140630,140630,140630.00,0,,
directory_depth_3,rigidmodels\buildings\slaa_prop_tentacle_wteeth_01,1,1,100.00,0,0.00,0,0.00,0,0.00,0,0.00,148546,1,148546,148546,148546,148546.00,0,,
directory_depth_3,rigidmodels\buildings\slaa_prop_tongue_01,1,1,100.00,0,0.00,0,0.00,0,0.00,0,0.00,52392,1,52392,52392,52392,52392.00,0,,
directory_depth_3,rigidmodels\buildings\slaa_prop_tongue_02,1,1,100.00,0,0.00,0,0.00,0,0.00,0,0.00,83672,1,83672,83672,83672,83672.00,0,,
directory_depth_3,rigidmodels\buildings\slaa_ring_big_01,1,1,100.00,0,0.00,0,0.00,0,0.00,0,0.00,152844,1,152844,152844,152844,152844.00,0,,
directory_depth_3,rigidmodels\buildings\slaa_rock_large_01,1,1,100.00,0,0.00,0,0.00,0,0.00,0,0.00,168524,1,168524,168524,168524,168524.00,0,,
directory_depth_3,rigidmodels\buildings\slaa_rock_surface_01,1,1,100.00,0,0.00,0,0.00,0,0.00,0,0.00,117588,1,117588,117588,117588,117588.00,0,,
directory_depth_3,rigidmodels\buildings\slaa_rock_surface_02,1,1,100.00,0,0.00,0,0.00,0,0.00,0,0.00,109274,1,109274,109274,109274,109274.00,0,,
directory_depth_3,rigidmodels\buildings\slaa_rock_surface_03,1,1,100.00,0,0.00,0,0.00,0,0.00,0,0.00,87796,1,87796,87796,87796,87796.00,0,,
directory_depth_3,rigidmodels\buildings\slaa_rock_surface_04,1,1,100.00,0,0.00,0,0.00,0,0.00,0,0.00,41064,1,41064,41064,41064,41064.00,0,,
directory_depth_3,rigidmodels\buildings\slaa_rock_surface_05,1,1,100.00,0,0.00,0,0.00,0,0.00,0,0.00,59758,1,59758,59758,59758,59758.00,0,,
directory_depth_3,rigidmodels\buildings\slaa_rock_surface_06,1,1,100.00,0,0.00,0,0.00,0,0.00,0,0.00,53054,1,53054,53054,53054,53054.00,0,,
directory_depth_3,rigidmodels\buildings\slaa_rock_surface_07,1,1,100.00,0,0.00,0,0.00,0,0.00,0,0.00,48242,1,48242,48242,48242,48242.00,0,,
directory_depth_3,rigidmodels\buildings\slaa_rock_surface_08,1,1,100.00,0,0.00,0,0.00,0,0.00,0,0.00,43458,1,43458,43458,43458,43458.00,0,,
directory_depth_3,rigidmodels\buildings\slaa_statues_cultist_01,1,1,100.00,0,0.00,0,0.00,0,0.00,0,0.00,487314,1,487314,487314,487314,487314.00,0,,
directory_depth_3,rigidmodels\buildings\slaa_statues_cultist_02,1,1,100.00,0,0.00,0,0.00,0,0.00,0,0.00,454718,1,454718,454718,454718,454718.00,0,,
directory_depth_3,rigidmodels\buildings\slaa_statues_cultist_03,1,1,100.00,0,0.00,0,0.00,0,0.00,0,0.00,447780,1,447780,447780,447780,447780.00,0,,
directory_depth_3,rigidmodels\buildings\slaa_statues_daemonette_01,1,1,100.00,0,0.00,0,0.00,0,0.00,0,0.00,532470,1,532470,532470,532470,532470.00,0,,
directory_depth_3,rigidmodels\buildings\slaa_statues_daemonette_02,1,1,100.00,0,0.00,0,0.00,0,0.00,0,0.00,519668,1,519668,519668,519668,519668.00,0,,
directory_depth_3,rigidmodels\buildings\slaa_statues_group_01,1,1,100.00,0,0.00,0,0.00,0,0.00,0,0.00,1689976,1,1689976,1689976,1689976,1689976.00,0,,
directory_depth_3,rigidmodels\buildings\slaa_statues_group_02,1,1,100.00,0,0.00,0,0.00,0,0.00,0,0.00,1782096,1,1782096,1782096,1782096,1782096.00,0,,
directory_depth_3,rigidmodels\buildings\slaa_tentacle_big_01_01,1,1,100.00,0,0.00,0,0.00,0,0.00,0,0.00,14462,1,14462,14462,14462,14462.00,0,,
directory_depth_3,rigidmodels\buildings\slaa_tentacle_big_02_01,1,1,100.00,0,0.00,0,0.00,0,0.00,0,0.00,16030,1,16030,16030,16030,16030.00,0,,
directory_depth_3,rigidmodels\buildings\slaa_tentacle_big_03_01,1,1,100.00,0,0.00,0,0.00,0,0.00,0,0.00,64836,1,64836,64836,64836,64836.00,0,,
directory_depth_3,rigidmodels\buildings\slaa_tentacle_big_04_01,1,1,100.00,0,0.00,0,0.00,0,0.00,0,0.00,51378,1,51378,51378,51378,51378.00,0,,
directory_depth_3,rigidmodels\buildings\slaa_tentacle_big_a_01,1,1,100.00,0,0.00,0,0.00,0,0.00,0,0.00,17512,1,17512,17512,17512,17512.00,0,,
directory_depth_3,rigidmodels\buildings\slaa_tentacle_big_a_02,1,1,100.00,0,0.00,0,0.00,0,0.00,0,0.00,17928,1,17928,17928,17928,17928.00,0,,
directory_depth_3,rigidmodels\buildings\slaa_terrain_prop_01,1,1,100.00,0,0.00,0,0.00,0,0.00,0,0.00,335036,1,335036,335036,335036,335036.00,0,,
directory_depth_3,rigidmodels\buildings\slaa_terrain_prop_02,1,1,100.00,0,0.00,0,0.00,0,0.00,0,0.00,501658,1,501658,501658,501658,501658.00,0,,
directory_depth_3,rigidmodels\buildings\slaa_terrain_prop_04,1,1,100.00,0,0.00,0,0.00,0,0.00,0,0.00,925908,1,925908,925908,925908,925908.00,0,,
directory_depth_3,rigidmodels\buildings\slaa_terrain_prop_07,1,1,100.00,0,0.00,0,0.00,0,0.00,0,0.00,184528,1,184528,184528,184528,184528.00,0,,
directory_depth_3,rigidmodels\buildings\slaa_terrain_prop_09,1,1,100.00,0,0.00,0,0.00,0,0.00,0,0.00,2165940,1,2165940,2165940,2165940,2165940.00,0,,
directory_depth_3,rigidmodels\buildings\slaa_terrain_prop_10,1,1,100.00,0,0.00,0,0.00,0,0.00,0,0.00,250220,1,250220,250220,250220,250220.00,0,,
directory_depth_3,rigidmodels\buildings\slaa_terrain_prop_11,1,1,100.00,0,0.00,0,0.00,0,0.00,0,0.00,410962,1,410962,410962,410962,410962.00,0,,
directory_depth_3,rigidmodels\buildings\slaa_terrain_prop_12,1,1,100.00,0,0.00,0,0.00,0,0.00,0,0.00,424492,1,424492,424492,424492,424492.00,0,,
directory_depth_3,rigidmodels\buildings\slaa_terrain_prop_13,1,1,100.00,0,0.00,0,0.00,0,0.00,0,0.00,247736,1,247736,247736,247736,247736.00,0,,
directory_depth_3,rigidmodels\buildings\slaa_terrain_prop_14,1,1,100.00,0,0.00,0,0.00,0,0.00,0,0.00,1457340,1,1457340,1457340,1457340,1457340.00,0,,
directory_depth_3,rigidmodels\buildings\slaa_terrain_prop_tentacle_01,1,1,100.00,0,0.00,0,0.00,0,0.00,0,0.00,137436,1,137436,137436,137436,137436.00,0,,
directory_depth_3,rigidmodels\buildings\slaa_terrainprop_15,1,1,100.00,0,0.00,0,0.00,0,0.00,0,0.00,1925778,1,1925778,1925778,1925778,1925778.00,0,,
directory_depth_3,rigidmodels\buildings\slaa_windowbig_01,1,1,100.00,0,0.00,0,0.00,0,0.00,0,0.00,69460,1,69460,69460,69460,69460.00,0,,
directory_depth_3,rigidmodels\buildings\soft_col_cylinder_01,1,1,100.00,0,0.00,0,0.00,0,0.00,0,0.00,2556,1,2556,2556,2556,2556.00,0,,
directory_depth_3,rigidmodels\buildings\survival_gate_dummy_collision3d,1,1,100.00,0,0.00,0,0.00,0,0.00,0,0.00,1738,1,1738,1738,1738,1738.00,0,,
directory_depth_3,rigidmodels\buildings\thorns_a,1,1,100.00,0,0.00,0,0.00,0,0.00,0,0.00,30044,1,30044,30044,30044,30044.00,0,,
directory_depth_3,rigidmodels\buildings\thorns_b,1,1,100.00,0,0.00,0,0.00,0,0.00,0,0.00,30844,1,30844,30844,30844,30844.00,0,,
directory_depth_3,rigidmodels\buildings\thorns_c,1,1,100.00,0,0.00,0,0.00,0,0.00,0,0.00,30892,1,30892,30892,30892,30892.00,0,,
directory_depth_3,rigidmodels\buildings\thorns_d,1,1,100.00,0,0.00,0,0.00,0,0.00,0,0.00,41268,1,41268,41268,41268,41268.00,0,,
directory_depth_3,rigidmodels\buildings\thorns_e,1,1,100.00,0,0.00,0,0.00,0,0.00,0,0.00,65192,1,65192,65192,65192,65192.00,0,,
directory_depth_3,rigidmodels\buildings\thorns_f,1,1,100.00,0,0.00,0,0.00,0,0.00,0,0.00,53920,1,53920,53920,53920,53920.00,0,,
directory_depth_3,rigidmodels\buildings\thorns_g,1,1,100.00,0,0.00,0,0.00,0,0.00,0,0.00,37550,1,37550,37550,37550,37550.00,0,,
directory_depth_3,rigidmodels\buildings\tmb_barricade_blocker_01,2,2,100.00,0,0.00,0,0.00,0,0.00,0,0.00,188686,2,188686,91610,97076,94343.00,0,,
directory_depth_3,rigidmodels\buildings\tmb_barricade_monument_01,2,2,100.00,0,0.00,0,0.00,0,0.00,0,0.00,25520,2,25520,12716,12804,12760.00,0,,
directory_depth_3,rigidmodels\buildings\tmb_barricade_platform_01,3,3,100.00,0,0.00,0,0.00,0,0.00,0,0.00,1117144,3,1117144,318532,441652,372381.33,0,,
directory_depth_3,rigidmodels\buildings\tmb_barricade_trap_01,2,2,100.00,0,0.00,0,0.00,0,0.00,0,0.00,530814,2,530814,247504,283310,265407.00,0,,
directory_depth_3,rigidmodels\buildings\tmb_batteringram,7,7,100.00,0,0.00,0,0.00,0,0.00,0,0.00,3892106,7,3892106,13954,2475672,556015.14,0,,
directory_depth_3,rigidmodels\buildings\tmb_bird_01,1,1,100.00,0,0.00,0,0.00,0,0.00,0,0.00,17504,1,17504,17504,17504,17504.00,0,,
directory_depth_3,rigidmodels\buildings\tmb_black_pyramid_01,1,1,100.00,0,0.00,0,0.00,0,0.00,0,0.00,627296,1,627296,627296,627296,627296.00,0,,
directory_depth_3,rigidmodels\buildings\tmb_black_tower_01,1,1,100.00,0,0.00,0,0.00,0,0.00,0,0.00,24292,1,24292,24292,24292,24292.00,0,,
directory_depth_3,rigidmodels\buildings\tmb_black_wall_huge_01,1,1,100.00,0,0.00,0,0.00,0,0.00,0,0.00,31224,1,31224,31224,31224,31224.00,0,,
directory_depth_3,rigidmodels\buildings\tmb_brazier_01,1,1,100.00,0,0.00,0,0.00,0,0.00,0,0.00,53576,1,53576,53576,53576,53576.00,0,,
directory_depth_3,rigidmodels\buildings\tmb_bridge_110m_01,1,1,100.00,0,0.00,0,0.00,0,0.00,0,0.00,724218,1,724218,724218,724218,724218.00,0,,
directory_depth_3,rigidmodels\buildings\tmb_building_01,1,1,100.00,0,0.00,0,0.00,0,0.00,0,0.00,52044,1,52044,52044,52044,52044.00,0,,
directory_depth_3,rigidmodels\buildings\tmb_building_02,1,1,100.00,0,0.00,0,0.00,0,0.00,0,0.00,81756,1,81756,81756,81756,81756.00,0,,
directory_depth_3,rigidmodels\buildings\tmb_building_03,1,1,100.00,0,0.00,0,0.00,0,0.00,0,0.00,32096,1,32096,32096,32096,32096.00,0,,
directory_depth_3,rigidmodels\buildings\tmb_building_04,1,1,100.00,0,0.00,0,0.00,0,0.00,0,0.00,35848,1,35848,35848,35848,35848.00,0,,
directory_depth_3,rigidmodels\buildings\tmb_building_05,1,1,100.00,0,0.00,0,0.00,0,0.00,0,0.00,26404,1,26404,26404,26404,26404.00,0,,
directory_depth_3,rigidmodels\buildings\tmb_building_06,1,1,100.00,0,0.00,0,0.00,0,0.00,0,0.00,12652,1,12652,12652,12652,12652.00,0,,
directory_depth_3,rigidmodels\buildings\tmb_building_07,1,1,100.00,0,0.00,0,0.00,0,0.00,0,0.00,80268,1,80268,80268,80268,80268.00,0,,
directory_depth_3,rigidmodels\buildings\tmb_building_08,1,1,100.00,0,0.00,0,0.00,0,0.00,0,0.00,156440,1,156440,156440,156440,156440.00,0,,
directory_depth_3,rigidmodels\buildings\tmb_building_09,1,1,100.00,0,0.00,0,0.00,0,0.00,0,0.00,37368,1,37368,37368,37368,37368.00,0,,
directory_depth_3,rigidmodels\buildings\tmb_building_10,1,1,100.00,0,0.00,0,0.00,0,0.00,0,0.00,41776,1,41776,41776,41776,41776.00,0,,
directory_depth_3,rigidmodels\buildings\tmb_buttress_01,1,1,100.00,0,0.00,0,0.00,0,0.00,0,0.00,17204,1,17204,17204,17204,17204.00,0,,
directory_depth_3,rigidmodels\buildings\tmb_buttress_02,1,1,100.00,0,0.00,0,0.00,0,0.00,0,0.00,24844,1,24844,24844,24844,24844.00,0,,
directory_depth_3,rigidmodels\buildings\tmb_buttress_03,1,1,100.00,0,0.00,0,0.00,0,0.00,0,0.00,16556,1,16556,16556,16556,16556.00,0,,
directory_depth_3,rigidmodels\buildings\tmb_cieling_block_01,1,1,100.00,0,0.00,0,0.00,0,0.00,0,0.00,16280,1,16280,16280,16280,16280.00,0,,
directory_depth_3,rigidmodels\buildings\tmb_cloth_01,1,1,100.00,0,0.00,0,0.00,0,0.00,0,0.00,11616,1,11616,11616,11616,11616.00,0,,
directory_depth_3,rigidmodels\buildings\tmb_cloth_02,1,1,100.00,0,0.00,0,0.00,0,0.00,0,0.00,7336,1,7336,7336,7336,7336.00,0,,
directory_depth_3,rigidmodels\buildings\tmb_coffin_01,1,1,100.00,0,0.00,0,0.00,0,0.00,0,0.00,24308,1,24308,24308,24308,24308.00,0,,
directory_depth_3,rigidmodels\buildings\tmb_coffin_02,1,1,100.00,0,0.00,0,0.00,0,0.00,0,0.00,16108,1,16108,16108,16108,16108.00,0,,
directory_depth_3,rigidmodels\buildings\tmb_coffin_03,1,1,100.00,0,0.00,0,0.00,0,0.00,0,0.00,19356,1,19356,19356,19356,19356.00,0,,
directory_depth_3,rigidmodels\buildings\tmb_coffin_04,1,1,100.00,0,0.00,0,0.00,0,0.00,0,0.00,10616,1,10616,10616,10616,10616.00,0,,
directory_depth_3,rigidmodels\buildings\tmb_column_01,3,3,100.00,0,0.00,0,0.00,0,0.00,0,0.00,299230,3,299230,79540,113620,99743.33,0,,
directory_depth_3,rigidmodels\buildings\tmb_column_02,3,3,100.00,0,0.00,0,0.00,0,0.00,0,0.00,77740,3,77740,10284,36452,25913.33,0,,
directory_depth_3,rigidmodels\buildings\tmb_column_03,3,3,100.00,0,0.00,0,0.00,0,0.00,0,0.00,221904,3,221904,35824,102008,73968.00,0,,
directory_depth_3,rigidmodels\buildings\tmb_column_04,3,3,100.00,0,0.00,0,0.00,0,0.00,0,0.00,476524,3,476524,38690,241968,158841.33,0,,
directory_depth_3,rigidmodels\buildings\tmb_column_05,3,3,100.00,0,0.00,0,0.00,0,0.00,0,0.00,181108,3,181108,52976,70828,60369.33,0,,
directory_depth_3,rigidmodels\buildings\tmb_column_06,3,3,100.00,0,0.00,0,0.00,0,0.00,0,0.00,226304,3,226304,59580,100304,75434.67,0,,
directory_depth_3,rigidmodels\buildings\tmb_column_07,3,3,100.00,0,0.00,0,0.00,0,0.00,0,0.00,230266,3,230266,58340,106642,76755.33,0,,
directory_depth_3,rigidmodels\buildings\tmb_column_08,1,1,100.00,0,0.00,0,0.00,0,0.00,0,0.00,3516,1,3516,3516,3516,3516.00,0,,
directory_depth_3,rigidmodels\buildings\tmb_disc_01,1,1,100.00,0,0.00,0,0.00,0,0.00,0,0.00,4034,1,4034,4034,4034,4034.00,0,,
directory_depth_3,rigidmodels\buildings\tmb_gateway_01,1,1,100.00,0,0.00,0,0.00,0,0.00,0,0.00,48828,1,48828,48828,48828,48828.00,0,,
directory_depth_3,rigidmodels\buildings\tmb_gateway_02,1,1,100.00,0,0.00,0,0.00,0,0.00,0,0.00,49782,1,49782,49782,49782,49782.00,0,,
directory_depth_3,rigidmodels\buildings\tmb_gateway_03,1,1,100.00,0,0.00,0,0.00,0,0.00,0,0.00,74664,1,74664,74664,74664,74664.00,0,,
directory_depth_3,rigidmodels\buildings\tmb_gateway_04,1,1,100.00,0,0.00,0,0.00,0,0.00,0,0.00,127278,1,127278,127278,127278,127278.00,0,,
directory_depth_3,rigidmodels\buildings\tmb_obelisk_01,3,3,100.00,0,0.00,0,0.00,0,0.00,0,0.00,78992,3,78992,9948,37020,26330.67,0,,
directory_depth_3,rigidmodels\buildings\tmb_obelisk_02,3,3,100.00,0,0.00,0,0.00,0,0.00,0,0.00,437918,3,437918,91724,189596,145972.67,0,,
directory_depth_3,rigidmodels\buildings\tmb_platform_chunk_01,1,1,100.00,0,0.00,0,0.00,0,0.00,0,0.00,20412,1,20412,20412,20412,20412.00,0,,
directory_depth_3,rigidmodels\buildings\tmb_platform_chunk_02,1,1,100.00,0,0.00,0,0.00,0,0.00,0,0.00,9700,1,9700,9700,9700,9700.00,0,,
directory_depth_3,rigidmodels\buildings\tmb_platform_chunk_03,1,1,100.00,0,0.00,0,0.00,0,0.00,0,0.00,89098,1,89098,89098,89098,89098.00,0,,
directory_depth_3,rigidmodels\buildings\tmb_platform_chunk_04,1,1,100.00,0,0.00,0,0.00,0,0.00,0,0.00,97076,1,97076,97076,97076,97076.00,0,,
directory_depth_3,rigidmodels\buildings\tmb_platform_large_01,1,1,100.00,0,0.00,0,0.00,0,0.00,0,0.00,18920,1,18920,18920,18920,18920.00,0,,
directory_depth_3,rigidmodels\buildings\tmb_platform_large_02,1,1,100.00,0,0.00,0,0.00,0,0.00,0,0.00,19048,1,19048,19048,19048,19048.00,0,,
directory_depth_3,rigidmodels\buildings\tmb_platform_waterpool_01,1,1,100.00,0,0.00,0,0.00,0,0.00,0,0.00,27138,1,27138,27138,27138,27138.00,0,,
directory_depth_3,rigidmodels\buildings\tmb_plinth_01,1,1,100.00,0,0.00,0,0.00,0,0.00,0,0.00,21476,1,21476,21476,21476,21476.00,0,,
directory_depth_3,rigidmodels\buildings\tmb_plinth_02,1,1,100.00,0,0.00,0,0.00,0,0.00,0,0.00,19248,1,19248,19248,19248,19248.00,0,,
directory_depth_3,rigidmodels\buildings\tmb_plinth_03,1,1,100.00,0,0.00,0,0.00,0,0.00,0,0.00,18968,1,18968,18968,18968,18968.00,0,,
directory_depth_3,rigidmodels\buildings\tmb_plinth_04,1,1,100.00,0,0.00,0,0.00,0,0.00,0,0.00,12312,1,12312,12312,12312,12312.00,0,,
directory_depth_3,rigidmodels\buildings\tmb_plinth_05,1,1,100.00,0,0.00,0,0.00,0,0.00,0,0.00,10924,1,10924,10924,10924,10924.00,0,,
directory_depth_3,rigidmodels\buildings\tmb_plinth_06,1,1,100.00,0,0.00,0,0.00,0,0.00,0,0.00,109972,1,109972,109972,109972,109972.00,0,,
directory_depth_3,rigidmodels\buildings\tmb_pot_01_doghead,3,3,100.00,0,0.00,0,0.00,0,0.00,0,0.00,109390,3,109390,2518,96148,36463.33,0,,
directory_depth_3,rigidmodels\buildings\tmb_pot_01_generic,3,3,100.00,0,0.00,0,0.00,0,0.00,0,0.00,144870,3,144870,2518,133524,48290.00,0,,
directory_depth_3,rigidmodels\buildings\tmb_pot_01_nolid,3,3,100.00,0,0.00,0,0.00,0,0.00,0,0.00,93398,3,93398,2518,84196,31132.67,0,,
directory_depth_3,rigidmodels\buildings\tmb_pot_02_doghead,3,3,100.00,0,0.00,0,0.00,0,0.00,0,0.00,137622,3,137622,2518,122008,45874.00,0,,
directory_depth_3,rigidmodels\buildings\tmb_pot_02_generic,3,3,100.00,0,0.00,0,0.00,0,0.00,0,0.00,93550,3,93550,2518,79832,31183.33,0,,
directory_depth_3,rigidmodels\buildings\tmb_pot_02_nolid,3,3,100.00,0,0.00,0,0.00,0,0.00,0,0.00,89758,3,89758,2518,78184,29919.33,0,,
directory_depth_3,rigidmodels\buildings\tmb_prop_brick_01,1,1,100.00,0,0.00,0,0.00,0,0.00,0,0.00,3516,1,3516,3516,3516,3516.00,0,,
directory_depth_3,rigidmodels\buildings\tmb_prop_brick_02,1,1,100.00,0,0.00,0,0.00,0,0.00,0,0.00,3516,1,3516,3516,3516,3516.00,0,,
directory_depth_3,rigidmodels\buildings\tmb_pyramid_01,3,3,100.00,0,0.00,0,0.00,0,0.00,0,0.00,127224,3,127224,28424,51852,42408.00,0,,
directory_depth_3,rigidmodels\buildings\tmb_pyramid_02,1,1,100.00,0,0.00,0,0.00,0,0.00,0,0.00,413402,1,413402,413402,413402,413402.00,0,,
directory_depth_3,rigidmodels\buildings\tmb_pyramid_03,1,1,100.00,0,0.00,0,0.00,0,0.00,0,0.00,171118,1,171118,171118,171118,171118.00,0,,
directory_depth_3,rigidmodels\buildings\tmb_pyramid_04,1,1,100.00,0,0.00,0,0.00,0,0.00,0,0.00,61316,1,61316,61316,61316,61316.00,0,,
directory_depth_3,rigidmodels\buildings\tmb_ramp_01,1,1,100.00,0,0.00,0,0.00,0,0.00,0,0.00,28372,1,28372,28372,28372,28372.00,0,,
directory_depth_3,rigidmodels\buildings\tmb_ramp_02,1,1,100.00,0,0.00,0,0.00,0,0.00,0,0.00,143544,1,143544,143544,143544,143544.00,0,,
directory_depth_3,rigidmodels\buildings\tmb_ramp_03,1,1,100.00,0,0.00,0,0.00,0,0.00,0,0.00,27360,1,27360,27360,27360,27360.00,0,,
directory_depth_3,rigidmodels\buildings\tmb_ramp_04,1,1,100.00,0,0.00,0,0.00,0,0.00,0,0.00,27360,1,27360,27360,27360,27360.00,0,,
directory_depth_3,rigidmodels\buildings\tmb_scarab_01,1,1,100.00,0,0.00,0,0.00,0,0.00,0,0.00,16824,1,16824,16824,16824,16824.00,0,,
directory_depth_3,rigidmodels\buildings\tmb_siege_tower_15m,10,10,100.00,0,0.00,0,0.00,0,0.00,0,0.00,9500548,10,9500548,16882,3482016,950054.80,0,,
directory_depth_3,rigidmodels\buildings\tmb_skull_01,1,1,100.00,0,0.00,0,0.00,0,0.00,0,0.00,50464,1,50464,50464,50464,50464.00,0,,
directory_depth_3,rigidmodels\buildings\tmb_skull_02,1,1,100.00,0,0.00,0,0.00,0,0.00,0,0.00,9326,1,9326,9326,9326,9326.00,0,,
directory_depth_3,rigidmodels\buildings\tmb_snake_01,1,1,100.00,0,0.00,0,0.00,0,0.00,0,0.00,8436,1,8436,8436,8436,8436.00,0,,
directory_depth_3,rigidmodels\buildings\tmb_statue_01,3,3,100.00,0,0.00,0,0.00,0,0.00,0,0.00,1036086,3,1036086,131020,544922,345362.00,0,,
directory_depth_3,rigidmodels\buildings\tmb_statue_02,1,1,100.00,0,0.00,0,0.00,0,0.00,0,0.00,279204,1,279204,279204,279204,279204.00,0,,
directory_depth_3,rigidmodels\buildings\tmb_statue_03,3,3,100.00,0,0.00,0,0.00,0,0.00,0,0.00,1691504,3,1691504,405848,797556,563834.67,0,,
directory_depth_3,rigidmodels\buildings\tmb_statue_04,3,3,100.00,0,0.00,0,0.00,0,0.00,0,0.00,978864,3,978864,105324,536602,326288.00,0,,
directory_depth_3,rigidmodels\buildings\tmb_statue_05,3,3,100.00,0,0.00,0,0.00,0,0.00,0,0.00,998910,3,998910,124000,553702,332970.00,0,,
directory_depth_3,rigidmodels\buildings\tmb_statue_scorp_01,3,3,100.00,0,0.00,0,0.00,0,0.00,0,0.00,2781952,3,2781952,257006,1426320,927317.33,0,,
directory_depth_3,rigidmodels\buildings\tmb_tentacle_01,1,1,100.00,0,0.00,0,0.00,0,0.00,0,0.00,125024,1,125024,125024,125024,125024.00,0,,
directory_depth_3,rigidmodels\buildings\tmb_tentacle_02,1,1,100.00,0,0.00,0,0.00,0,0.00,0,0.00,83024,1,83024,83024,83024,83024.00,0,,
directory_depth_3,rigidmodels\buildings\tmb_tentacle_03,1,1,100.00,0,0.00,0,0.00,0,0.00,0,0.00,125024,1,125024,125024,125024,125024.00,0,,
directory_depth_3,rigidmodels\buildings\tmb_tower_placement_01,1,1,100.00,0,0.00,0,0.00,0,0.00,0,0.00,501000,1,501000,501000,501000,501000.00,0,,
directory_depth_3,rigidmodels\buildings\tmb_tower_placement_02,1,1,100.00,0,0.00,0,0.00,0,0.00,0,0.00,501000,1,501000,501000,501000,501000.00,0,,
directory_depth_3,rigidmodels\buildings\tmb_tower_placement_03,1,1,100.00,0,0.00,0,0.00,0,0.00,0,0.00,501000,1,501000,501000,501000,501000.00,0,,
directory_depth_3,rigidmodels\buildings\tmb_tower_placement_04,1,1,100.00,0,0.00,0,0.00,0,0.00,0,0.00,501000,1,501000,501000,501000,501000.00,0,,
directory_depth_3,rigidmodels\buildings\tmb_upright_statue_01_jet_black,1,1,100.00,0,0.00,0,0.00,0,0.00,0,0.00,258416,1,258416,258416,258416,258416.00,0,,
directory_depth_3,rigidmodels\buildings\tmb_upright_statue_01_sandstone,1,1,100.00,0,0.00,0,0.00,0,0.00,0,0.00,258416,1,258416,258416,258416,258416.00,0,,
directory_depth_3,rigidmodels\buildings\tmb_upright_statue_02_jet_black,1,1,100.00,0,0.00,0,0.00,0,0.00,0,0.00,271696,1,271696,271696,271696,271696.00,0,,
directory_depth_3,rigidmodels\buildings\tmb_upright_statue_02_sandstone,1,1,100.00,0,0.00,0,0.00,0,0.00,0,0.00,271696,1,271696,271696,271696,271696.00,0,,
directory_depth_3,rigidmodels\buildings\tmb_wall_angled_joiner,1,1,100.00,0,0.00,0,0.00,0,0.00,0,0.00,246488,1,246488,246488,246488,246488.00,0,,
directory_depth_3,rigidmodels\buildings\tmb_wall_angled_to_grid_joiner,1,1,100.00,0,0.00,0,0.00,0,0.00,0,0.00,697866,1,697866,697866,697866,697866.00,0,,
directory_depth_3,rigidmodels\buildings\tmb_wall_corner_90_exter,1,1,100.00,0,0.00,0,0.00,0,0.00,0,0.00,148536,1,148536,148536,148536,148536.00,0,,
directory_depth_3,rigidmodels\buildings\tmb_wall_corner_90_inter,1,1,100.00,0,0.00,0,0.00,0,0.00,0,0.00,825856,1,825856,825856,825856,825856.00,0,,
directory_depth_3,rigidmodels\buildings\tmb_wall_gatehouse_60,9,9,100.00,0,0.00,0,0.00,0,0.00,0,0.00,4576390,9,4576390,42072,1640720,508487.78,0,,
directory_depth_3,rigidmodels\buildings\tmb_wall_grid_to_angled_joiner,1,1,100.00,0,0.00,0,0.00,0,0.00,0,0.00,697866,1,697866,697866,697866,697866.00,0,,
directory_depth_3,rigidmodels\buildings\tmb_wall_huge_01,1,1,100.00,0,0.00,0,0.00,0,0.00,0,0.00,100128,1,100128,100128,100128,100128.00,0,,
directory_depth_3,rigidmodels\buildings\tmb_wall_huge_02,1,1,100.00,0,0.00,0,0.00,0,0.00,0,0.00,96096,1,96096,96096,96096,96096.00,0,,
directory_depth_3,rigidmodels\buildings\tmb_wall_large_01,1,1,100.00,0,0.00,0,0.00,0,0.00,0,0.00,21808,1,21808,21808,21808,21808.00,0,,
directory_depth_3,rigidmodels\buildings\tmb_wall_large_02,1,1,100.00,0,0.00,0,0.00,0,0.00,0,0.00,27476,1,27476,27476,27476,27476.00,0,,
directory_depth_3,rigidmodels\buildings\tmb_wall_large_pillar_01,1,1,100.00,0,0.00,0,0.00,0,0.00,0,0.00,9676,1,9676,9676,9676,9676.00,0,,
directory_depth_3,rigidmodels\buildings\tmb_wall_medium_01,1,1,100.00,0,0.00,0,0.00,0,0.00,0,0.00,12328,1,12328,12328,12328,12328.00,0,,
directory_depth_3,rigidmodels\buildings\tmb_wall_medium_02,1,1,100.00,0,0.00,0,0.00,0,0.00,0,0.00,20964,1,20964,20964,20964,20964.00,0,,
directory_depth_3,rigidmodels\buildings\tmb_wall_merlon01,3,3,100.00,0,0.00,0,0.00,0,0.00,0,0.00,68878,3,68878,2518,46704,22959.33,0,,
directory_depth_3,rigidmodels\buildings\tmb_wall_merlon02,4,4,100.00,0,0.00,0,0.00,0,0.00,0,0.00,79148,4,79148,2556,44588,19787.00,0,,
directory_depth_3,rigidmodels\buildings\tmb_wall_merlon03,3,3,100.00,0,0.00,0,0.00,0,0.00,0,0.00,46156,3,46156,2556,31752,15385.33,0,,
directory_depth_3,rigidmodels\buildings\tmb_wall_minor_corner_90_exter,1,1,100.00,0,0.00,0,0.00,0,0.00,0,0.00,3052,1,3052,3052,3052,3052.00,0,,
directory_depth_3,rigidmodels\buildings\tmb_wall_minor_curved_90_exter,1,1,100.00,0,0.00,0,0.00,0,0.00,0,0.00,4544,1,4544,4544,4544,4544.00,0,,
directory_depth_3,rigidmodels\buildings\tmb_wall_minor_curved_90_inter,1,1,100.00,0,0.00,0,0.00,0,0.00,0,0.00,4780,1,4780,4780,4780,4780.00,0,,
directory_depth_3,rigidmodels\buildings\tmb_wall_minor_gatehouse_01,1,1,100.00,0,0.00,0,0.00,0,0.00,0,0.00,4312,1,4312,4312,4312,4312.00,0,,
directory_depth_3,rigidmodels\buildings\tmb_wall_minor_kink_left,1,1,100.00,0,0.00,0,0.00,0,0.00,0,0.00,3420,1,3420,3420,3420,3420.00,0,,
directory_depth_3,rigidmodels\buildings\tmb_wall_minor_straight_20,2,2,100.00,0,0.00,0,0.00,0,0.00,0,0.00,9412,2,9412,2836,6576,4706.00,0,,
directory_depth_3,rigidmodels\buildings\tmb_wall_small_01,3,3,100.00,0,0.00,0,0.00,0,0.00,0,0.00,109520,3,109520,15268,57628,36506.67,0,,
directory_depth_3,rigidmodels\buildings\tmb_wall_small_02,3,3,100.00,0,0.00,0,0.00,0,0.00,0,0.00,142604,3,142604,24744,74068,47534.67,0,,
directory_depth_3,rigidmodels\buildings\tmb_wall_small_pillar_01,1,1,100.00,0,0.00,0,0.00,0,0.00,0,0.00,10668,1,10668,10668,10668,10668.00,0,,
directory_depth_3,rigidmodels\buildings\tmb_wall_stepdown_15m,1,1,100.00,0,0.00,0,0.00,0,0.00,0,0.00,1102692,1,1102692,1102692,1102692,1102692.00,0,,
directory_depth_3,rigidmodels\buildings\tmb_wall_stepup_15m,1,1,100.00,0,0.00,0,0.00,0,0.00,0,0.00,1103732,1,1103732,1103732,1103732,1103732.00,0,,
directory_depth_3,rigidmodels\buildings\tmb_wall_straight_20,3,3,100.00,0,0.00,0,0.00,0,0.00,0,0.00,1338036,3,1338036,109742,839176,446012.00,0,,
directory_depth_3,rigidmodels\buildings\tmb_wall_straight_20_emplacement,1,1,100.00,0,0.00,0,0.00,0,0.00,0,0.00,365470,1,365470,365470,365470,365470.00,0,,
directory_depth_3,rigidmodels\buildings\tmb_wall_tower,2,2,100.00,0,0.00,0,0.00,0,0.00,0,0.00,1169320,2,1169320,449922,719398,584660.00,0,,
directory_depth_3,rigidmodels\buildings\tmb_wall_tower_01,2,2,100.00,0,0.00,0,0.00,0,0.00,0,0.00,1226190,2,1226190,506958,719232,613095.00,0,,
directory_depth_3,rigidmodels\buildings\tmb_wall_tower_02,2,2,100.00,0,0.00,0,0.00,0,0.00,0,0.00,1226190,2,1226190,506958,719232,613095.00,0,,
directory_depth_3,rigidmodels\buildings\tmb_wall_tower_03,2,2,100.00,0,0.00,0,0.00,0,0.00,0,0.00,1226190,2,1226190,506958,719232,613095.00,0,,
directory_depth_3,rigidmodels\buildings\tze_barricade_blocker_01,2,2,100.00,0,0.00,0,0.00,0,0.00,0,0.00,188730,2,188730,91654,97076,94365.00,0,,
directory_depth_3,rigidmodels\buildings\tze_barricade_monument_01,2,2,100.00,0,0.00,0,0.00,0,0.00,0,0.00,25520,2,25520,12716,12804,12760.00,0,,
directory_depth_3,rigidmodels\buildings\tze_barricade_platform_01,3,3,100.00,0,0.00,0,0.00,0,0.00,0,0.00,1117144,3,1117144,318532,441652,372381.33,0,,
directory_depth_3,rigidmodels\buildings\tze_barricade_trap_01,2,2,100.00,0,0.00,0,0.00,0,0.00,0,0.00,530814,2,530814,247504,283310,265407.00,0,,
directory_depth_3,rigidmodels\buildings\tze_barricade_trap_02,2,2,100.00,0,0.00,0,0.00,0,0.00,0,0.00,188196,2,188196,93308,94888,94098.00,0,,
directory_depth_3,rigidmodels\buildings\tze_batteringram,7,7,100.00,0,0.00,0,0.00,0,0.00,0,0.00,2582770,7,2582770,62616,1112878,368967.14,0,,
directory_depth_3,rigidmodels\buildings\tze_cliff_edge_01a,1,1,100.00,0,0.00,0,0.00,0,0.00,0,0.00,131408,1,131408,131408,131408,131408.00,0,,
directory_depth_3,rigidmodels\buildings\tze_cliff_edge_01b,1,1,100.00,0,0.00,0,0.00,0,0.00,0,0.00,75200,1,75200,75200,75200,75200.00,0,,
directory_depth_3,rigidmodels\buildings\tze_cliff_edge_01c,1,1,100.00,0,0.00,0,0.00,0,0.00,0,0.00,67460,1,67460,67460,67460,67460.00,0,,
directory_depth_3,rigidmodels\buildings\tze_cliff_freestanding_01,1,1,100.00,0,0.00,0,0.00,0,0.00,0,0.00,125808,1,125808,125808,125808,125808.00,0,,
directory_depth_3,rigidmodels\buildings\tze_cliff_freestanding_02,1,1,100.00,0,0.00,0,0.00,0,0.00,0,0.00,813248,1,813248,813248,813248,813248.00,0,,
directory_depth_3,rigidmodels\buildings\tze_cliff_freestanding_02b,1,1,100.00,0,0.00,0,0.00,0,0.00,0,0.00,1218392,1,1218392,1218392,1218392,1218392.00,0,,
directory_depth_3,rigidmodels\buildings\tze_cliff_freestanding_03,1,1,100.00,0,0.00,0,0.00,0,0.00,0,0.00,235606,1,235606,235606,235606,235606.00,0,,
directory_depth_3,rigidmodels\buildings\tze_cliff_freestanding_04,1,1,100.00,0,0.00,0,0.00,0,0.00,0,0.00,1578380,1,1578380,1578380,1578380,1578380.00,0,,
directory_depth_3,rigidmodels\buildings\tze_crystal_pillar_01a,1,1,100.00,0,0.00,0,0.00,0,0.00,0,0.00,126180,1,126180,126180,126180,126180.00,0,,
directory_depth_3,rigidmodels\buildings\tze_crystal_pillar_01a_emissive,1,1,100.00,0,0.00,0,0.00,0,0.00,0,0.00,126180,1,126180,126180,126180,126180.00,0,,
directory_depth_3,rigidmodels\buildings\tze_crystal_pillar_01b,1,1,100.00,0,0.00,0,0.00,0,0.00,0,0.00,66986,1,66986,66986,66986,66986.00,0,,
directory_depth_3,rigidmodels\buildings\tze_crystal_pillar_01b_emissive,1,1,100.00,0,0.00,0,0.00,0,0.00,0,0.00,66986,1,66986,66986,66986,66986.00,0,,
directory_depth_3,rigidmodels\buildings\tze_crystal_pillar_01c,1,1,100.00,0,0.00,0,0.00,0,0.00,0,0.00,88336,1,88336,88336,88336,88336.00,0,,
directory_depth_3,rigidmodels\buildings\tze_crystal_pillar_01c_emissive,1,1,100.00,0,0.00,0,0.00,0,0.00,0,0.00,88336,1,88336,88336,88336,88336.00,0,,
directory_depth_3,rigidmodels\buildings\tze_crystal_pillar_02a,1,1,100.00,0,0.00,0,0.00,0,0.00,0,0.00,86900,1,86900,86900,86900,86900.00,0,,
directory_depth_3,rigidmodels\buildings\tze_crystal_pillar_02a_emissive,1,1,100.00,0,0.00,0,0.00,0,0.00,0,0.00,86900,1,86900,86900,86900,86900.00,0,,
directory_depth_3,rigidmodels\buildings\tze_crystal_pillar_02b,1,1,100.00,0,0.00,0,0.00,0,0.00,0,0.00,51228,1,51228,51228,51228,51228.00,0,,
directory_depth_3,rigidmodels\buildings\tze_crystal_pillar_02b_emissive,1,1,100.00,0,0.00,0,0.00,0,0.00,0,0.00,51228,1,51228,51228,51228,51228.00,0,,
directory_depth_3,rigidmodels\buildings\tze_crystal_pillar_02c,1,1,100.00,0,0.00,0,0.00,0,0.00,0,0.00,58486,1,58486,58486,58486,58486.00,0,,
directory_depth_3,rigidmodels\buildings\tze_crystal_pillar_02c_emissive,1,1,100.00,0,0.00,0,0.00,0,0.00,0,0.00,58486,1,58486,58486,58486,58486.00,0,,
directory_depth_3,rigidmodels\buildings\tze_ground_crystals_01,1,1,100.00,0,0.00,0,0.00,0,0.00,0,0.00,169390,1,169390,169390,169390,169390.00,0,,
directory_depth_3,rigidmodels\buildings\tze_ground_crystals_02,1,1,100.00,0,0.00,0,0.00,0,0.00,0,0.00,160528,1,160528,160528,160528,160528.00,0,,
directory_depth_3,rigidmodels\buildings\tze_ground_crystals_03,1,1,100.00,0,0.00,0,0.00,0,0.00,0,0.00,124580,1,124580,124580,124580,124580.00,0,,
directory_depth_3,rigidmodels\buildings\tze_ground_eye_01,1,1,100.00,0,0.00,0,0.00,0,0.00,0,0.00,114706,1,114706,114706,114706,114706.00,0,,
directory_depth_3,rigidmodels\buildings\tze_ground_eye_02,1,1,100.00,0,0.00,0,0.00,0,0.00,0,0.00,90172,1,90172,90172,90172,90172.00,0,,
directory_depth_3,rigidmodels\buildings\tze_ground_fracture_01,1,1,100.00,0,0.00,0,0.00,0,0.00,0,0.00,89390,1,89390,89390,89390,89390.00,0,,
directory_depth_3,rigidmodels\buildings\tze_mtn_peak_01a,1,1,100.00,0,0.00,0,0.00,0,0.00,0,0.00,269292,1,269292,269292,269292,269292.00,0,,
directory_depth_3,rigidmodels\buildings\tze_mtn_peak_01b,1,1,100.00,0,0.00,0,0.00,0,0.00,0,0.00,269292,1,269292,269292,269292,269292.00,0,,
directory_depth_3,rigidmodels\buildings\tze_rock_beak_01,1,1,100.00,0,0.00,0,0.00,0,0.00,0,0.00,181678,1,181678,181678,181678,181678.00,0,,
directory_depth_3,rigidmodels\buildings\tze_rock_outcropping_01,1,1,100.00,0,0.00,0,0.00,0,0.00,0,0.00,124574,1,124574,124574,124574,124574.00,0,,
directory_depth_3,rigidmodels\buildings\tze_rock_stairs_01a,1,1,100.00,0,0.00,0,0.00,0,0.00,0,0.00,81104,1,81104,81104,81104,81104.00,0,,
directory_depth_3,rigidmodels\buildings\tze_rock_stairs_01b,1,1,100.00,0,0.00,0,0.00,0,0.00,0,0.00,74452,1,74452,74452,74452,74452.00,0,,
directory_depth_3,rigidmodels\buildings\tze_rock_stairs_01c,1,1,100.00,0,0.00,0,0.00,0,0.00,0,0.00,19632,1,19632,19632,19632,19632.00,0,,
directory_depth_3,rigidmodels\buildings\tze_rockpillar_01,1,1,100.00,0,0.00,0,0.00,0,0.00,0,0.00,290140,1,290140,290140,290140,290140.00,0,,
directory_depth_3,rigidmodels\buildings\tze_rockpillar_02,1,1,100.00,0,0.00,0,0.00,0,0.00,0,0.00,217330,1,217330,217330,217330,217330.00,0,,
directory_depth_3,rigidmodels\buildings\tze_rockspike_01,1,1,100.00,0,0.00,0,0.00,0,0.00,0,0.00,12638,1,12638,12638,12638,12638.00,0,,
directory_depth_3,rigidmodels\buildings\tze_rockspike_02,1,1,100.00,0,0.00,0,0.00,0,0.00,0,0.00,26102,1,26102,26102,26102,26102.00,0,,
directory_depth_3,rigidmodels\buildings\tze_rockspike_03,1,1,100.00,0,0.00,0,0.00,0,0.00,0,0.00,40850,1,40850,40850,40850,40850.00,0,,
directory_depth_3,rigidmodels\buildings\tze_rubble_01,1,1,100.00,0,0.00,0,0.00,0,0.00,0,0.00,87598,1,87598,87598,87598,87598.00,0,,
directory_depth_3,rigidmodels\buildings\tze_rubble_01_tb,1,1,100.00,0,0.00,0,0.00,0,0.00,0,0.00,86084,1,86084,86084,86084,86084.00,0,,
directory_depth_3,rigidmodels\buildings\tze_rubble_02,1,1,100.00,0,0.00,0,0.00,0,0.00,0,0.00,93356,1,93356,93356,93356,93356.00,0,,
directory_depth_3,rigidmodels\buildings\tze_rubble_02_tb,1,1,100.00,0,0.00,0,0.00,0,0.00,0,0.00,92550,1,92550,92550,92550,92550.00,0,,
directory_depth_3,rigidmodels\buildings\tze_rubble_03,1,1,100.00,0,0.00,0,0.00,0,0.00,0,0.00,96108,1,96108,96108,96108,96108.00,0,,
directory_depth_3,rigidmodels\buildings\tze_rubble_03_tb,1,1,100.00,0,0.00,0,0.00,0,0.00,0,0.00,95436,1,95436,95436,95436,95436.00,0,,
directory_depth_3,rigidmodels\buildings\tze_scale_feature_01a,1,1,100.00,0,0.00,0,0.00,0,0.00,0,0.00,181280,1,181280,181280,181280,181280.00,0,,
directory_depth_3,rigidmodels\buildings\tze_scale_feature_01b,1,1,100.00,0,0.00,0,0.00,0,0.00,0,0.00,73938,1,73938,73938,73938,73938.00,0,,
directory_depth_3,rigidmodels\buildings\tze_scale_feature_01c,1,1,100.00,0,0.00,0,0.00,0,0.00,0,0.00,29684,1,29684,29684,29684,29684.00,0,,
directory_depth_3,rigidmodels\buildings\tze_siege_tower_15m,6,6,100.00,0,0.00,0,0.00,0,0.00,0,0.00,7731256,6,7731256,215508,3665244,1288542.67,0,,
directory_depth_3,rigidmodels\buildings\tze_stones_01,1,1,100.00,0,0.00,0,0.00,0,0.00,0,0.00,44012,1,44012,44012,44012,44012.00,0,,
directory_depth_3,rigidmodels\buildings\tze_stones_02,1,1,100.00,0,0.00,0,0.00,0,0.00,0,0.00,44310,1,44310,44310,44310,44310.00,0,,
directory_depth_3,rigidmodels\buildings\tze_stones_03,1,1,100.00,0,0.00,0,0.00,0,0.00,0,0.00,50494,1,50494,50494,50494,50494.00,0,,
directory_depth_3,rigidmodels\buildings\tze_tower_placement_01,3,3,100.00,0,0.00,0,0.00,0,0.00,0,0.00,3242734,3,3242734,595052,1862792,1080911.33,0,,
directory_depth_3,rigidmodels\buildings\tze_tower_placement_02,3,3,100.00,0,0.00,0,0.00,0,0.00,0,0.00,3242734,3,3242734,595052,1862792,1080911.33,0,,
directory_depth_3,rigidmodels\buildings\tze_tower_placement_03,3,3,100.00,0,0.00,0,0.00,0,0.00,0,0.00,3242734,3,3242734,595052,1862792,1080911.33,0,,
directory_depth_3,rigidmodels\buildings\tze_tower_placement_04,3,3,100.00,0,0.00,0,0.00,0,0.00,0,0.00,3242734,3,3242734,595052,1862792,1080911.33,0,,
directory_depth_3,rigidmodels\buildings\tze_wall_tower,3,3,100.00,0,0.00,0,0.00,0,0.00,0,0.00,3418312,3,3418312,920836,1433836,1139437.33,0,,
directory_depth_3,rigidmodels\buildings\tze_wall_tower_01,3,3,100.00,0,0.00,0,0.00,0,0.00,0,0.00,3418312,3,3418312,920836,1433836,1139437.33,0,,
directory_depth_3,rigidmodels\buildings\tze_wall_tower_02,3,3,100.00,0,0.00,0,0.00,0,0.00,0,0.00,3418312,3,3418312,920836,1433836,1139437.33,0,,
directory_depth_3,rigidmodels\buildings\tze_wall_tower_03,3,3,100.00,0,0.00,0,0.00,0,0.00,0,0.00,3418312,3,3418312,920836,1433836,1139437.33,0,,
directory_depth_3,rigidmodels\buildings\vmp_arch_01,1,1,100.00,0,0.00,0,0.00,0,0.00,0,0.00,129580,1,129580,129580,129580,129580.00,0,,
directory_depth_3,rigidmodels\buildings\vmp_arch_02,1,1,100.00,0,0.00,0,0.00,0,0.00,0,0.00,135148,1,135148,135148,135148,135148.00,0,,
directory_depth_3,rigidmodels\buildings\vmp_arch_03,1,1,100.00,0,0.00,0,0.00,0,0.00,0,0.00,46108,1,46108,46108,46108,46108.00,0,,
directory_depth_3,rigidmodels\buildings\vmp_barricade_blocker_01,2,2,100.00,0,0.00,0,0.00,0,0.00,0,0.00,188730,2,188730,91654,97076,94365.00,0,,
directory_depth_3,rigidmodels\buildings\vmp_barricade_monument_01,2,2,100.00,0,0.00,0,0.00,0,0.00,0,0.00,25520,2,25520,12716,12804,12760.00,0,,
directory_depth_3,rigidmodels\buildings\vmp_barricade_platform_01,3,3,100.00,0,0.00,0,0.00,0,0.00,0,0.00,1117144,3,1117144,318532,441652,372381.33,0,,
directory_depth_3,rigidmodels\buildings\vmp_barricade_trap_01,2,2,100.00,0,0.00,0,0.00,0,0.00,0,0.00,530814,2,530814,247504,283310,265407.00,0,,
directory_depth_3,rigidmodels\buildings\vmp_batteringram,3,3,100.00,0,0.00,0,0.00,0,0.00,0,0.00,1245084,3,1245084,376292,449508,415028.00,0,,
directory_depth_3,rigidmodels\buildings\vmp_brickfencepillar_01,1,1,100.00,0,0.00,0,0.00,0,0.00,0,0.00,9524,1,9524,9524,9524,9524.00,0,,
directory_depth_3,rigidmodels\buildings\vmp_bridge_01,2,2,100.00,0,0.00,0,0.00,0,0.00,0,0.00,742020,2,742020,360658,381362,371010.00,0,,
directory_depth_3,rigidmodels\buildings\vmp_bridge_02,2,2,100.00,0,0.00,0,0.00,0,0.00,0,0.00,679060,2,679060,322396,356664,339530.00,0,,
directory_depth_3,rigidmodels\buildings\vmp_bridge_03,2,2,100.00,0,0.00,0,0.00,0,0.00,0,0.00,1124486,2,1124486,526464,598022,562243.00,0,,
directory_depth_3,rigidmodels\buildings\vmp_bridge_04,2,2,100.00,0,0.00,0,0.00,0,0.00,0,0.00,993036,2,993036,486484,506552,496518.00,0,,
directory_depth_3,rigidmodels\buildings\vmp_bridge_110m_01,1,1,100.00,0,0.00,0,0.00,0,0.00,0,0.00,423272,1,423272,423272,423272,423272.00,0,,
directory_depth_3,rigidmodels\buildings\vmp_building_01,2,2,100.00,0,0.00,0,0.00,0,0.00,0,0.00,777570,2,777570,380108,397462,388785.00,0,,
directory_depth_3,rigidmodels\buildings\vmp_building_02,2,2,100.00,0,0.00,0,0.00,0,0.00,0,0.00,652744,2,652744,277766,374978,326372.00,0,,
directory_depth_3,rigidmodels\buildings\vmp_chimney_01,1,1,100.00,0,0.00,0,0.00,0,0.00,0,0.00,99830,1,99830,99830,99830,99830.00,0,,
directory_depth_3,rigidmodels\buildings\vmp_chimney_02,1,1,100.00,0,0.00,0,0.00,0,0.00,0,0.00,90938,1,90938,90938,90938,90938.00,0,,
directory_depth_3,rigidmodels\buildings\vmp_dead_crypt_horror,1,1,100.00,0,0.00,0,0.00,0,0.00,0,0.00,177054,1,177054,177054,177054,177054.00,0,,
directory_depth_3,rigidmodels\buildings\vmp_frame_01,1,1,100.00,0,0.00,0,0.00,0,0.00,0,0.00,206572,1,206572,206572,206572,206572.00,0,,
directory_depth_3,rigidmodels\buildings\vmp_greathall_01,2,2,100.00,0,0.00,0,0.00,0,0.00,0,0.00,1385670,2,1385670,592316,793354,692835.00,0,,
directory_depth_3,rigidmodels\buildings\vmp_growth_over_rocklrg_01,1,1,100.00,0,0.00,0,0.00,0,0.00,0,0.00,11364,1,11364,11364,11364,11364.00,0,,
directory_depth_3,rigidmodels\buildings\vmp_house_01,1,1,100.00,0,0.00,0,0.00,0,0.00,0,0.00,527310,1,527310,527310,527310,527310.00,0,,
directory_depth_3,rigidmodels\buildings\vmp_house_02,1,1,100.00,0,0.00,0,0.00,0,0.00,0,0.00,475700,1,475700,475700,475700,475700.00,0,,
directory_depth_3,rigidmodels\buildings\vmp_house_03,1,1,100.00,0,0.00,0,0.00,0,0.00,0,0.00,250544,1,250544,250544,250544,250544.00,0,,
directory_depth_3,rigidmodels\buildings\vmp_house_04,1,1,100.00,0,0.00,0,0.00,0,0.00,0,0.00,186684,1,186684,186684,186684,186684.00,0,,
directory_depth_3,rigidmodels\buildings\vmp_house_05,1,1,100.00,0,0.00,0,0.00,0,0.00,0,0.00,241564,1,241564,241564,241564,241564.00,0,,
directory_depth_3,rigidmodels\buildings\vmp_infield_01,2,2,100.00,0,0.00,0,0.00,0,0.00,0,0.00,791574,2,791574,366394,425180,395787.00,0,,
directory_depth_3,rigidmodels\buildings\vmp_infield_02,2,2,100.00,0,0.00,0,0.00,0,0.00,0,0.00,1071884,2,1071884,524410,547474,535942.00,0,,
directory_depth_3,rigidmodels\buildings\vmp_infield_03,2,2,100.00,0,0.00,0,0.00,0,0.00,0,0.00,749736,2,749736,335440,414296,374868.00,0,,
directory_depth_3,rigidmodels\buildings\vmp_infield_04,2,2,100.00,0,0.00,0,0.00,0,0.00,0,0.00,850842,2,850842,407480,443362,425421.00,0,,
directory_depth_3,rigidmodels\buildings\vmp_infield_05,2,2,100.00,0,0.00,0,0.00,0,0.00,0,0.00,878050,2,878050,419340,458710,439025.00,0,,
directory_depth_3,rigidmodels\buildings\vmp_infield_06,2,2,100.00,0,0.00,0,0.00,0,0.00,0,0.00,1525700,2,1525700,706446,819254,762850.00,0,,
directory_depth_3,rigidmodels\buildings\vmp_infield_07,2,2,100.00,0,0.00,0,0.00,0,0.00,0,0.00,1138888,2,1138888,533312,605576,569444.00,0,,
directory_depth_3,rigidmodels\buildings\vmp_infield_08,2,2,100.00,0,0.00,0,0.00,0,0.00,0,0.00,3067172,2,3067172,1474734,1592438,1533586.00,0,,
directory_depth_3,rigidmodels\buildings\vmp_infield_09,2,2,100.00,0,0.00,0,0.00,0,0.00,0,0.00,1653346,2,1653346,791514,861832,826673.00,0,,
directory_depth_3,rigidmodels\buildings\vmp_infield_10,2,2,100.00,0,0.00,0,0.00,0,0.00,0,0.00,952654,2,952654,434758,517896,476327.00,0,,
directory_depth_3,rigidmodels\buildings\vmp_infield_11,2,2,100.00,0,0.00,0,0.00,0,0.00,0,0.00,1573512,2,1573512,761356,812156,786756.00,0,,
directory_depth_3,rigidmodels\buildings\vmp_infield_brickfence_01,1,1,100.00,0,0.00,0,0.00,0,0.00,0,0.00,19056,1,19056,19056,19056,19056.00,0,,
directory_depth_3,rigidmodels\buildings\vmp_landscape_01,1,1,100.00,0,0.00,0,0.00,0,0.00,0,0.00,23756,1,23756,23756,23756,23756.00,0,,
directory_depth_3,rigidmodels\buildings\vmp_marketdecotarp_01,1,1,100.00,0,0.00,0,0.00,0,0.00,0,0.00,12480,1,12480,12480,12480,12480.00,0,,
directory_depth_3,rigidmodels\buildings\vmp_mausoleum_01,3,3,100.00,0,0.00,0,0.00,0,0.00,0,0.00,320378,3,320378,39244,193078,106792.67,0,,
directory_depth_3,rigidmodels\buildings\vmp_mausoleum_02,1,1,100.00,0,0.00,0,0.00,0,0.00,0,0.00,68974,1,68974,68974,68974,68974.00,0,,
directory_depth_3,rigidmodels\buildings\vmp_mausoleum_pillar_01,2,2,100.00,0,0.00,0,0.00,0,0.00,0,0.00,130882,2,130882,54080,76802,65441.00,0,,
directory_depth_3,rigidmodels\buildings\vmp_mausoleum_vase_01,1,1,100.00,0,0.00,0,0.00,0,0.00,0,0.00,19036,1,19036,19036,19036,19036.00,0,,
directory_depth_3,rigidmodels\buildings\vmp_megabuttress_01,1,1,100.00,0,0.00,0,0.00,0,0.00,0,0.00,269482,1,269482,269482,269482,269482.00,0,,
directory_depth_3,rigidmodels\buildings\vmp_megabuttress_01_mirror,1,1,100.00,0,0.00,0,0.00,0,0.00,0,0.00,268836,1,268836,268836,268836,268836.00,0,,
directory_depth_3,rigidmodels\buildings\vmp_megabuttress_02,1,1,100.00,0,0.00,0,0.00,0,0.00,0,0.00,232916,1,232916,232916,232916,232916.00,0,,
directory_depth_3,rigidmodels\buildings\vmp_megabuttress_02_mirror,1,1,100.00,0,0.00,0,0.00,0,0.00,0,0.00,235316,1,235316,235316,235316,235316.00,0,,
directory_depth_3,rigidmodels\buildings\vmp_metal_fence_01,3,3,100.00,0,0.00,0,0.00,0,0.00,0,0.00,77400,3,77400,24972,26272,25800.00,0,,
directory_depth_3,rigidmodels\buildings\vmp_metal_fence_door_01,2,2,100.00,0,0.00,0,0.00,0,0.00,0,0.00,7000,2,7000,2848,4152,3500.00,0,,
directory_depth_3,rigidmodels\buildings\vmp_pinnacle_01,2,2,100.00,0,0.00,0,0.00,0,0.00,0,0.00,1545536,2,1545536,755772,789764,772768.00,0,,
directory_depth_3,rigidmodels\buildings\vmp_prop_arch_03,1,1,100.00,0,0.00,0,0.00,0,0.00,0,0.00,4336,1,4336,4336,4336,4336.00,0,,
directory_depth_3,rigidmodels\buildings\vmp_prop_lantern_01,1,1,100.00,0,0.00,0,0.00,0,0.00,0,0.00,4516,1,4516,4516,4516,4516.00,0,,
directory_depth_3,rigidmodels\buildings\vmp_prop_lantern_02,1,1,100.00,0,0.00,0,0.00,0,0.00,0,0.00,38200,1,38200,38200,38200,38200.00,0,,
directory_depth_3,rigidmodels\buildings\vmp_prop_lantern_03,1,1,100.00,0,0.00,0,0.00,0,0.00,0,0.00,40928,1,40928,40928,40928,40928.00,0,,
directory_depth_3,rigidmodels\buildings\vmp_prop_spike_01,1,1,100.00,0,0.00,0,0.00,0,0.00,0,0.00,8932,1,8932,8932,8932,8932.00,0,,
directory_depth_3,rigidmodels\buildings\vmp_prop_spike_02,1,1,100.00,0,0.00,0,0.00,0,0.00,0,0.00,11096,1,11096,11096,11096,11096.00,0,,
directory_depth_3,rigidmodels\buildings\vmp_prop_wood_01,1,1,100.00,0,0.00,0,0.00,0,0.00,0,0.00,7672,1,7672,7672,7672,7672.00,0,,
directory_depth_3,rigidmodels\buildings\vmp_prop_wood_02,1,1,100.00,0,0.00,0,0.00,0,0.00,0,0.00,4168,1,4168,4168,4168,4168.00,0,,
directory_depth_3,rigidmodels\buildings\vmp_puddlehill_01,1,1,100.00,0,0.00,0,0.00,0,0.00,0,0.00,14004,1,14004,14004,14004,14004.00,0,,
directory_depth_3,rigidmodels\buildings\vmp_rocklrg_01,1,1,100.00,0,0.00,0,0.00,0,0.00,0,0.00,113664,1,113664,113664,113664,113664.00,0,,
directory_depth_3,rigidmodels\buildings\vmp_rockmed_01,1,1,100.00,0,0.00,0,0.00,0,0.00,0,0.00,52340,1,52340,52340,52340,52340.00,0,,
directory_depth_3,rigidmodels\buildings\vmp_rocks_small_01,1,1,100.00,0,0.00,0,0.00,0,0.00,0,0.00,18158,1,18158,18158,18158,18158.00,0,,
directory_depth_3,rigidmodels\buildings\vmp_rocksml_01,1,1,100.00,0,0.00,0,0.00,0,0.00,0,0.00,22700,1,22700,22700,22700,22700.00,0,,
directory_depth_3,rigidmodels\buildings\vmp_rural_chimney,1,1,100.00,0,0.00,0,0.00,0,0.00,0,0.00,10850,1,10850,10850,10850,10850.00,0,,
directory_depth_3,rigidmodels\buildings\vmp_rural_door_01,1,1,100.00,0,0.00,0,0.00,0,0.00,0,0.00,5204,1,5204,5204,5204,5204.00,0,,
directory_depth_3,rigidmodels\buildings\vmp_rural_door_02,1,1,100.00,0,0.00,0,0.00,0,0.00,0,0.00,15156,1,15156,15156,15156,15156.00,0,,
directory_depth_3,rigidmodels\buildings\vmp_rural_house_01,1,1,100.00,0,0.00,0,0.00,0,0.00,0,0.00,190428,1,190428,190428,190428,190428.00,0,,
directory_depth_3,rigidmodels\buildings\vmp_rural_house_02,1,1,100.00,0,0.00,0,0.00,0,0.00,0,0.00,8242,1,8242,8242,8242,8242.00,0,,
directory_depth_3,rigidmodels\buildings\vmp_rural_house_03,1,1,100.00,0,0.00,0,0.00,0,0.00,0,0.00,249138,1,249138,249138,249138,249138.00,0,,
directory_depth_3,rigidmodels\buildings\vmp_rural_house_04,1,1,100.00,0,0.00,0,0.00,0,0.00,0,0.00,253866,1,253866,253866,253866,253866.00,0,,
directory_depth_3,rigidmodels\buildings\vmp_rural_house_05,1,1,100.00,0,0.00,0,0.00,0,0.00,0,0.00,56382,1,56382,56382,56382,56382.00,0,,
directory_depth_3,rigidmodels\buildings\vmp_rural_house_06,1,1,100.00,0,0.00,0,0.00,0,0.00,0,0.00,111904,1,111904,111904,111904,111904.00,0,,
directory_depth_3,rigidmodels\buildings\vmp_rural_house_07,1,1,100.00,0,0.00,0,0.00,0,0.00,0,0.00,79584,1,79584,79584,79584,79584.00,0,,
directory_depth_3,rigidmodels\buildings\vmp_rural_planks,1,1,100.00,0,0.00,0,0.00,0,0.00,0,0.00,14280,1,14280,14280,14280,14280.00,0,,
directory_depth_3,rigidmodels\buildings\vmp_rural_porch,1,1,100.00,0,0.00,0,0.00,0,0.00,0,0.00,23416,1,23416,23416,23416,23416.00,0,,
directory_depth_3,rigidmodels\buildings\vmp_rural_porch_02,1,1,100.00,0,0.00,0,0.00,0,0.00,0,0.00,8674,1,8674,8674,8674,8674.00,0,,
directory_depth_3,rigidmodels\buildings\vmp_rural_watchtower,1,1,100.00,0,0.00,0,0.00,0,0.00,0,0.00,29536,1,29536,29536,29536,29536.00,0,,
directory_depth_3,rigidmodels\buildings\vmp_seacliff_a,1,1,100.00,0,0.00,0,0.00,0,0.00,0,0.00,126476,1,126476,126476,126476,126476.00,0,,
directory_depth_3,rigidmodels\buildings\vmp_seacliff_b,1,1,100.00,0,0.00,0,0.00,0,0.00,0,0.00,148352,1,148352,148352,148352,148352.00,0,,
directory_depth_3,rigidmodels\buildings\vmp_seacliff_b_01,1,1,100.00,0,0.00,0,0.00,0,0.00,0,0.00,296006,1,296006,296006,296006,296006.00,0,,
directory_depth_3,rigidmodels\buildings\vmp_seacliff_b_02,1,1,100.00,0,0.00,0,0.00,0,0.00,0,0.00,284902,1,284902,284902,284902,284902.00,0,,
directory_depth_3,rigidmodels\buildings\vmp_seacliff_b_02_a,1,1,100.00,0,0.00,0,0.00,0,0.00,0,0.00,173604,1,173604,173604,173604,173604.00,0,,
directory_depth_3,rigidmodels\buildings\vmp_seacliff_b_02_c,1,1,100.00,0,0.00,0,0.00,0,0.00,0,0.00,60456,1,60456,60456,60456,60456.00,0,,
directory_depth_3,rigidmodels\buildings\vmp_seacliff_b_03,1,1,100.00,0,0.00,0,0.00,0,0.00,0,0.00,261156,1,261156,261156,261156,261156.00,0,,
directory_depth_3,rigidmodels\buildings\vmp_seacliff_b_04,1,1,100.00,0,0.00,0,0.00,0,0.00,0,0.00,157456,1,157456,157456,157456,157456.00,0,,
directory_depth_3,rigidmodels\buildings\vmp_seacliff_b_05,1,1,100.00,0,0.00,0,0.00,0,0.00,0,0.00,217386,1,217386,217386,217386,217386.00,0,,
directory_depth_3,rigidmodels\buildings\vmp_seacliff_b_06,1,1,100.00,0,0.00,0,0.00,0,0.00,0,0.00,155012,1,155012,155012,155012,155012.00,0,,
directory_depth_3,rigidmodels\buildings\vmp_seacliff_b_07,1,1,100.00,0,0.00,0,0.00,0,0.00,0,0.00,193262,1,193262,193262,193262,193262.00,0,,
directory_depth_3,rigidmodels\buildings\vmp_seacliff_formation_01,1,1,100.00,0,0.00,0,0.00,0,0.00,0,0.00,534974,1,534974,534974,534974,534974.00,0,,
directory_depth_3,rigidmodels\buildings\vmp_sidewalk_01,1,1,100.00,0,0.00,0,0.00,0,0.00,0,0.00,9754,1,9754,9754,9754,9754.00,0,,
directory_depth_3,rigidmodels\buildings\vmp_sidewalkcorner_01,1,1,100.00,0,0.00,0,0.00,0,0.00,0,0.00,9746,1,9746,9746,9746,9746.00,0,,
directory_depth_3,rigidmodels\buildings\vmp_sidewalkround_01,1,1,100.00,0,0.00,0,0.00,0,0.00,0,0.00,18956,1,18956,18956,18956,18956.00,0,,
directory_depth_3,rigidmodels\buildings\vmp_siege_tower_15m,6,6,100.00,0,0.00,0,0.00,0,0.00,0,0.00,4601216,6,4601216,38124,2171928,766869.33,0,,
directory_depth_3,rigidmodels\buildings\vmp_standingbridge_01,1,1,100.00,0,0.00,0,0.00,0,0.00,0,0.00,512554,1,512554,512554,512554,512554.00,0,,
directory_depth_3,rigidmodels\buildings\vmp_standingbridge_02,1,1,100.00,0,0.00,0,0.00,0,0.00,0,0.00,508584,1,508584,508584,508584,508584.00,0,,
directory_depth_3,rigidmodels\buildings\vmp_standingbridge_03,1,1,100.00,0,0.00,0,0.00,0,0.00,0,0.00,468278,1,468278,468278,468278,468278.00,0,,
directory_depth_3,rigidmodels\buildings\vmp_standingbridge_04,1,1,100.00,0,0.00,0,0.00,0,0.00,0,0.00,473748,1,473748,473748,473748,473748.00,0,,
directory_depth_3,rigidmodels\buildings\vmp_standingbridge_tall_01,1,1,100.00,0,0.00,0,0.00,0,0.00,0,0.00,505892,1,505892,505892,505892,505892.00,0,,
directory_depth_3,rigidmodels\buildings\vmp_statue_01_plinth,3,3,100.00,0,0.00,0,0.00,0,0.00,0,0.00,266528,3,266528,80266,99178,88842.67,0,,
directory_depth_3,rigidmodels\buildings\vmp_statue_fem_01,3,3,100.00,0,0.00,0,0.00,0,0.00,0,0.00,1573572,3,1573572,477200,585834,524524.00,0,,
directory_depth_3,rigidmodels\buildings\vmp_statue_fem_02,3,3,100.00,0,0.00,0,0.00,0,0.00,0,0.00,1208676,3,1208676,377608,434946,402892.00,0,,
directory_depth_3,rigidmodels\buildings\vmp_statue_varg_01,3,3,100.00,0,0.00,0,0.00,0,0.00,0,0.00,1347444,3,1347444,437306,464222,449148.00,0,,
directory_depth_3,rigidmodels\buildings\vmp_statue_varg_plin_01,3,3,100.00,0,0.00,0,0.00,0,0.00,0,0.00,1512726,3,1512726,487904,524274,504242.00,0,,
directory_depth_3,rigidmodels\buildings\vmp_tombstone_01,2,2,100.00,0,0.00,0,0.00,0,0.00,0,0.00,69148,2,69148,33872,35276,34574.00,0,,
directory_depth_3,rigidmodels\buildings\vmp_tombstone_02,2,2,100.00,0,0.00,0,0.00,0,0.00,0,0.00,42746,2,42746,15740,27006,21373.00,0,,
directory_depth_3,rigidmodels\buildings\vmp_tombstone_03,2,2,100.00,0,0.00,0,0.00,0,0.00,0,0.00,35060,2,35060,17068,17992,17530.00,0,,
directory_depth_3,rigidmodels\buildings\vmp_tombstone_04,2,2,100.00,0,0.00,0,0.00,0,0.00,0,0.00,32576,2,32576,12622,19954,16288.00,0,,
directory_depth_3,rigidmodels\buildings\vmp_tombstone_05,2,2,100.00,0,0.00,0,0.00,0,0.00,0,0.00,34018,2,34018,15244,18774,17009.00,0,,
directory_depth_3,rigidmodels\buildings\vmp_totem_01,2,2,100.00,0,0.00,0,0.00,0,0.00,0,0.00,32814,2,32814,8056,24758,16407.00,0,,
directory_depth_3,rigidmodels\buildings\vmp_totem_02,2,2,100.00,0,0.00,0,0.00,0,0.00,0,0.00,30412,2,30412,5502,24910,15206.00,0,,
directory_depth_3,rigidmodels\buildings\vmp_totem_03,2,2,100.00,0,0.00,0,0.00,0,0.00,0,0.00,20034,2,20034,9316,10718,10017.00,0,,
directory_depth_3,rigidmodels\buildings\vmp_totem_04,2,2,100.00,0,0.00,0,0.00,0,0.00,0,0.00,35756,2,35756,12304,23452,17878.00,0,,
directory_depth_3,rigidmodels\buildings\vmp_tower_01,2,2,100.00,0,0.00,0,0.00,0,0.00,0,0.00,1431186,2,1431186,673962,757224,715593.00,0,,
directory_depth_3,rigidmodels\buildings\vmp_tower_big_01,2,2,100.00,0,0.00,0,0.00,0,0.00,0,0.00,3512362,2,3512362,1714094,1798268,1756181.00,0,,
directory_depth_3,rigidmodels\buildings\vmp_tower_freestanding,2,2,100.00,0,0.00,0,0.00,0,0.00,0,0.00,4728658,2,4728658,1716788,3011870,2364329.00,0,,
directory_depth_3,rigidmodels\buildings\vmp_tower_placement_01,2,2,100.00,0,0.00,0,0.00,0,0.00,0,0.00,4728658,2,4728658,1716788,3011870,2364329.00,0,,
directory_depth_3,rigidmodels\buildings\vmp_tower_placement_02,2,2,100.00,0,0.00,0,0.00,0,0.00,0,0.00,4728658,2,4728658,1716788,3011870,2364329.00,0,,
directory_depth_3,rigidmodels\buildings\vmp_tower_placement_03,2,2,100.00,0,0.00,0,0.00,0,0.00,0,0.00,4728658,2,4728658,1716788,3011870,2364329.00,0,,
directory_depth_3,rigidmodels\buildings\vmp_tower_placement_04,2,2,100.00,0,0.00,0,0.00,0,0.00,0,0.00,4728658,2,4728658,1716788,3011870,2364329.00,0,,
directory_depth_3,rigidmodels\buildings\vmp_tower_plinth_01,1,1,100.00,0,0.00,0,0.00,0,0.00,0,0.00,518928,1,518928,518928,518928,518928.00,0,,
directory_depth_3,rigidmodels\buildings\vmp_tower_plinth_02,1,1,100.00,0,0.00,0,0.00,0,0.00,0,0.00,524496,1,524496,524496,524496,524496.00,0,,
directory_depth_3,rigidmodels\buildings\vmp_vc_anchor_01,1,1,100.00,0,0.00,0,0.00,0,0.00,0,0.00,14132,1,14132,14132,14132,14132.00,0,,
directory_depth_3,rigidmodels\buildings\vmp_vc_beam_02,1,1,100.00,0,0.00,0,0.00,0,0.00,0,0.00,3256,1,3256,3256,3256,3256.00,0,,
directory_depth_3,rigidmodels\buildings\vmp_vc_beam_03,1,1,100.00,0,0.00,0,0.00,0,0.00,0,0.00,3736,1,3736,3736,3736,3736.00,0,,
directory_depth_3,rigidmodels\buildings\vmp_vc_boat_01,1,1,100.00,0,0.00,0,0.00,0,0.00,0,0.00,4785832,1,4785832,4785832,4785832,4785832.00,0,,
directory_depth_3,rigidmodels\buildings\vmp_vc_boat_01_sails,1,1,100.00,0,0.00,0,0.00,0,0.00,0,0.00,2106978,1,2106978,2106978,2106978,2106978.00,0,,
directory_depth_3,rigidmodels\buildings\vmp_vc_boat_front_01,1,1,100.00,0,0.00,0,0.00,0,0.00,0,0.00,243802,1,243802,243802,243802,243802.00,0,,
directory_depth_3,rigidmodels\buildings\vmp_vc_boat_front_02,1,1,100.00,0,0.00,0,0.00,0,0.00,0,0.00,112598,1,112598,112598,112598,112598.00,0,,
directory_depth_3,rigidmodels\buildings\vmp_vc_boat_front_03,1,1,100.00,0,0.00,0,0.00,0,0.00,0,0.00,165366,1,165366,165366,165366,165366.00,0,,
directory_depth_3,rigidmodels\buildings\vmp_vc_boat_hull_01,1,1,100.00,0,0.00,0,0.00,0,0.00,0,0.00,249032,1,249032,249032,249032,249032.00,0,,
directory_depth_3,rigidmodels\buildings\vmp_vc_boat_hull_02,1,1,100.00,0,0.00,0,0.00,0,0.00,0,0.00,183864,1,183864,183864,183864,183864.00,0,,
directory_depth_3,rigidmodels\buildings\vmp_vc_cannon_01,1,1,100.00,0,0.00,0,0.00,0,0.00,0,0.00,142244,1,142244,142244,142244,142244.00,0,,
directory_depth_3,rigidmodels\buildings\vmp_vc_cannon_02,1,1,100.00,0,0.00,0,0.00,0,0.00,0,0.00,57852,1,57852,57852,57852,57852.00,0,,
directory_depth_3,rigidmodels\buildings\vmp_vc_cannonballs_01,1,1,100.00,0,0.00,0,0.00,0,0.00,0,0.00,271384,1,271384,271384,271384,271384.00,0,,
directory_depth_3,rigidmodels\buildings\vmp_vc_capstan_01,1,1,100.00,0,0.00,0,0.00,0,0.00,0,0.00,63916,1,63916,63916,63916,63916.00,0,,
directory_depth_3,rigidmodels\buildings\vmp_vc_crane_01,1,1,100.00,0,0.00,0,0.00,0,0.00,0,0.00,11080,1,11080,11080,11080,11080.00,0,,
directory_depth_3,rigidmodels\buildings\vmp_vc_crane_02,1,1,100.00,0,0.00,0,0.00,0,0.00,0,0.00,39172,1,39172,39172,39172,39172.00,0,,
directory_depth_3,rigidmodels\buildings\vmp_vc_crowsnest_01,1,1,100.00,0,0.00,0,0.00,0,0.00,0,0.00,369040,1,369040,369040,369040,369040.00,0,,
directory_depth_3,rigidmodels\buildings\vmp_vc_crowsnest_02,1,1,100.00,0,0.00,0,0.00,0,0.00,0,0.00,393558,1,393558,393558,393558,393558.00,0,,
directory_depth_3,rigidmodels\buildings\vmp_vc_crowsnest_03,1,1,100.00,0,0.00,0,0.00,0,0.00,0,0.00,37152,1,37152,37152,37152,37152.00,0,,
directory_depth_3,rigidmodels\buildings\vmp_vc_crowsnest_04,1,1,100.00,0,0.00,0,0.00,0,0.00,0,0.00,352392,1,352392,352392,352392,352392.00,0,,
directory_depth_3,rigidmodels\buildings\vmp_vc_gallery_01,1,1,100.00,0,0.00,0,0.00,0,0.00,0,0.00,225040,1,225040,225040,225040,225040.00,0,,
directory_depth_3,rigidmodels\buildings\vmp_vc_gallery_02,1,1,100.00,0,0.00,0,0.00,0,0.00,0,0.00,43074,1,43074,43074,43074,43074.00,0,,
directory_depth_3,rigidmodels\buildings\vmp_vc_gallery_03,1,1,100.00,0,0.00,0,0.00,0,0.00,0,0.00,84230,1,84230,84230,84230,84230.00,0,,
directory_depth_3,rigidmodels\buildings\vmp_vc_gibbet_01,1,1,100.00,0,0.00,0,0.00,0,0.00,0,0.00,358216,1,358216,358216,358216,358216.00,0,,
directory_depth_3,rigidmodels\buildings\vmp_vc_infield_01,2,2,100.00,0,0.00,0,0.00,0,0.00,0,0.00,791574,2,791574,366394,425180,395787.00,0,,
directory_depth_3,rigidmodels\buildings\vmp_vc_infield_02,2,2,100.00,0,0.00,0,0.00,0,0.00,0,0.00,1071884,2,1071884,524410,547474,535942.00,0,,
directory_depth_3,rigidmodels\buildings\vmp_vc_infield_03,2,2,100.00,0,0.00,0,0.00,0,0.00,0,0.00,749736,2,749736,335440,414296,374868.00,0,,
directory_depth_3,rigidmodels\buildings\vmp_vc_infield_04,2,2,100.00,0,0.00,0,0.00,0,0.00,0,0.00,850842,2,850842,407480,443362,425421.00,0,,
directory_depth_3,rigidmodels\buildings\vmp_vc_infield_05,2,2,100.00,0,0.00,0,0.00,0,0.00,0,0.00,878050,2,878050,419340,458710,439025.00,0,,
directory_depth_3,rigidmodels\buildings\vmp_vc_infield_06,2,2,100.00,0,0.00,0,0.00,0,0.00,0,0.00,1440772,2,1440772,706446,734326,720386.00,0,,
directory_depth_3,rigidmodels\buildings\vmp_vc_infield_07,2,2,100.00,0,0.00,0,0.00,0,0.00,0,0.00,1138888,2,1138888,533312,605576,569444.00,0,,
directory_depth_3,rigidmodels\buildings\vmp_vc_infield_08,2,2,100.00,0,0.00,0,0.00,0,0.00,0,0.00,3067172,2,3067172,1474734,1592438,1533586.00,0,,
directory_depth_3,rigidmodels\buildings\vmp_vc_infield_09,2,2,100.00,0,0.00,0,0.00,0,0.00,0,0.00,1653346,2,1653346,791514,861832,826673.00,0,,
directory_depth_3,rigidmodels\buildings\vmp_vc_infield_10,2,2,100.00,0,0.00,0,0.00,0,0.00,0,0.00,952654,2,952654,434758,517896,476327.00,0,,
directory_depth_3,rigidmodels\buildings\vmp_vc_infield_11,2,2,100.00,0,0.00,0,0.00,0,0.00,0,0.00,1470716,2,1470716,658560,812156,735358.00,0,,
directory_depth_3,rigidmodels\buildings\vmp_vc_infield_tower_01,1,1,100.00,0,0.00,0,0.00,0,0.00,0,0.00,97886,1,97886,97886,97886,97886.00,0,,
directory_depth_3,rigidmodels\buildings\vmp_vc_lantern_01,1,1,100.00,0,0.00,0,0.00,0,0.00,0,0.00,16756,1,16756,16756,16756,16756.00,0,,
directory_depth_3,rigidmodels\buildings\vmp_vc_lifeboat_01,1,1,100.00,0,0.00,0,0.00,0,0.00,0,0.00,43888,1,43888,43888,43888,43888.00,0,,
directory_depth_3,rigidmodels\buildings\vmp_vc_lifeboat_02,1,1,100.00,0,0.00,0,0.00,0,0.00,0,0.00,23848,1,23848,23848,23848,23848.00,0,,
directory_depth_3,rigidmodels\buildings\vmp_vc_mast_01,1,1,100.00,0,0.00,0,0.00,0,0.00,0,0.00,97944,1,97944,97944,97944,97944.00,0,,
directory_depth_3,rigidmodels\buildings\vmp_vc_mast_02,1,1,100.00,0,0.00,0,0.00,0,0.00,0,0.00,176222,1,176222,176222,176222,176222.00,0,,
directory_depth_3,rigidmodels\buildings\vmp_vc_mast_03,1,1,100.00,0,0.00,0,0.00,0,0.00,0,0.00,147406,1,147406,147406,147406,147406.00,0,,
directory_depth_3,rigidmodels\buildings\vmp_vc_mast_04,1,1,100.00,0,0.00,0,0.00,0,0.00,0,0.00,143264,1,143264,143264,143264,143264.00,0,,
directory_depth_3,rigidmodels\buildings\vmp_vc_mast_05,1,1,100.00,0,0.00,0,0.00,0,0.00,0,0.00,96394,1,96394,96394,96394,96394.00,0,,
directory_depth_3,rigidmodels\buildings\vmp_vc_mast_06,1,1,100.00,0,0.00,0,0.00,0,0.00,0,0.00,100596,1,100596,100596,100596,100596.00,0,,
directory_depth_3,rigidmodels\buildings\vmp_vc_net_01,1,1,100.00,0,0.00,0,0.00,0,0.00,0,0.00,21096,1,21096,21096,21096,21096.00,0,,
directory_depth_3,rigidmodels\buildings\vmp_vc_planks_01,1,1,100.00,0,0.00,0,0.00,0,0.00,0,0.00,31724,1,31724,31724,31724,31724.00,0,,
directory_depth_3,rigidmodels\buildings\vmp_vc_platform_01,1,1,100.00,0,0.00,0,0.00,0,0.00,0,0.00,9156,1,9156,9156,9156,9156.00,0,,
directory_depth_3,rigidmodels\buildings\vmp_vc_platform_02,1,1,100.00,0,0.00,0,0.00,0,0.00,0,0.00,71748,1,71748,71748,71748,71748.00,0,,
directory_depth_3,rigidmodels\buildings\vmp_vc_platform_03,1,1,100.00,0,0.00,0,0.00,0,0.00,0,0.00,16456,1,16456,16456,16456,16456.00,0,,
directory_depth_3,rigidmodels\buildings\vmp_vc_porthole_01,1,1,100.00,0,0.00,0,0.00,0,0.00,0,0.00,72366,1,72366,72366,72366,72366.00,0,,
directory_depth_3,rigidmodels\buildings\vmp_vc_porthole_02,1,1,100.00,0,0.00,0,0.00,0,0.00,0,0.00,41796,1,41796,41796,41796,41796.00,0,,
directory_depth_3,rigidmodels\buildings\vmp_vc_porthole_03,1,1,100.00,0,0.00,0,0.00,0,0.00,0,0.00,33434,1,33434,33434,33434,33434.00,0,,
directory_depth_3,rigidmodels\buildings\vmp_vc_rope_01,1,1,100.00,0,0.00,0,0.00,0,0.00,0,0.00,9452,1,9452,9452,9452,9452.00,0,,
directory_depth_3,rigidmodels\buildings\vmp_vc_rope_02,1,1,100.00,0,0.00,0,0.00,0,0.00,0,0.00,16908,1,16908,16908,16908,16908.00,0,,
directory_depth_3,rigidmodels\buildings\vmp_vc_sails_ark_01,1,1,100.00,0,0.00,0,0.00,0,0.00,0,0.00,19948,1,19948,19948,19948,19948.00,0,,
directory_depth_3,rigidmodels\buildings\vmp_vc_spike_01,1,1,100.00,0,0.00,0,0.00,0,0.00,0,0.00,17268,1,17268,17268,17268,17268.00,0,,
directory_depth_3,rigidmodels\buildings\vmp_vc_spike_02,1,1,100.00,0,0.00,0,0.00,0,0.00,0,0.00,42496,1,42496,42496,42496,42496.00,0,,
directory_depth_3,rigidmodels\buildings\vmp_vc_stairs_01,1,1,100.00,0,0.00,0,0.00,0,0.00,0,0.00,38308,1,38308,38308,38308,38308.00,0,,
directory_depth_3,rigidmodels\buildings\vmp_vc_stern_01,1,1,100.00,0,0.00,0,0.00,0,0.00,0,0.00,76614,1,76614,76614,76614,76614.00,0,,
directory_depth_3,rigidmodels\buildings\vmp_vc_wheel_01,1,1,100.00,0,0.00,0,0.00,0,0.00,0,0.00,185922,1,185922,185922,185922,185922.00,0,,
directory_depth_3,rigidmodels\buildings\vmp_vc_wheel_02,1,1,100.00,0,0.00,0,0.00,0,0.00,0,0.00,167082,1,167082,167082,167082,167082.00,0,,
directory_depth_3,rigidmodels\buildings\vmp_vc_window_01,1,1,100.00,0,0.00,0,0.00,0,0.00,0,0.00,21902,1,21902,21902,21902,21902.00,0,,
directory_depth_3,rigidmodels\buildings\vmp_wall_angled_joiner,1,1,100.00,0,0.00,0,0.00,0,0.00,0,0.00,149710,1,149710,149710,149710,149710.00,0,,
directory_depth_3,rigidmodels\buildings\vmp_wall_angled_to_grid_joiner,3,3,100.00,0,0.00,0,0.00,0,0.00,0,0.00,3124418,3,3124418,248888,2182490,1041472.67,0,,
directory_depth_3,rigidmodels\buildings\vmp_wall_candles01,2,2,100.00,0,0.00,0,0.00,0,0.00,0,0.00,85028,2,85028,16088,68940,42514.00,0,,
directory_depth_3,rigidmodels\buildings\vmp_wall_candles02,1,1,100.00,0,0.00,0,0.00,0,0.00,0,0.00,9076,1,9076,9076,9076,9076.00,0,,
directory_depth_3,rigidmodels\buildings\vmp_wall_corner_90_exter,1,1,100.00,0,0.00,0,0.00,0,0.00,0,0.00,513870,1,513870,513870,513870,513870.00,0,,
directory_depth_3,rigidmodels\buildings\vmp_wall_corner_90_inter,1,1,100.00,0,0.00,0,0.00,0,0.00,0,0.00,588308,1,588308,588308,588308,588308.00,0,,
directory_depth_3,rigidmodels\buildings\vmp_wall_dead_ivy01,1,1,100.00,0,0.00,0,0.00,0,0.00,0,0.00,2696,1,2696,2696,2696,2696.00,0,,
directory_depth_3,rigidmodels\buildings\vmp_wall_emitter01,1,1,100.00,0,0.00,0,0.00,0,0.00,0,0.00,4736,1,4736,4736,4736,4736.00,0,,
directory_depth_3,rigidmodels\buildings\vmp_wall_emitter02,1,1,100.00,0,0.00,0,0.00,0,0.00,0,0.00,4736,1,4736,4736,4736,4736.00,0,,
directory_depth_3,rigidmodels\buildings\vmp_wall_emitter03,1,1,100.00,0,0.00,0,0.00,0,0.00,0,0.00,4736,1,4736,4736,4736,4736.00,0,,
directory_depth_3,rigidmodels\buildings\vmp_wall_flag01,1,1,100.00,0,0.00,0,0.00,0,0.00,0,0.00,3916,1,3916,3916,3916,3916.00,0,,
directory_depth_3,rigidmodels\buildings\vmp_wall_gatehouse_60,10,10,100.00,0,0.00,0,0.00,0,0.00,0,0.00,8116930,10,8116930,255552,2579818,811693.00,0,,
directory_depth_3,rigidmodels\buildings\vmp_wall_grid_to_angled_joiner,3,3,100.00,0,0.00,0,0.00,0,0.00,0,0.00,3139286,3,3139286,252956,2190618,1046428.67,0,,
directory_depth_3,rigidmodels\buildings\vmp_wall_machicolation01,1,1,100.00,0,0.00,0,0.00,0,0.00,0,0.00,112484,1,112484,112484,112484,112484.00,0,,
directory_depth_3,rigidmodels\buildings\vmp_wall_merlon01,3,3,100.00,0,0.00,0,0.00,0,0.00,0,0.00,69770,3,69770,11416,30276,23256.67,0,,
directory_depth_3,rigidmodels\buildings\vmp_wall_merlon02,2,2,100.00,0,0.00,0,0.00,0,0.00,0,0.00,28802,2,28802,9748,19054,14401.00,0,,
directory_depth_3,rigidmodels\buildings\vmp_wall_platform_corner_90_external,1,1,100.00,0,0.00,0,0.00,0,0.00,0,0.00,42168,1,42168,42168,42168,42168.00,0,,
directory_depth_3,rigidmodels\buildings\vmp_wall_platform_corner_90_internal,1,1,100.00,0,0.00,0,0.00,0,0.00,0,0.00,277808,1,277808,277808,277808,277808.00,0,,
directory_depth_3,rigidmodels\buildings\vmp_wall_platform_gatehouse_60,1,1,100.00,0,0.00,0,0.00,0,0.00,0,0.00,384872,1,384872,384872,384872,384872.00,0,,
directory_depth_3,rigidmodels\buildings\vmp_wall_platform_props_planks01,1,1,100.00,0,0.00,0,0.00,0,0.00,0,0.00,8352,1,8352,8352,8352,8352.00,0,,
directory_depth_3,rigidmodels\buildings\vmp_wall_platform_props_planks02,1,1,100.00,0,0.00,0,0.00,0,0.00,0,0.00,3536,1,3536,3536,3536,3536.00,0,,
directory_depth_3,rigidmodels\buildings\vmp_wall_platform_props_pole01,1,1,100.00,0,0.00,0,0.00,0,0.00,0,0.00,10132,1,10132,10132,10132,10132.00,0,,
directory_depth_3,rigidmodels\buildings\vmp_wall_platform_props_stairs01,1,1,100.00,0,0.00,0,0.00,0,0.00,0,0.00,15424,1,15424,15424,15424,15424.00,0,,
directory_depth_3,rigidmodels\buildings\vmp_wall_platform_straight_20,1,1,100.00,0,0.00,0,0.00,0,0.00,0,0.00,70012,1,70012,70012,70012,70012.00,0,,
directory_depth_3,rigidmodels\buildings\vmp_wall_stepdown_15m,1,1,100.00,0,0.00,0,0.00,0,0.00,0,0.00,1459002,1,1459002,1459002,1459002,1459002.00,0,,
directory_depth_3,rigidmodels\buildings\vmp_wall_stepup_15m,1,1,100.00,0,0.00,0,0.00,0,0.00,0,0.00,1459042,1,1459042,1459042,1459042,1459042.00,0,,
directory_depth_3,rigidmodels\buildings\vmp_wall_straight_20,3,3,100.00,0,0.00,0,0.00,0,0.00,0,0.00,2200272,3,2200272,374228,1405718,733424.00,0,,
directory_depth_3,rigidmodels\buildings\vmp_wall_straight_20_emplacment,1,1,100.00,0,0.00,0,0.00,0,0.00,0,0.00,707572,1,707572,707572,707572,707572.00,0,,
directory_depth_3,rigidmodels\buildings\vmp_wall_support01,1,1,100.00,0,0.00,0,0.00,0,0.00,0,0.00,113042,1,113042,113042,113042,113042.00,0,,
directory_depth_3,rigidmodels\buildings\vmp_wall_support02,1,1,100.00,0,0.00,0,0.00,0,0.00,0,0.00,82490,1,82490,82490,82490,82490.00,0,,
directory_depth_3,rigidmodels\buildings\vmp_wall_tower,3,3,100.00,0,0.00,0,0.00,0,0.00,0,0.00,5278986,3,5278986,697690,2779132,1759662.00,0,,
directory_depth_3,rigidmodels\buildings\vmp_wall_tower_01,3,3,100.00,0,0.00,0,0.00,0,0.00,0,0.00,5278986,3,5278986,697690,2779132,1759662.00,0,,
directory_depth_3,rigidmodels\buildings\vmp_wall_tower_02,3,3,100.00,0,0.00,0,0.00,0,0.00,0,0.00,5278986,3,5278986,697690,2779132,1759662.00,0,,
directory_depth_3,rigidmodels\buildings\vmp_wall_tower_03,3,3,100.00,0,0.00,0,0.00,0,0.00,0,0.00,5278986,3,5278986,697690,2779132,1759662.00,0,,
directory_depth_3,rigidmodels\buildings\vmp_wall_web02,1,1,100.00,0,0.00,0,0.00,0,0.00,0,0.00,3348,1,3348,3348,3348,3348.00,0,,
directory_depth_3,rigidmodels\buildings\vmp_walldeco_01,1,1,100.00,0,0.00,0,0.00,0,0.00,0,0.00,415414,1,415414,415414,415414,415414.00,0,,
directory_depth_3,rigidmodels\buildings\vmp_walldeco_02,1,1,100.00,0,0.00,0,0.00,0,0.00,0,0.00,233768,1,233768,233768,233768,233768.00,0,,
directory_depth_3,rigidmodels\buildings\vmp_walldecolevel_01,1,1,100.00,0,0.00,0,0.00,0,0.00,0,0.00,3560,1,3560,3560,3560,3560.00,0,,
directory_depth_3,rigidmodels\buildings\vmp_walldecolevel_02,1,1,100.00,0,0.00,0,0.00,0,0.00,0,0.00,5336,1,5336,5336,5336,5336.00,0,,
directory_depth_3,rigidmodels\buildings\vmp_water_01,1,1,100.00,0,0.00,0,0.00,0,0.00,0,0.00,1688,1,1688,1688,1688,1688.00,0,,
directory_depth_3,rigidmodels\buildings\vmp_windowlarge_01,1,1,100.00,0,0.00,0,0.00,0,0.00,0,0.00,327352,1,327352,327352,327352,327352.00,0,,
directory_depth_3,rigidmodels\buildings\vmp_windowsmall_01,1,1,100.00,0,0.00,0,0.00,0,0.00,0,0.00,8076,1,8076,8076,8076,8076.00,0,,
directory_depth_3,rigidmodels\buildings\vmp_wooden_fence_01,3,3,100.00,0,0.00,0,0.00,0,0.00,0,0.00,28220,3,28220,8768,10168,9406.67,0,,
directory_depth_3,rigidmodels\buildings\waxcap_mushrooms_a,1,1,100.00,0,0.00,0,0.00,0,0.00,0,0.00,16816,1,16816,16816,16816,16816.00,0,,
directory_depth_3,rigidmodels\buildings\waxcap_mushrooms_b,1,1,100.00,0,0.00,0,0.00,0,0.00,0,0.00,21068,1,21068,21068,21068,21068.00,0,,
directory_depth_3,rigidmodels\buildings\waxcap_mushrooms_c,1,1,100.00,0,0.00,0,0.00,0,0.00,0,0.00,18416,1,18416,18416,18416,18416.00,0,,
directory_depth_3,rigidmodels\buildings\wef_arch_01,1,1,100.00,0,0.00,0,0.00,0,0.00,0,0.00,104046,1,104046,104046,104046,104046.00,0,,
directory_depth_3,rigidmodels\buildings\wef_arch_02,1,1,100.00,0,0.00,0,0.00,0,0.00,0,0.00,188538,1,188538,188538,188538,188538.00,0,,
directory_depth_3,rigidmodels\buildings\wef_arch_03,1,1,100.00,0,0.00,0,0.00,0,0.00,0,0.00,346714,1,346714,346714,346714,346714.00,0,,
directory_depth_3,rigidmodels\buildings\wef_arch_04,1,1,100.00,0,0.00,0,0.00,0,0.00,0,0.00,447610,1,447610,447610,447610,447610.00,0,,
directory_depth_3,rigidmodels\buildings\wef_arch_05,1,1,100.00,0,0.00,0,0.00,0,0.00,0,0.00,460064,1,460064,460064,460064,460064.00,0,,
directory_depth_3,rigidmodels\buildings\wef_barricade_blocker_01,2,2,100.00,0,0.00,0,0.00,0,0.00,0,0.00,188730,2,188730,91654,97076,94365.00,0,,
directory_depth_3,rigidmodels\buildings\wef_barricade_monument_01,2,2,100.00,0,0.00,0,0.00,0,0.00,0,0.00,25520,2,25520,12716,12804,12760.00,0,,
directory_depth_3,rigidmodels\buildings\wef_barricade_platform_01,3,3,100.00,0,0.00,0,0.00,0,0.00,0,0.00,1117144,3,1117144,318532,441652,372381.33,0,,
directory_depth_3,rigidmodels\buildings\wef_barricade_trap_01,2,2,100.00,0,0.00,0,0.00,0,0.00,0,0.00,530814,2,530814,247504,283310,265407.00,0,,
directory_depth_3,rigidmodels\buildings\wef_batteringram,11,11,100.00,0,0.00,0,0.00,0,0.00,0,0.00,1701554,11,1701554,13600,925502,154686.73,0,,
directory_depth_3,rigidmodels\buildings\wef_boulder_01,1,1,100.00,0,0.00,0,0.00,0,0.00,0,0.00,46036,1,46036,46036,46036,46036.00,0,,
directory_depth_3,rigidmodels\buildings\wef_boulder_02,1,1,100.00,0,0.00,0,0.00,0,0.00,0,0.00,40648,1,40648,40648,40648,40648.00,0,,
directory_depth_3,rigidmodels\buildings\wef_boulder_03,1,1,100.00,0,0.00,0,0.00,0,0.00,0,0.00,27728,1,27728,27728,27728,27728.00,0,,
directory_depth_3,rigidmodels\buildings\wef_boulder_04,1,1,100.00,0,0.00,0,0.00,0,0.00,0,0.00,215748,1,215748,215748,215748,215748.00,0,,
directory_depth_3,rigidmodels\buildings\wef_boulder_05,1,1,100.00,0,0.00,0,0.00,0,0.00,0,0.00,49824,1,49824,49824,49824,49824.00,0,,
directory_depth_3,rigidmodels\buildings\wef_boulder_06,1,1,100.00,0,0.00,0,0.00,0,0.00,0,0.00,632760,1,632760,632760,632760,632760.00,0,,
directory_depth_3,rigidmodels\buildings\wef_boulder_group_01,1,1,100.00,0,0.00,0,0.00,0,0.00,0,0.00,725088,1,725088,725088,725088,725088.00,0,,
directory_depth_3,rigidmodels\buildings\wef_cliffs_01,1,1,100.00,0,0.00,0,0.00,0,0.00,0,0.00,943544,1,943544,943544,943544,943544.00,0,,
directory_depth_3,rigidmodels\buildings\wef_door_01,1,1,100.00,0,0.00,0,0.00,0,0.00,0,0.00,3192,1,3192,3192,3192,3192.00,0,,
directory_depth_3,rigidmodels\buildings\wef_forestvine_01,1,1,100.00,0,0.00,0,0.00,0,0.00,0,0.00,36244,1,36244,36244,36244,36244.00,0,,
directory_depth_3,rigidmodels\buildings\wef_forestvine_02,1,1,100.00,0,0.00,0,0.00,0,0.00,0,0.00,35908,1,35908,35908,35908,35908.00,0,,
directory_depth_3,rigidmodels\buildings\wef_forestvine_03,1,1,100.00,0,0.00,0,0.00,0,0.00,0,0.00,34560,1,34560,34560,34560,34560.00,0,,
directory_depth_3,rigidmodels\buildings\wef_forestvine_04,1,1,100.00,0,0.00,0,0.00,0,0.00,0,0.00,35070,1,35070,35070,35070,35070.00,0,,
directory_depth_3,rigidmodels\buildings\wef_hi_arch_03,1,1,100.00,0,0.00,0,0.00,0,0.00,0,0.00,92854,1,92854,92854,92854,92854.00,0,,
directory_depth_3,rigidmodels\buildings\wef_hi_arch_04,1,1,100.00,0,0.00,0,0.00,0,0.00,0,0.00,154170,1,154170,154170,154170,154170.00,0,,
directory_depth_3,rigidmodels\buildings\wef_hi_arch_steps_01,1,1,100.00,0,0.00,0,0.00,0,0.00,0,0.00,206116,1,206116,206116,206116,206116.00,0,,
directory_depth_3,rigidmodels\buildings\wef_landscape_01,1,1,100.00,0,0.00,0,0.00,0,0.00,0,0.00,31824,1,31824,31824,31824,31824.00,0,,
directory_depth_3,rigidmodels\buildings\wef_large_waystone_01,1,1,100.00,0,0.00,0,0.00,0,0.00,0,0.00,36004,1,36004,36004,36004,36004.00,0,,
directory_depth_3,rigidmodels\buildings\wef_large_waystone_02,3,3,100.00,0,0.00,0,0.00,0,0.00,0,0.00,719118,3,719118,142188,327900,239706.00,0,,
directory_depth_3,rigidmodels\buildings\wef_large_waystone_broken_01,1,1,100.00,0,0.00,0,0.00,0,0.00,0,0.00,52648,1,52648,52648,52648,52648.00,0,,
directory_depth_3,rigidmodels\buildings\wef_large_waystone_broken_02,1,1,100.00,0,0.00,0,0.00,0,0.00,0,0.00,67672,1,67672,67672,67672,67672.00,0,,
directory_depth_3,rigidmodels\buildings\wef_large_waystone_parts_01,1,1,100.00,0,0.00,0,0.00,0,0.00,0,0.00,49124,1,49124,49124,49124,49124.00,0,,
directory_depth_3,rigidmodels\buildings\wef_mudbank_01,1,1,100.00,0,0.00,0,0.00,0,0.00,0,0.00,121318,1,121318,121318,121318,121318.00,0,,
directory_depth_3,rigidmodels\buildings\wef_mudbank_02,1,1,100.00,0,0.00,0,0.00,0,0.00,0,0.00,168858,1,168858,168858,168858,168858.00,0,,
directory_depth_3,rigidmodels\buildings\wef_mudbank_03,1,1,100.00,0,0.00,0,0.00,0,0.00,0,0.00,143824,1,143824,143824,143824,143824.00,0,,
directory_depth_3,rigidmodels\buildings\wef_mudbank_04,1,1,100.00,0,0.00,0,0.00,0,0.00,0,0.00,116884,1,116884,116884,116884,116884.00,0,,
directory_depth_3,rigidmodels\buildings\wef_mudbank_05,1,1,100.00,0,0.00,0,0.00,0,0.00,0,0.00,123676,1,123676,123676,123676,123676.00,0,,
directory_depth_3,rigidmodels\buildings\wef_mudbank_06,1,1,100.00,0,0.00,0,0.00,0,0.00,0,0.00,138460,1,138460,138460,138460,138460.00,0,,
directory_depth_3,rigidmodels\buildings\wef_mudbank_07,1,1,100.00,0,0.00,0,0.00,0,0.00,0,0.00,245070,1,245070,245070,245070,245070.00,0,,
directory_depth_3,rigidmodels\buildings\wef_oak_bespoke_01,1,1,100.00,0,0.00,0,0.00,0,0.00,0,0.00,415888,1,415888,415888,415888,415888.00,0,,
directory_depth_3,rigidmodels\buildings\wef_oak_bespoke_02,1,1,100.00,0,0.00,0,0.00,0,0.00,0,0.00,480494,1,480494,480494,480494,480494.00,0,,
directory_depth_3,rigidmodels\buildings\wef_oak_bespoke_03,1,1,100.00,0,0.00,0,0.00,0,0.00,0,0.00,626080,1,626080,626080,626080,626080.00,0,,
directory_depth_3,rigidmodels\buildings\wef_oak_bespoke_04,1,1,100.00,0,0.00,0,0.00,0,0.00,0,0.00,804430,1,804430,804430,804430,804430.00,0,,
directory_depth_3,rigidmodels\buildings\wef_oak_bespoke_05,1,1,100.00,0,0.00,0,0.00,0,0.00,0,0.00,438712,1,438712,438712,438712,438712.00,0,,
directory_depth_3,rigidmodels\buildings\wef_oak_bespoke_06,1,1,100.00,0,0.00,0,0.00,0,0.00,0,0.00,480494,1,480494,480494,480494,480494.00,0,,
directory_depth_3,rigidmodels\buildings\wef_oak_bespoke_07,1,1,100.00,0,0.00,0,0.00,0,0.00,0,0.00,661726,1,661726,661726,661726,661726.00,0,,
directory_depth_3,rigidmodels\buildings\wef_oak_of_ages,1,1,100.00,0,0.00,0,0.00,0,0.00,0,0.00,1211018,1,1211018,1211018,1211018,1211018.00,0,,
directory_depth_3,rigidmodels\buildings\wef_oak_of_ages_part_b,1,1,100.00,0,0.00,0,0.00,0,0.00,0,0.00,244956,1,244956,244956,244956,244956.00,0,,
directory_depth_3,rigidmodels\buildings\wef_oak_of_ages_root_a,1,1,100.00,0,0.00,0,0.00,0,0.00,0,0.00,20884,1,20884,20884,20884,20884.00,0,,
directory_depth_3,rigidmodels\buildings\wef_oak_of_ages_root_b,1,1,100.00,0,0.00,0,0.00,0,0.00,0,0.00,21496,1,21496,21496,21496,21496.00,0,,
directory_depth_3,rigidmodels\buildings\wef_path_01,1,1,100.00,0,0.00,0,0.00,0,0.00,0,0.00,56122,1,56122,56122,56122,56122.00,0,,
directory_depth_3,rigidmodels\buildings\wef_path_02,1,1,100.00,0,0.00,0,0.00,0,0.00,0,0.00,44040,1,44040,44040,44040,44040.00,0,,
directory_depth_3,rigidmodels\buildings\wef_path_extended_01,1,1,100.00,0,0.00,0,0.00,0,0.00,0,0.00,66884,1,66884,66884,66884,66884.00,0,,
directory_depth_3,rigidmodels\buildings\wef_path_stairs_01,1,1,100.00,0,0.00,0,0.00,0,0.00,0,0.00,67654,1,67654,67654,67654,67654.00,0,,
directory_depth_3,rigidmodels\buildings\wef_rockpillar_01,1,1,100.00,0,0.00,0,0.00,0,0.00,0,0.00,276212,1,276212,276212,276212,276212.00,0,,
directory_depth_3,rigidmodels\buildings\wef_rockpillar_02,1,1,100.00,0,0.00,0,0.00,0,0.00,0,0.00,272568,1,272568,272568,272568,272568.00,0,,
directory_depth_3,rigidmodels\buildings\wef_rockpillar_chunk_01,1,1,100.00,0,0.00,0,0.00,0,0.00,0,0.00,192448,1,192448,192448,192448,192448.00,0,,
directory_depth_3,rigidmodels\buildings\wef_rockpillar_chunk_02,1,1,100.00,0,0.00,0,0.00,0,0.00,0,0.00,211972,1,211972,211972,211972,211972.00,0,,
directory_depth_3,rigidmodels\buildings\wef_siege_tower_15m,9,9,100.00,0,0.00,0,0.00,0,0.00,0,0.00,2934030,9,2934030,40156,1008104,326003.33,0,,
directory_depth_3,rigidmodels\buildings\wef_statue_he_01,3,3,100.00,0,0.00,0,0.00,0,0.00,0,0.00,846010,3,846010,261052,293506,282003.33,0,,
directory_depth_3,rigidmodels\buildings\wef_statue_he_02,1,1,100.00,0,0.00,0,0.00,0,0.00,0,0.00,31524,1,31524,31524,31524,31524.00,0,,
directory_depth_3,rigidmodels\buildings\wef_statue_he_03,1,1,100.00,0,0.00,0,0.00,0,0.00,0,0.00,76558,1,76558,76558,76558,76558.00,0,,
directory_depth_3,rigidmodels\buildings\wef_statue_he_03_ice,1,1,100.00,0,0.00,0,0.00,0,0.00,0,0.00,76558,1,76558,76558,76558,76558.00,0,,
directory_depth_3,rigidmodels\buildings\wef_statue_he_04,1,1,100.00,0,0.00,0,0.00,0,0.00,0,0.00,129372,1,129372,129372,129372,129372.00,0,,
directory_depth_3,rigidmodels\buildings\wef_statue_he_05,1,1,100.00,0,0.00,0,0.00,0,0.00,0,0.00,116952,1,116952,116952,116952,116952.00,0,,
directory_depth_3,rigidmodels\buildings\wef_statue_he_06,1,1,100.00,0,0.00,0,0.00,0,0.00,0,0.00,69572,1,69572,69572,69572,69572.00,0,,
directory_depth_3,rigidmodels\buildings\wef_tower_placement_01,3,3,100.00,0,0.00,0,0.00,0,0.00,0,0.00,3242734,3,3242734,595052,1862792,1080911.33,0,,
directory_depth_3,rigidmodels\buildings\wef_tower_placement_02,3,3,100.00,0,0.00,0,0.00,0,0.00,0,0.00,3242734,3,3242734,595052,1862792,1080911.33,0,,
directory_depth_3,rigidmodels\buildings\wef_tower_placement_03,3,3,100.00,0,0.00,0,0.00,0,0.00,0,0.00,3242734,3,3242734,595052,1862792,1080911.33,0,,
directory_depth_3,rigidmodels\buildings\wef_tower_placement_04,3,3,100.00,0,0.00,0,0.00,0,0.00,0,0.00,3242734,3,3242734,595052,1862792,1080911.33,0,,
directory_depth_3,rigidmodels\buildings\wef_tree_giant_01,1,1,100.00,0,0.00,0,0.00,0,0.00,0,0.00,1628464,1,1628464,1628464,1628464,1628464.00,0,,
directory_depth_3,rigidmodels\buildings\wef_tree_giant_branch_01,1,1,100.00,0,0.00,0,0.00,0,0.00,0,0.00,117958,1,117958,117958,117958,117958.00,0,,
directory_depth_3,rigidmodels\buildings\wef_tree_giant_branch_02,1,1,100.00,0,0.00,0,0.00,0,0.00,0,0.00,95908,1,95908,95908,95908,95908.00,0,,
directory_depth_3,rigidmodels\buildings\wef_tree_giant_leaves_01,1,1,100.00,0,0.00,0,0.00,0,0.00,0,0.00,888640,1,888640,888640,888640,888640.00,0,,
directory_depth_3,rigidmodels\buildings\wef_tree_giant_root_01,1,1,100.00,0,0.00,0,0.00,0,0.00,0,0.00,93574,1,93574,93574,93574,93574.00,0,,
directory_depth_3,rigidmodels\buildings\wef_treehouse_01,1,1,100.00,0,0.00,0,0.00,0,0.00,0,0.00,121958,1,121958,121958,121958,121958.00,0,,
directory_depth_3,rigidmodels\buildings\wef_treehouse_02,1,1,100.00,0,0.00,0,0.00,0,0.00,0,0.00,167704,1,167704,167704,167704,167704.00,0,,
directory_depth_3,rigidmodels\buildings\wef_treehouse_03,1,1,100.00,0,0.00,0,0.00,0,0.00,0,0.00,167342,1,167342,167342,167342,167342.00,0,,
directory_depth_3,rigidmodels\buildings\wef_treehouse_04,1,1,100.00,0,0.00,0,0.00,0,0.00,0,0.00,220506,1,220506,220506,220506,220506.00,0,,
directory_depth_3,rigidmodels\buildings\wef_treehouse_05,1,1,100.00,0,0.00,0,0.00,0,0.00,0,0.00,177072,1,177072,177072,177072,177072.00,0,,
directory_depth_3,rigidmodels\buildings\wef_treehouse_window_01,1,1,100.00,0,0.00,0,0.00,0,0.00,0,0.00,25936,1,25936,25936,25936,25936.00,0,,
directory_depth_3,rigidmodels\buildings\wef_treehouse_window_02,1,1,100.00,0,0.00,0,0.00,0,0.00,0,0.00,31408,1,31408,31408,31408,31408.00,0,,
directory_depth_3,rigidmodels\buildings\wef_treehouse_window_03,1,1,100.00,0,0.00,0,0.00,0,0.00,0,0.00,37232,1,37232,37232,37232,37232.00,0,,
directory_depth_3,rigidmodels\buildings\wef_waystone_01,1,1,100.00,0,0.00,0,0.00,0,0.00,0,0.00,135552,1,135552,135552,135552,135552.00,0,,
directory_depth_3,rigidmodels\buildings\wef_waystone_02,1,1,100.00,0,0.00,0,0.00,0,0.00,0,0.00,139788,1,139788,139788,139788,139788.00,0,,
directory_depth_3,rigidmodels\buildings\wef_waystone_03,1,1,100.00,0,0.00,0,0.00,0,0.00,0,0.00,146980,1,146980,146980,146980,146980.00,0,,
directory_depth_3,rigidmodels\buildings\wef_waystone_04,1,1,100.00,0,0.00,0,0.00,0,0.00,0,0.00,147388,1,147388,147388,147388,147388.00,0,,
directory_depth_3,rigidmodels\buildings\wh_causeway_cliffs_01,1,1,100.00,0,0.00,0,0.00,0,0.00,0,0.00,92732,1,92732,92732,92732,92732.00,0,,
directory_depth_3,rigidmodels\buildings\wh_causeway_cliffs_02,1,1,100.00,0,0.00,0,0.00,0,0.00,0,0.00,73080,1,73080,73080,73080,73080.00,0,,
directory_depth_3,rigidmodels\buildings\wh_causeway_patform_03,1,1,100.00,0,0.00,0,0.00,0,0.00,0,0.00,183344,1,183344,183344,183344,183344.00,0,,
directory_depth_3,rigidmodels\buildings\wh_causeway_platform_01,1,1,100.00,0,0.00,0,0.00,0,0.00,0,0.00,364952,1,364952,364952,364952,364952.00,0,,
directory_depth_3,rigidmodels\buildings\wh_causeway_platform_02,1,1,100.00,0,0.00,0,0.00,0,0.00,0,0.00,142568,1,142568,142568,142568,142568.00,0,,
directory_depth_3,rigidmodels\buildings\wh_causeway_platform_04,1,1,100.00,0,0.00,0,0.00,0,0.00,0,0.00,252488,1,252488,252488,252488,252488.00,0,,
directory_depth_3,rigidmodels\buildings\wh_causeway_proc_01,1,1,100.00,0,0.00,0,0.00,0,0.00,0,0.00,3688,1,3688,3688,3688,3688.00,0,,
directory_depth_3,rigidmodels\buildings\wh_causeway_proc_02,1,1,100.00,0,0.00,0,0.00,0,0.00,0,0.00,3688,1,3688,3688,3688,3688.00,0,,
directory_depth_3,rigidmodels\buildings\wh_causeway_proc_03,1,1,100.00,0,0.00,0,0.00,0,0.00,0,0.00,4096,1,4096,4096,4096,4096.00,0,,
directory_depth_3,rigidmodels\buildings\wh_causeway_proc_04,1,1,100.00,0,0.00,0,0.00,0,0.00,0,0.00,3876,1,3876,3876,3876,3876.00,0,,
directory_depth_3,rigidmodels\buildings\wh_causeway_proc_05,1,1,100.00,0,0.00,0,0.00,0,0.00,0,0.00,3880,1,3880,3880,3880,3880.00,0,,
directory_depth_3,rigidmodels\buildings\wh_causeway_proc_06,1,1,100.00,0,0.00,0,0.00,0,0.00,0,0.00,4072,1,4072,4072,4072,4072.00,0,,
directory_depth_3,rigidmodels\buildings\wh_causeway_proc_07,1,1,100.00,0,0.00,0,0.00,0,0.00,0,0.00,4432,1,4432,4432,4432,4432.00,0,,
directory_depth_3,rigidmodels\buildings\wh_causeway_proc_08,1,1,100.00,0,0.00,0,0.00,0,0.00,0,0.00,3688,1,3688,3688,3688,3688.00,0,,
directory_depth_3,rigidmodels\buildings\wh_causeway_stacks_01,1,1,100.00,0,0.00,0,0.00,0,0.00,0,0.00,94448,1,94448,94448,94448,94448.00,0,,
directory_depth_3,rigidmodels\buildings\wh_causeway_stacks_02,1,1,100.00,0,0.00,0,0.00,0,0.00,0,0.00,101704,1,101704,101704,101704,101704.00,0,,
directory_depth_3,rigidmodels\buildings\wh_causeway_stacks_03,1,1,100.00,0,0.00,0,0.00,0,0.00,0,0.00,70024,1,70024,70024,70024,70024.00,0,,
directory_depth_3,rigidmodels\buildings\wh_causeway_stacks_04,1,1,100.00,0,0.00,0,0.00,0,0.00,0,0.00,50568,1,50568,50568,50568,50568.00,0,,
directory_depth_3,rigidmodels\buildings\wh_causeway_stacks_05,1,1,100.00,0,0.00,0,0.00,0,0.00,0,0.00,122372,1,122372,122372,122372,122372.00,0,,
directory_depth_3,rigidmodels\buildings\wh_cave_of_foliage_01,1,1,100.00,0,0.00,0,0.00,0,0.00,0,0.00,5216,1,5216,5216,5216,5216.00,0,,
directory_depth_3,rigidmodels\buildings\wh_cave_of_foliage_02,1,1,100.00,0,0.00,0,0.00,0,0.00,0,0.00,6616,1,6616,6616,6616,6616.00,0,,
directory_depth_3,rigidmodels\buildings\wh_cave_of_foliage_03,1,1,100.00,0,0.00,0,0.00,0,0.00,0,0.00,4656,1,4656,4656,4656,4656.00,0,,
directory_depth_3,rigidmodels\buildings\wh_cave_of_foliage_04,1,1,100.00,0,0.00,0,0.00,0,0.00,0,0.00,4376,1,4376,4376,4376,4376.00,0,,
directory_depth_3,rigidmodels\buildings\wh_cave_of_foliage_05,1,1,100.00,0,0.00,0,0.00,0,0.00,0,0.00,6896,1,6896,6896,6896,6896.00,0,,
directory_depth_3,rigidmodels\buildings\wh_cave_of_foliage_06,1,1,100.00,0,0.00,0,0.00,0,0.00,0,0.00,4832,1,4832,4832,4832,4832.00,0,,
directory_depth_3,rigidmodels\buildings\wh_cave_of_foliage_07,1,1,100.00,0,0.00,0,0.00,0,0.00,0,0.00,3408,1,3408,3408,3408,3408.00,0,,
directory_depth_3,rigidmodels\buildings\wh_cave_of_foliage_08,1,1,100.00,0,0.00,0,0.00,0,0.00,0,0.00,7696,1,7696,7696,7696,7696.00,0,,
directory_depth_3,rigidmodels\buildings\wh_cave_of_foliage_09,1,1,100.00,0,0.00,0,0.00,0,0.00,0,0.00,5032,1,5032,5032,5032,5032.00,0,,
directory_depth_3,rigidmodels\buildings\wh_cave_of_foliage_10,1,1,100.00,0,0.00,0,0.00,0,0.00,0,0.00,3748,1,3748,3748,3748,3748.00,0,,
directory_depth_3,rigidmodels\buildings\wh_coral_01,1,1,100.00,0,0.00,0,0.00,0,0.00,0,0.00,42608,1,42608,42608,42608,42608.00,0,,
directory_depth_3,rigidmodels\buildings\wh_coral_02,1,1,100.00,0,0.00,0,0.00,0,0.00,0,0.00,65216,1,65216,65216,65216,65216.00,0,,
directory_depth_3,rigidmodels\buildings\wh_coral_03,1,1,100.00,0,0.00,0,0.00,0,0.00,0,0.00,161360,1,161360,161360,161360,161360.00,0,,
directory_depth_3,rigidmodels\buildings\wh_coral_04,1,1,100.00,0,0.00,0,0.00,0,0.00,0,0.00,59326,1,59326,59326,59326,59326.00,0,,
directory_depth_3,rigidmodels\buildings\wh_coral_05,1,1,100.00,0,0.00,0,0.00,0,0.00,0,0.00,41256,1,41256,41256,41256,41256.00,0,,
directory_depth_3,rigidmodels\buildings\wh_coral_06,1,1,100.00,0,0.00,0,0.00,0,0.00,0,0.00,82460,1,82460,82460,82460,82460.00,0,,
directory_depth_3,rigidmodels\buildings\wh_coral_07,1,1,100.00,0,0.00,0,0.00,0,0.00,0,0.00,27536,1,27536,27536,27536,27536.00,0,,
directory_depth_3,rigidmodels\buildings\wh_coral_08,1,1,100.00,0,0.00,0,0.00,0,0.00,0,0.00,20000,1,20000,20000,20000,20000.00,0,,
directory_depth_3,rigidmodels\buildings\wh_coral_09,1,1,100.00,0,0.00,0,0.00,0,0.00,0,0.00,47632,1,47632,47632,47632,47632.00,0,,
directory_depth_3,rigidmodels\buildings\wh_coral_10,1,1,100.00,0,0.00,0,0.00,0,0.00,0,0.00,27536,1,27536,27536,27536,27536.00,0,,
directory_depth_3,rigidmodels\buildings\wh_coral_11,1,1,100.00,0,0.00,0,0.00,0,0.00,0,0.00,30048,1,30048,30048,30048,30048.00,0,,
directory_depth_3,rigidmodels\buildings\wh_coral_12,1,1,100.00,0,0.00,0,0.00,0,0.00,0,0.00,27536,1,27536,27536,27536,27536.00,0,,
directory_depth_3,rigidmodels\buildings\wh_crater_a,1,1,100.00,0,0.00,0,0.00,0,0.00,0,0.00,45764,1,45764,45764,45764,45764.00,0,,
directory_depth_3,rigidmodels\buildings\wh_crater_b,1,1,100.00,0,0.00,0,0.00,0,0.00,0,0.00,48190,1,48190,48190,48190,48190.00,0,,
directory_depth_3,rigidmodels\buildings\wh_giant_mushroom_01,1,1,100.00,0,0.00,0,0.00,0,0.00,0,0.00,233066,1,233066,233066,233066,233066.00,0,,
directory_depth_3,rigidmodels\buildings\wh_giant_mushroom_02,1,1,100.00,0,0.00,0,0.00,0,0.00,0,0.00,233316,1,233316,233316,233316,233316.00,0,,
directory_depth_3,rigidmodels\buildings\wh_giant_mushroom_04,1,1,100.00,0,0.00,0,0.00,0,0.00,0,0.00,233668,1,233668,233668,233668,233668.00,0,,
directory_depth_3,rigidmodels\buildings\wh_giant_mushroom_05,1,1,100.00,0,0.00,0,0.00,0,0.00,0,0.00,233892,1,233892,233892,233892,233892.00,0,,
directory_depth_3,rigidmodels\buildings\wh_giant_mushroom_06,1,1,100.00,0,0.00,0,0.00,0,0.00,0,0.00,232894,1,232894,232894,232894,232894.00,0,,
directory_depth_3,rigidmodels\buildings\wh_giant_mushroom_07,1,1,100.00,0,0.00,0,0.00,0,0.00,0,0.00,233258,1,233258,233258,233258,233258.00,0,,
directory_depth_3,rigidmodels\buildings\wh_giant_mushroom_08,1,1,100.00,0,0.00,0,0.00,0,0.00,0,0.00,232830,1,232830,232830,232830,232830.00,0,,
directory_depth_3,rigidmodels\buildings\wh_giant_mushroom_09,1,1,100.00,0,0.00,0,0.00,0,0.00,0,0.00,232574,1,232574,232574,232574,232574.00,0,,
directory_depth_3,rigidmodels\buildings\wh_giant_mushroom_10,1,1,100.00,0,0.00,0,0.00,0,0.00,0,0.00,233476,1,233476,233476,233476,233476.00,0,,
directory_depth_3,rigidmodels\buildings\wh_giant_mushroom_11,1,1,100.00,0,0.00,0,0.00,0,0.00,0,0.00,233470,1,233470,233470,233470,233470.00,0,,
directory_depth_3,rigidmodels\buildings\wh_giant_mushroom_12,1,1,100.00,0,0.00,0,0.00,0,0.00,0,0.00,236346,1,236346,236346,236346,236346.00,0,,
directory_depth_3,rigidmodels\buildings\wh_giant_mushroom_13,1,1,100.00,0,0.00,0,0.00,0,0.00,0,0.00,239896,1,239896,239896,239896,239896.00,0,,
directory_depth_3,rigidmodels\buildings\wh_giant_mushroom_14,1,1,100.00,0,0.00,0,0.00,0,0.00,0,0.00,207534,1,207534,207534,207534,207534.00,0,,
directory_depth_3,rigidmodels\buildings\wh_giant_mushroom_15,1,1,100.00,0,0.00,0,0.00,0,0.00,0,0.00,199676,1,199676,199676,199676,199676.00,0,,
directory_depth_3,rigidmodels\buildings\wh_giant_mushroom_16,1,1,100.00,0,0.00,0,0.00,0,0.00,0,0.00,196914,1,196914,196914,196914,196914.00,0,,
directory_depth_3,rigidmodels\buildings\wh_giant_vertebra_01,1,1,100.00,0,0.00,0,0.00,0,0.00,0,0.00,89908,1,89908,89908,89908,89908.00,0,,
directory_depth_3,rigidmodels\buildings\wh_glacial_lake_01,1,1,100.00,0,0.00,0,0.00,0,0.00,0,0.00,9398,1,9398,9398,9398,9398.00,0,,
directory_depth_3,rigidmodels\buildings\wh_glb_anvil_01,1,1,100.00,0,0.00,0,0.00,0,0.00,0,0.00,18870,1,18870,18870,18870,18870.00,0,,
directory_depth_3,rigidmodels\buildings\wh_glb_archtarget_01,1,1,100.00,0,0.00,0,0.00,0,0.00,0,0.00,11808,1,11808,11808,11808,11808.00,0,,
directory_depth_3,rigidmodels\buildings\wh_glb_barrel_01,2,2,100.00,0,0.00,0,0.00,0,0.00,0,0.00,20432,2,20432,7416,13016,10216.00,0,,
directory_depth_3,rigidmodels\buildings\wh_glb_barrel_02,2,2,100.00,0,0.00,0,0.00,0,0.00,0,0.00,15416,2,15416,5776,9640,7708.00,0,,
directory_depth_3,rigidmodels\buildings\wh_glb_bath_01,1,1,100.00,0,0.00,0,0.00,0,0.00,0,0.00,53368,1,53368,53368,53368,53368.00,0,,
directory_depth_3,rigidmodels\buildings\wh_glb_bucket_01,1,1,100.00,0,0.00,0,0.00,0,0.00,0,0.00,14532,1,14532,14532,14532,14532.00,0,,
directory_depth_3,rigidmodels\buildings\wh_glb_cage_01,1,1,100.00,0,0.00,0,0.00,0,0.00,0,0.00,29012,1,29012,29012,29012,29012.00,0,,
directory_depth_3,rigidmodels\buildings\wh_glb_cage_02,1,1,100.00,0,0.00,0,0.00,0,0.00,0,0.00,31186,1,31186,31186,31186,31186.00,0,,
directory_depth_3,rigidmodels\buildings\wh_glb_campfire_01,1,1,100.00,0,0.00,0,0.00,0,0.00,0,0.00,35006,1,35006,35006,35006,35006.00,0,,
directory_depth_3,rigidmodels\buildings\wh_glb_campfire_02,1,1,100.00,0,0.00,0,0.00,0,0.00,0,0.00,14742,1,14742,14742,14742,14742.00,0,,
directory_depth_3,rigidmodels\buildings\wh_glb_campfire_03,1,1,100.00,0,0.00,0,0.00,0,0.00,0,0.00,16014,1,16014,16014,16014,16014.00,0,,
directory_depth_3,rigidmodels\buildings\wh_glb_candle_01,1,1,100.00,0,0.00,0,0.00,0,0.00,0,0.00,55796,1,55796,55796,55796,55796.00,0,,
directory_depth_3,rigidmodels\buildings\wh_glb_cart_large_01,1,1,100.00,0,0.00,0,0.00,0,0.00,0,0.00,81760,1,81760,81760,81760,81760.00,0,,
directory_depth_3,rigidmodels\buildings\wh_glb_cart_small_01,1,1,100.00,0,0.00,0,0.00,0,0.00,0,0.00,43052,1,43052,43052,43052,43052.00,0,,
directory_depth_3,rigidmodels\buildings\wh_glb_cartcanopy_01,1,1,100.00,0,0.00,0,0.00,0,0.00,0,0.00,25816,1,25816,25816,25816,25816.00,0,,
directory_depth_3,rigidmodels\buildings\wh_glb_chair_01,1,1,100.00,0,0.00,0,0.00,0,0.00,0,0.00,17664,1,17664,17664,17664,17664.00,0,,
directory_depth_3,rigidmodels\buildings\wh_glb_chair_02,1,1,100.00,0,0.00,0,0.00,0,0.00,0,0.00,27168,1,27168,27168,27168,27168.00,0,,
directory_depth_3,rigidmodels\buildings\wh_glb_graves_01,1,1,100.00,0,0.00,0,0.00,0,0.00,0,0.00,66204,1,66204,66204,66204,66204.00,0,,
directory_depth_3,rigidmodels\buildings\wh_glb_grinder_01,1,1,100.00,0,0.00,0,0.00,0,0.00,0,0.00,33204,1,33204,33204,33204,33204.00,0,,
directory_depth_3,rigidmodels\buildings\wh_glb_lantern_01,1,1,100.00,0,0.00,0,0.00,0,0.00,0,0.00,13556,1,13556,13556,13556,13556.00,0,,
directory_depth_3,rigidmodels\buildings\wh_glb_outbench_01,1,1,100.00,0,0.00,0,0.00,0,0.00,0,0.00,13024,1,13024,13024,13024,13024.00,0,,
directory_depth_3,rigidmodels\buildings\wh_glb_outstool_01,2,2,100.00,0,0.00,0,0.00,0,0.00,0,0.00,18220,2,18220,7908,10312,9110.00,0,,
directory_depth_3,rigidmodels\buildings\wh_glb_outtable_01,1,1,100.00,0,0.00,0,0.00,0,0.00,0,0.00,22612,1,22612,22612,22612,22612.00,0,,
directory_depth_3,rigidmodels\buildings\wh_glb_roadblock_01,1,1,100.00,0,0.00,0,0.00,0,0.00,0,0.00,12016,1,12016,12016,12016,12016.00,0,,
directory_depth_3,rigidmodels\buildings\wh_glb_stand_01,2,2,100.00,0,0.00,0,0.00,0,0.00,0,0.00,40368,2,40368,13288,27080,20184.00,0,,
directory_depth_3,rigidmodels\buildings\wh_glb_stump_axe_01,1,1,100.00,0,0.00,0,0.00,0,0.00,0,0.00,16780,1,16780,16780,16780,16780.00,0,,
directory_depth_3,rigidmodels\buildings\wh_glb_training_01,1,1,100.00,0,0.00,0,0.00,0,0.00,0,0.00,43616,1,43616,43616,43616,43616.00,0,,
directory_depth_3,rigidmodels\buildings\wh_glb_training_02,1,1,100.00,0,0.00,0,0.00,0,0.00,0,0.00,10386,1,10386,10386,10386,10386.00,0,,
directory_depth_3,rigidmodels\buildings\wh_glb_woodpile_01,1,1,100.00,0,0.00,0,0.00,0,0.00,0,0.00,26136,1,26136,26136,26136,26136.00,0,,
directory_depth_3,rigidmodels\buildings\wh_icicle_01,1,1,100.00,0,0.00,0,0.00,0,0.00,0,0.00,14928,1,14928,14928,14928,14928.00,0,,
directory_depth_3,rigidmodels\buildings\wh_log_01,1,1,100.00,0,0.00,0,0.00,0,0.00,0,0.00,180532,1,180532,180532,180532,180532.00,0,,
directory_depth_3,rigidmodels\buildings\wh_log_02,1,1,100.00,0,0.00,0,0.00,0,0.00,0,0.00,146228,1,146228,146228,146228,146228.00,0,,
directory_depth_3,rigidmodels\buildings\wh_mushgroup_02_a,1,1,100.00,0,0.00,0,0.00,0,0.00,0,0.00,116604,1,116604,116604,116604,116604.00,0,,
directory_depth_3,rigidmodels\buildings\wh_mushgroup_02_b,1,1,100.00,0,0.00,0,0.00,0,0.00,0,0.00,94504,1,94504,94504,94504,94504.00,0,,
directory_depth_3,rigidmodels\buildings\wh_mushgroup_02_c,1,1,100.00,0,0.00,0,0.00,0,0.00,0,0.00,62924,1,62924,62924,62924,62924.00,0,,
directory_depth_3,rigidmodels\buildings\wh_pillarofbone,1,1,100.00,0,0.00,0,0.00,0,0.00,0,0.00,230582,1,230582,230582,230582,230582.00,0,,
directory_depth_3,rigidmodels\buildings\wh_pillarofbone_leg_a,1,1,100.00,0,0.00,0,0.00,0,0.00,0,0.00,64104,1,64104,64104,64104,64104.00,0,,
directory_depth_3,rigidmodels\buildings\wh_pillarofbone_leg_b,1,1,100.00,0,0.00,0,0.00,0,0.00,0,0.00,69094,1,69094,69094,69094,69094.00,0,,
directory_depth_3,rigidmodels\buildings\wh_pillarofbone_leg_c,1,1,100.00,0,0.00,0,0.00,0,0.00,0,0.00,88882,1,88882,88882,88882,88882.00,0,,
directory_depth_3,rigidmodels\buildings\wh_pillarofbone_leg_d,1,1,100.00,0,0.00,0,0.00,0,0.00,0,0.00,90546,1,90546,90546,90546,90546.00,0,,
directory_depth_3,rigidmodels\buildings\wh_river_banks_01,1,1,100.00,0,0.00,0,0.00,0,0.00,0,0.00,20230,1,20230,20230,20230,20230.00,0,,
directory_depth_3,rigidmodels\buildings\wh_river_banks_02,1,1,100.00,0,0.00,0,0.00,0,0.00,0,0.00,20262,1,20262,20262,20262,20262.00,0,,
directory_depth_3,rigidmodels\buildings\wh_river_banks_03,1,1,100.00,0,0.00,0,0.00,0,0.00,0,0.00,20822,1,20822,20822,20822,20822.00,0,,
directory_depth_3,rigidmodels\buildings\wh_river_banks_04,1,1,100.00,0,0.00,0,0.00,0,0.00,0,0.00,20822,1,20822,20822,20822,20822.00,0,,
directory_depth_3,rigidmodels\buildings\wh_river_banks_05,1,1,100.00,0,0.00,0,0.00,0,0.00,0,0.00,19908,1,19908,19908,19908,19908.00,0,,
directory_depth_3,rigidmodels\buildings\wh_river_banks_06,1,1,100.00,0,0.00,0,0.00,0,0.00,0,0.00,20218,1,20218,20218,20218,20218.00,0,,
directory_depth_3,rigidmodels\buildings\wh_river_banks_07,1,1,100.00,0,0.00,0,0.00,0,0.00,0,0.00,21018,1,21018,21018,21018,21018.00,0,,
directory_depth_3,rigidmodels\buildings\wh_river_banks_08,1,1,100.00,0,0.00,0,0.00,0,0.00,0,0.00,20204,1,20204,20204,20204,20204.00,0,,
directory_depth_3,rigidmodels\buildings\wh_river_banks_09,1,1,100.00,0,0.00,0,0.00,0,0.00,0,0.00,21018,1,21018,21018,21018,21018.00,0,,
directory_depth_3,rigidmodels\buildings\wh_river_banks_bones_01,1,1,100.00,0,0.00,0,0.00,0,0.00,0,0.00,196650,1,196650,196650,196650,196650.00,0,,
directory_depth_3,rigidmodels\buildings\wh_seaweed_01,1,1,100.00,0,0.00,0,0.00,0,0.00,0,0.00,14896,1,14896,14896,14896,14896.00,0,,
directory_depth_3,rigidmodels\buildings\wh_seaweed_02,1,1,100.00,0,0.00,0,0.00,0,0.00,0,0.00,10736,1,10736,10736,10736,10736.00,0,,
directory_depth_3,rigidmodels\buildings\wh_tomb_face,1,1,100.00,0,0.00,0,0.00,0,0.00,0,0.00,34028,1,34028,34028,34028,34028.00,0,,
directory_depth_3,rigidmodels\buildings\wh_waterfall_01,1,1,100.00,0,0.00,0,0.00,0,0.00,0,0.00,8724,1,8724,8724,8724,8724.00,0,,
directory_depth_3,rigidmodels\buildings\wh_weaponpile_c,1,1,100.00,0,0.00,0,0.00,0,0.00,0,0.00,105996,1,105996,105996,105996,105996.00,0,,
directory_depth_3,rigidmodels\buildings\wh_weaponpile_d,1,1,100.00,0,0.00,0,0.00,0,0.00,0,0.00,64872,1,64872,64872,64872,64872.00,0,,
directory_depth_3,rigidmodels\buildings\wh_weaponpile_e,1,1,100.00,0,0.00,0,0.00,0,0.00,0,0.00,78220,1,78220,78220,78220,78220.00,0,,
directory_depth_3,rigidmodels\buildings\wh_weaponpile_f,1,1,100.00,0,0.00,0,0.00,0,0.00,0,0.00,98612,1,98612,98612,98612,98612.00,0,,
directory_depth_3,rigidmodels\buildings\wh_weaponpile_skeleton_a,1,1,100.00,0,0.00,0,0.00,0,0.00,0,0.00,123166,1,123166,123166,123166,123166.00,0,,
directory_depth_3,rigidmodels\buildings\wh_weaponpile_skeleton_b,1,1,100.00,0,0.00,0,0.00,0,0.00,0,0.00,93670,1,93670,93670,93670,93670.00,0,,
directory_depth_3,rigidmodels\buildings\wh_weaponpile_skeleton_c,1,1,100.00,0,0.00,0,0.00,0,0.00,0,0.00,64686,1,64686,64686,64686,64686.00,0,,
directory_depth_3,rigidmodels\buildings\wh_weaponpile_skeleton_d,1,1,100.00,0,0.00,0,0.00,0,0.00,0,0.00,62996,1,62996,62996,62996,62996.00,0,,
directory_depth_3,rigidmodels\buildings\wh_weaponpile_skeleton_e,1,1,100.00,0,0.00,0,0.00,0,0.00,0,0.00,47484,1,47484,47484,47484,47484.00,0,,
directory_depth_3,rigidmodels\buildings\wh_weaponpile_skeleton_f,1,1,100.00,0,0.00,0,0.00,0,0.00,0,0.00,83680,1,83680,83680,83680,83680.00,0,,
directory_depth_3,rigidmodels\buildings\wh_weaponpille_a,1,1,100.00,0,0.00,0,0.00,0,0.00,0,0.00,193488,1,193488,193488,193488,193488.00,0,,
directory_depth_3,rigidmodels\buildings\wh_weaponpille_b,1,1,100.00,0,0.00,0,0.00,0,0.00,0,0.00,167996,1,167996,167996,167996,167996.00,0,,
directory_depth_3,rigidmodels\buildings\wh2_dead_body_pile_01,1,1,100.00,0,0.00,0,0.00,0,0.00,0,0.00,35350,1,35350,35350,35350,35350.00,0,,
directory_depth_3,rigidmodels\buildings\wh2_def_basalt_large_01,1,1,100.00,0,0.00,0,0.00,0,0.00,0,0.00,150072,1,150072,150072,150072,150072.00,0,,
directory_depth_3,rigidmodels\buildings\wh2_def_basalt_large_02,1,1,100.00,0,0.00,0,0.00,0,0.00,0,0.00,435032,1,435032,435032,435032,435032.00,0,,
directory_depth_3,rigidmodels\buildings\wh2_def_basalt_large_02b,1,1,100.00,0,0.00,0,0.00,0,0.00,0,0.00,237660,1,237660,237660,237660,237660.00,0,,
directory_depth_3,rigidmodels\buildings\wh2_def_basalt_large_02c,1,1,100.00,0,0.00,0,0.00,0,0.00,0,0.00,239476,1,239476,239476,239476,239476.00,0,,
directory_depth_3,rigidmodels\buildings\wh2_def_basalt_med_01,1,1,100.00,0,0.00,0,0.00,0,0.00,0,0.00,162808,1,162808,162808,162808,162808.00,0,,
directory_depth_3,rigidmodels\buildings\wh2_def_basalt_med_02,1,1,100.00,0,0.00,0,0.00,0,0.00,0,0.00,171600,1,171600,171600,171600,171600.00,0,,
directory_depth_3,rigidmodels\buildings\wh2_def_basalt_sml_01,1,1,100.00,0,0.00,0,0.00,0,0.00,0,0.00,25928,1,25928,25928,25928,25928.00,0,,
directory_depth_3,rigidmodels\buildings\wh2_def_basalt_sml_02,1,1,100.00,0,0.00,0,0.00,0,0.00,0,0.00,27192,1,27192,27192,27192,27192.00,0,,
directory_depth_3,rigidmodels\buildings\wh2_def_basalt_sml_03,1,1,100.00,0,0.00,0,0.00,0,0.00,0,0.00,27728,1,27728,27728,27728,27728.00,0,,
directory_depth_3,rigidmodels\buildings\wh2_def_bouldergroup_01,1,1,100.00,0,0.00,0,0.00,0,0.00,0,0.00,152892,1,152892,152892,152892,152892.00,0,,
directory_depth_3,rigidmodels\buildings\wh2_def_cliffs_01,1,1,100.00,0,0.00,0,0.00,0,0.00,0,0.00,265136,1,265136,265136,265136,265136.00,0,,
directory_depth_3,rigidmodels\buildings\wh2_def_cliffs_01_pillar,1,1,100.00,0,0.00,0,0.00,0,0.00,0,0.00,49412,1,49412,49412,49412,49412.00,0,,
directory_depth_3,rigidmodels\buildings\wh2_def_cliffs_01_pillar_base,1,1,100.00,0,0.00,0,0.00,0,0.00,0,0.00,275176,1,275176,275176,275176,275176.00,0,,
directory_depth_3,rigidmodels\buildings\wh2_def_cliffs_01_slab,1,1,100.00,0,0.00,0,0.00,0,0.00,0,0.00,96068,1,96068,96068,96068,96068.00,0,,
directory_depth_3,rigidmodels\buildings\wh2_def_cliffs_02,1,1,100.00,0,0.00,0,0.00,0,0.00,0,0.00,270672,1,270672,270672,270672,270672.00,0,,
directory_depth_3,rigidmodels\buildings\wh2_def_cliffs_03,1,1,100.00,0,0.00,0,0.00,0,0.00,0,0.00,605808,1,605808,605808,605808,605808.00,0,,
directory_depth_3,rigidmodels\buildings\wh2_def_rockpillar_01,1,1,100.00,0,0.00,0,0.00,0,0.00,0,0.00,472920,1,472920,472920,472920,472920.00,0,,
directory_depth_3,rigidmodels\buildings\wh2_def_rockpillar_02,1,1,100.00,0,0.00,0,0.00,0,0.00,0,0.00,366960,1,366960,366960,366960,366960.00,0,,
directory_depth_3,rigidmodels\buildings\wh2_def_rockpillar_chunk_01,1,1,100.00,0,0.00,0,0.00,0,0.00,0,0.00,184664,1,184664,184664,184664,184664.00,0,,
directory_depth_3,rigidmodels\buildings\wh2_def_rockpillar_chunk_02,1,1,100.00,0,0.00,0,0.00,0,0.00,0,0.00,202592,1,202592,202592,202592,202592.00,0,,
directory_depth_3,rigidmodels\buildings\wh2_def_rubble_02,1,1,100.00,0,0.00,0,0.00,0,0.00,0,0.00,139324,1,139324,139324,139324,139324.00,0,,
directory_depth_3,rigidmodels\buildings\wh2_desert_basalt_large_01,1,1,100.00,0,0.00,0,0.00,0,0.00,0,0.00,150072,1,150072,150072,150072,150072.00,0,,
directory_depth_3,rigidmodels\buildings\wh2_desert_basalt_large_02,1,1,100.00,0,0.00,0,0.00,0,0.00,0,0.00,435032,1,435032,435032,435032,435032.00,0,,
directory_depth_3,rigidmodels\buildings\wh2_desert_basalt_med_01,1,1,100.00,0,0.00,0,0.00,0,0.00,0,0.00,162808,1,162808,162808,162808,162808.00,0,,
directory_depth_3,rigidmodels\buildings\wh2_desert_basalt_med_02,1,1,100.00,0,0.00,0,0.00,0,0.00,0,0.00,171600,1,171600,171600,171600,171600.00,0,,
directory_depth_3,rigidmodels\buildings\wh2_desert_basalt_sml_02,1,1,100.00,0,0.00,0,0.00,0,0.00,0,0.00,27192,1,27192,27192,27192,27192.00,0,,
directory_depth_3,rigidmodels\buildings\wh2_desert_bouldergroup_01,1,1,100.00,0,0.00,0,0.00,0,0.00,0,0.00,152892,1,152892,152892,152892,152892.00,0,,
directory_depth_3,rigidmodels\buildings\wh2_desert_cliffs_01,1,1,100.00,0,0.00,0,0.00,0,0.00,0,0.00,265136,1,265136,265136,265136,265136.00,0,,
directory_depth_3,rigidmodels\buildings\wh2_desert_cliffs_01_pillar,1,1,100.00,0,0.00,0,0.00,0,0.00,0,0.00,49412,1,49412,49412,49412,49412.00,0,,
directory_depth_3,rigidmodels\buildings\wh2_desert_cliffs_01_pillar_base,1,1,100.00,0,0.00,0,0.00,0,0.00,0,0.00,275176,1,275176,275176,275176,275176.00,0,,
directory_depth_3,rigidmodels\buildings\wh2_desert_cliffs_01_slab,1,1,100.00,0,0.00,0,0.00,0,0.00,0,0.00,96068,1,96068,96068,96068,96068.00,0,,
directory_depth_3,rigidmodels\buildings\wh2_desert_cliffs_02,1,1,100.00,0,0.00,0,0.00,0,0.00,0,0.00,270672,1,270672,270672,270672,270672.00,0,,
directory_depth_3,rigidmodels\buildings\wh2_desert_rockpillar_01,1,1,100.00,0,0.00,0,0.00,0,0.00,0,0.00,472920,1,472920,472920,472920,472920.00,0,,
directory_depth_3,rigidmodels\buildings\wh2_desert_rockpillar_02,1,1,100.00,0,0.00,0,0.00,0,0.00,0,0.00,366960,1,366960,366960,366960,366960.00,0,,
directory_depth_3,rigidmodels\buildings\wh2_desert_rockpillar_chunk_01,1,1,100.00,0,0.00,0,0.00,0,0.00,0,0.00,184664,1,184664,184664,184664,184664.00,0,,
directory_depth_3,rigidmodels\buildings\wh2_desert_rockpillar_chunk_02,1,1,100.00,0,0.00,0,0.00,0,0.00,0,0.00,202592,1,202592,202592,202592,202592.00,0,,
directory_depth_3,rigidmodels\buildings\wh2_desert_rubble_02,1,1,100.00,0,0.00,0,0.00,0,0.00,0,0.00,139324,1,139324,139324,139324,139324.00,0,,
directory_depth_3,rigidmodels\buildings\wh2_dlc09_tmb_tatty_banners,2,2,100.00,0,0.00,0,0.00,0,0.00,0,0.00,87320,2,87320,41636,45684,43660.00,0,,
directory_depth_3,rigidmodels\buildings\wh2_hef_basalt_large_01,1,1,100.00,0,0.00,0,0.00,0,0.00,0,0.00,150072,1,150072,150072,150072,150072.00,0,,
directory_depth_3,rigidmodels\buildings\wh2_hef_basalt_large_02,1,1,100.00,0,0.00,0,0.00,0,0.00,0,0.00,435032,1,435032,435032,435032,435032.00,0,,
directory_depth_3,rigidmodels\buildings\wh2_hef_basalt_med_01,1,1,100.00,0,0.00,0,0.00,0,0.00,0,0.00,162808,1,162808,162808,162808,162808.00,0,,
directory_depth_3,rigidmodels\buildings\wh2_hef_basalt_med_02,1,1,100.00,0,0.00,0,0.00,0,0.00,0,0.00,171600,1,171600,171600,171600,171600.00,0,,
directory_depth_3,rigidmodels\buildings\wh2_hef_basalt_sml_01,1,1,100.00,0,0.00,0,0.00,0,0.00,0,0.00,25928,1,25928,25928,25928,25928.00,0,,
directory_depth_3,rigidmodels\buildings\wh2_hef_basalt_sml_02,1,1,100.00,0,0.00,0,0.00,0,0.00,0,0.00,27192,1,27192,27192,27192,27192.00,0,,
directory_depth_3,rigidmodels\buildings\wh2_hef_basalt_sml_03,1,1,100.00,0,0.00,0,0.00,0,0.00,0,0.00,27728,1,27728,27728,27728,27728.00,0,,
directory_depth_3,rigidmodels\buildings\wh2_hef_bouldergroup_01,1,1,100.00,0,0.00,0,0.00,0,0.00,0,0.00,152892,1,152892,152892,152892,152892.00,0,,
directory_depth_3,rigidmodels\buildings\wh2_hef_cliffs_01,1,1,100.00,0,0.00,0,0.00,0,0.00,0,0.00,265136,1,265136,265136,265136,265136.00,0,,
directory_depth_3,rigidmodels\buildings\wh2_hef_cliffs_01_pillar,1,1,100.00,0,0.00,0,0.00,0,0.00,0,0.00,49412,1,49412,49412,49412,49412.00,0,,
directory_depth_3,rigidmodels\buildings\wh2_hef_cliffs_01_pillar_base,1,1,100.00,0,0.00,0,0.00,0,0.00,0,0.00,275176,1,275176,275176,275176,275176.00,0,,
directory_depth_3,rigidmodels\buildings\wh2_hef_cliffs_01_slab,1,1,100.00,0,0.00,0,0.00,0,0.00,0,0.00,96068,1,96068,96068,96068,96068.00,0,,
directory_depth_3,rigidmodels\buildings\wh2_hef_cliffs_02,1,1,100.00,0,0.00,0,0.00,0,0.00,0,0.00,270672,1,270672,270672,270672,270672.00,0,,
directory_depth_3,rigidmodels\buildings\wh2_hef_cliffs_03,1,1,100.00,0,0.00,0,0.00,0,0.00,0,0.00,605808,1,605808,605808,605808,605808.00,0,,
directory_depth_3,rigidmodels\buildings\wh2_hef_rockpillar_01,1,1,100.00,0,0.00,0,0.00,0,0.00,0,0.00,472920,1,472920,472920,472920,472920.00,0,,
directory_depth_3,rigidmodels\buildings\wh2_hef_rockpillar_02,1,1,100.00,0,0.00,0,0.00,0,0.00,0,0.00,366960,1,366960,366960,366960,366960.00,0,,
directory_depth_3,rigidmodels\buildings\wh2_hef_rockpillar_chunk_01,1,1,100.00,0,0.00,0,0.00,0,0.00,0,0.00,184664,1,184664,184664,184664,184664.00,0,,
directory_depth_3,rigidmodels\buildings\wh2_hef_rockpillar_chunk_02,1,1,100.00,0,0.00,0,0.00,0,0.00,0,0.00,202592,1,202592,202592,202592,202592.00,0,,
directory_depth_3,rigidmodels\buildings\wh2_hef_rubble_02,1,1,100.00,0,0.00,0,0.00,0,0.00,0,0.00,139324,1,139324,139324,139324,139324.00,0,,
directory_depth_3,rigidmodels\buildings\wh2_hef_rubble_02_walkable,1,1,100.00,0,0.00,0,0.00,0,0.00,0,0.00,191464,1,191464,191464,191464,191464.00,0,,
directory_depth_3,rigidmodels\buildings\wh2_ice_basalt_large_01,1,1,100.00,0,0.00,0,0.00,0,0.00,0,0.00,150072,1,150072,150072,150072,150072.00,0,,
directory_depth_3,rigidmodels\buildings\wh2_ice_basalt_large_02,1,1,100.00,0,0.00,0,0.00,0,0.00,0,0.00,435032,1,435032,435032,435032,435032.00,0,,
directory_depth_3,rigidmodels\buildings\wh2_ice_basalt_med_01,1,1,100.00,0,0.00,0,0.00,0,0.00,0,0.00,162808,1,162808,162808,162808,162808.00,0,,
directory_depth_3,rigidmodels\buildings\wh2_ice_basalt_med_02,1,1,100.00,0,0.00,0,0.00,0,0.00,0,0.00,171600,1,171600,171600,171600,171600.00,0,,
directory_depth_3,rigidmodels\buildings\wh2_ice_basalt_sml_01,1,1,100.00,0,0.00,0,0.00,0,0.00,0,0.00,25928,1,25928,25928,25928,25928.00,0,,
directory_depth_3,rigidmodels\buildings\wh2_ice_basalt_sml_02,1,1,100.00,0,0.00,0,0.00,0,0.00,0,0.00,27192,1,27192,27192,27192,27192.00,0,,
directory_depth_3,rigidmodels\buildings\wh2_ice_basalt_sml_03,1,1,100.00,0,0.00,0,0.00,0,0.00,0,0.00,27728,1,27728,27728,27728,27728.00,0,,
directory_depth_3,rigidmodels\buildings\wh2_ice_bouldergroup_01,1,1,100.00,0,0.00,0,0.00,0,0.00,0,0.00,152892,1,152892,152892,152892,152892.00,0,,
directory_depth_3,rigidmodels\buildings\wh2_ice_cliffs_01,1,1,100.00,0,0.00,0,0.00,0,0.00,0,0.00,265136,1,265136,265136,265136,265136.00,0,,
directory_depth_3,rigidmodels\buildings\wh2_ice_cliffs_01_pillar,1,1,100.00,0,0.00,0,0.00,0,0.00,0,0.00,49412,1,49412,49412,49412,49412.00,0,,
directory_depth_3,rigidmodels\buildings\wh2_ice_cliffs_01_pillar_base,1,1,100.00,0,0.00,0,0.00,0,0.00,0,0.00,275176,1,275176,275176,275176,275176.00,0,,
directory_depth_3,rigidmodels\buildings\wh2_ice_cliffs_01_slab,1,1,100.00,0,0.00,0,0.00,0,0.00,0,0.00,96068,1,96068,96068,96068,96068.00,0,,
directory_depth_3,rigidmodels\buildings\wh2_ice_cliffs_02,1,1,100.00,0,0.00,0,0.00,0,0.00,0,0.00,270672,1,270672,270672,270672,270672.00,0,,
directory_depth_3,rigidmodels\buildings\wh2_ice_cliffs_03,1,1,100.00,0,0.00,0,0.00,0,0.00,0,0.00,605808,1,605808,605808,605808,605808.00,0,,
directory_depth_3,rigidmodels\buildings\wh2_ice_rockpillar_01,1,1,100.00,0,0.00,0,0.00,0,0.00,0,0.00,472920,1,472920,472920,472920,472920.00,0,,
directory_depth_3,rigidmodels\buildings\wh2_ice_rockpillar_02,1,1,100.00,0,0.00,0,0.00,0,0.00,0,0.00,366960,1,366960,366960,366960,366960.00,0,,
directory_depth_3,rigidmodels\buildings\wh2_ice_rockpillar_chunk_01,1,1,100.00,0,0.00,0,0.00,0,0.00,0,0.00,184664,1,184664,184664,184664,184664.00,0,,
directory_depth_3,rigidmodels\buildings\wh2_ice_rockpillar_chunk_02,1,1,100.00,0,0.00,0,0.00,0,0.00,0,0.00,202592,1,202592,202592,202592,202592.00,0,,
directory_depth_3,rigidmodels\buildings\wh2_ice_rubble_01,1,1,100.00,0,0.00,0,0.00,0,0.00,0,0.00,139324,1,139324,139324,139324,139324.00,0,,
directory_depth_3,rigidmodels\buildings\wh2_lavaflow_01,1,1,100.00,0,0.00,0,0.00,0,0.00,0,0.00,26710,1,26710,26710,26710,26710.00,0,,
directory_depth_3,rigidmodels\buildings\wh2_lavapool_01,1,1,100.00,0,0.00,0,0.00,0,0.00,0,0.00,31548,1,31548,31548,31548,31548.00,0,,
directory_depth_3,rigidmodels\buildings\wh2_seaplane_300x,1,1,100.00,0,0.00,0,0.00,0,0.00,0,0.00,101480,1,101480,101480,101480,101480.00,0,,
directory_depth_3,rigidmodels\buildings\wh2_stl_basalt_large_01,1,1,100.00,0,0.00,0,0.00,0,0.00,0,0.00,150072,1,150072,150072,150072,150072.00,0,,
directory_depth_3,rigidmodels\buildings\wh2_stl_basalt_large_02,1,1,100.00,0,0.00,0,0.00,0,0.00,0,0.00,435032,1,435032,435032,435032,435032.00,0,,
directory_depth_3,rigidmodels\buildings\wh2_stl_basalt_med_01,1,1,100.00,0,0.00,0,0.00,0,0.00,0,0.00,162808,1,162808,162808,162808,162808.00,0,,
directory_depth_3,rigidmodels\buildings\wh2_stl_basalt_med_02,1,1,100.00,0,0.00,0,0.00,0,0.00,0,0.00,171600,1,171600,171600,171600,171600.00,0,,
directory_depth_3,rigidmodels\buildings\wh2_stl_basalt_sml_01,1,1,100.00,0,0.00,0,0.00,0,0.00,0,0.00,25928,1,25928,25928,25928,25928.00,0,,
directory_depth_3,rigidmodels\buildings\wh2_stl_basalt_sml_02,1,1,100.00,0,0.00,0,0.00,0,0.00,0,0.00,27192,1,27192,27192,27192,27192.00,0,,
directory_depth_3,rigidmodels\buildings\wh2_stl_basalt_sml_03,1,1,100.00,0,0.00,0,0.00,0,0.00,0,0.00,27728,1,27728,27728,27728,27728.00,0,,
directory_depth_3,rigidmodels\buildings\wh2_stl_bouldergroup_01,1,1,100.00,0,0.00,0,0.00,0,0.00,0,0.00,152892,1,152892,152892,152892,152892.00,0,,
directory_depth_3,rigidmodels\buildings\wh2_stl_cliffs_01,1,1,100.00,0,0.00,0,0.00,0,0.00,0,0.00,265136,1,265136,265136,265136,265136.00,0,,
directory_depth_3,rigidmodels\buildings\wh2_stl_cliffs_01_pillar,1,1,100.00,0,0.00,0,0.00,0,0.00,0,0.00,49412,1,49412,49412,49412,49412.00,0,,
directory_depth_3,rigidmodels\buildings\wh2_stl_cliffs_01_pillar_base,1,1,100.00,0,0.00,0,0.00,0,0.00,0,0.00,275176,1,275176,275176,275176,275176.00,0,,
directory_depth_3,rigidmodels\buildings\wh2_stl_cliffs_01_slab,1,1,100.00,0,0.00,0,0.00,0,0.00,0,0.00,96068,1,96068,96068,96068,96068.00,0,,
directory_depth_3,rigidmodels\buildings\wh2_stl_cliffs_02,1,1,100.00,0,0.00,0,0.00,0,0.00,0,0.00,270672,1,270672,270672,270672,270672.00,0,,
directory_depth_3,rigidmodels\buildings\wh2_stl_cliffs_03,1,1,100.00,0,0.00,0,0.00,0,0.00,0,0.00,605808,1,605808,605808,605808,605808.00,0,,
directory_depth_3,rigidmodels\buildings\wh2_stl_rockpillar_01,1,1,100.00,0,0.00,0,0.00,0,0.00,0,0.00,472920,1,472920,472920,472920,472920.00,0,,
directory_depth_3,rigidmodels\buildings\wh2_stl_rockpillar_02,1,1,100.00,0,0.00,0,0.00,0,0.00,0,0.00,366960,1,366960,366960,366960,366960.00,0,,
directory_depth_3,rigidmodels\buildings\wh2_stl_rockpillar_chunk_01,1,1,100.00,0,0.00,0,0.00,0,0.00,0,0.00,184664,1,184664,184664,184664,184664.00,0,,
directory_depth_3,rigidmodels\buildings\wh2_stl_rockpillar_chunk_02,1,1,100.00,0,0.00,0,0.00,0,0.00,0,0.00,202592,1,202592,202592,202592,202592.00,0,,
directory_depth_3,rigidmodels\buildings\wh2_stl_rubble_01,1,1,100.00,0,0.00,0,0.00,0,0.00,0,0.00,139324,1,139324,139324,139324,139324.00,0,,
directory_depth_3,rigidmodels\buildings\wh2_swampplane_300x,1,1,100.00,0,0.00,0,0.00,0,0.00,0,0.00,101480,1,101480,101480,101480,101480.00,0,,
directory_depth_3,rigidmodels\buildings\wh2_waterplane_300x,1,1,100.00,0,0.00,0,0.00,0,0.00,0,0.00,2120,1,2120,2120,2120,2120.00,0,,
directory_depth_3,rigidmodels\buildings\wh2_waterplane_env_colours_300x,1,1,100.00,0,0.00,0,0.00,0,0.00,0,0.00,2120,1,2120,2120,2120,2120.00,0,,
directory_depth_3,rigidmodels\buildings\wh2_waterplane_shallow_300x,1,1,100.00,0,0.00,0,0.00,0,0.00,0,0.00,2120,1,2120,2120,2120,2120.00,0,,
directory_depth_3,rigidmodels\buildings\wh3_bloodfall_small_01,1,1,100.00,0,0.00,0,0.00,0,0.00,0,0.00,21300,1,21300,21300,21300,21300.00,0,,
directory_depth_3,rigidmodels\buildings\wh3_glb_bedrock_exposed_01,1,1,100.00,0,0.00,0,0.00,0,0.00,0,0.00,82846,1,82846,82846,82846,82846.00,0,,
directory_depth_3,rigidmodels\buildings\wh3_glb_bedrock_exposed_02,1,1,100.00,0,0.00,0,0.00,0,0.00,0,0.00,38636,1,38636,38636,38636,38636.00,0,,
directory_depth_3,rigidmodels\buildings\wh3_glb_bedrock_exposed_03,1,1,100.00,0,0.00,0,0.00,0,0.00,0,0.00,72754,1,72754,72754,72754,72754.00,0,,
directory_depth_3,rigidmodels\buildings\wh3_glb_bedrock_exposed_04,1,1,100.00,0,0.00,0,0.00,0,0.00,0,0.00,126390,1,126390,126390,126390,126390.00,0,,
directory_depth_3,rigidmodels\buildings\wh3_glb_boulder_01,1,1,100.00,0,0.00,0,0.00,0,0.00,0,0.00,41552,1,41552,41552,41552,41552.00,0,,
directory_depth_3,rigidmodels\buildings\wh3_glb_boulder_02,1,1,100.00,0,0.00,0,0.00,0,0.00,0,0.00,96556,1,96556,96556,96556,96556.00,0,,
directory_depth_3,rigidmodels\buildings\wh3_glb_boulder_03,1,1,100.00,0,0.00,0,0.00,0,0.00,0,0.00,76704,1,76704,76704,76704,76704.00,0,,
directory_depth_3,rigidmodels\buildings\wh3_glb_boulder_04,1,1,100.00,0,0.00,0,0.00,0,0.00,0,0.00,96196,1,96196,96196,96196,96196.00,0,,
directory_depth_3,rigidmodels\buildings\wh3_glb_boulder_05,1,1,100.00,0,0.00,0,0.00,0,0.00,0,0.00,29740,1,29740,29740,29740,29740.00,0,,
directory_depth_3,rigidmodels\buildings\wh3_glb_boulder_06,1,1,100.00,0,0.00,0,0.00,0,0.00,0,0.00,43736,1,43736,43736,43736,43736.00,0,,
directory_depth_3,rigidmodels\buildings\wh3_glb_boulder_07,1,1,100.00,0,0.00,0,0.00,0,0.00,0,0.00,50896,1,50896,50896,50896,50896.00,0,,
directory_depth_3,rigidmodels\buildings\wh3_glb_boulder_08,1,1,100.00,0,0.00,0,0.00,0,0.00,0,0.00,56056,1,56056,56056,56056,56056.00,0,,
directory_depth_3,rigidmodels\buildings\wh3_glb_boulder_ground_a,1,1,100.00,0,0.00,0,0.00,0,0.00,0,0.00,202626,1,202626,202626,202626,202626.00,0,,
directory_depth_3,rigidmodels\buildings\wh3_glb_boulder_ground_b,1,1,100.00,0,0.00,0,0.00,0,0.00,0,0.00,178088,1,178088,178088,178088,178088.00,0,,
directory_depth_3,rigidmodels\buildings\wh3_glb_boulder_ground_c,1,1,100.00,0,0.00,0,0.00,0,0.00,0,0.00,256510,1,256510,256510,256510,256510.00,0,,
directory_depth_3,rigidmodels\buildings\wh3_glb_boulder_ground_d,1,1,100.00,0,0.00,0,0.00,0,0.00,0,0.00,192500,1,192500,192500,192500,192500.00,0,,
directory_depth_3,rigidmodels\buildings\wh3_glb_cliff_big_a_01,1,1,100.00,0,0.00,0,0.00,0,0.00,0,0.00,1015428,1,1015428,1015428,1015428,1015428.00,0,,
directory_depth_3,rigidmodels\buildings\wh3_glb_cliff_big_a_02,1,1,100.00,0,0.00,0,0.00,0,0.00,0,0.00,419370,1,419370,419370,419370,419370.00,0,,
directory_depth_3,rigidmodels\buildings\wh3_glb_cliffblock_01,1,1,100.00,0,0.00,0,0.00,0,0.00,0,0.00,245128,1,245128,245128,245128,245128.00,0,,
directory_depth_3,rigidmodels\buildings\wh3_glb_cliffblock_01_blend,1,1,100.00,0,0.00,0,0.00,0,0.00,0,0.00,245128,1,245128,245128,245128,245128.00,0,,
directory_depth_3,rigidmodels\buildings\wh3_glb_cliffblock_02,1,1,100.00,0,0.00,0,0.00,0,0.00,0,0.00,383984,1,383984,383984,383984,383984.00,0,,
directory_depth_3,rigidmodels\buildings\wh3_glb_cliffblock_02_blend,1,1,100.00,0,0.00,0,0.00,0,0.00,0,0.00,383984,1,383984,383984,383984,383984.00,0,,
directory_depth_3,rigidmodels\buildings\wh3_glb_cliffblock_03,1,1,100.00,0,0.00,0,0.00,0,0.00,0,0.00,243172,1,243172,243172,243172,243172.00,0,,
directory_depth_3,rigidmodels\buildings\wh3_glb_cliffblock_03_blend,1,1,100.00,0,0.00,0,0.00,0,0.00,0,0.00,243172,1,243172,243172,243172,243172.00,0,,
directory_depth_3,rigidmodels\buildings\wh3_glb_cliffpiece_01,1,1,100.00,0,0.00,0,0.00,0,0.00,0,0.00,452004,1,452004,452004,452004,452004.00,0,,
directory_depth_3,rigidmodels\buildings\wh3_glb_cliffpiece_02,1,1,100.00,0,0.00,0,0.00,0,0.00,0,0.00,244486,1,244486,244486,244486,244486.00,0,,
directory_depth_3,rigidmodels\buildings\wh3_glb_cliffpiece_03,1,1,100.00,0,0.00,0,0.00,0,0.00,0,0.00,318972,1,318972,318972,318972,318972.00,0,,
directory_depth_3,rigidmodels\buildings\wh3_glb_cliffpiece_04,1,1,100.00,0,0.00,0,0.00,0,0.00,0,0.00,253350,1,253350,253350,253350,253350.00,0,,
directory_depth_3,rigidmodels\buildings\wh3_glb_cliffpillar_01,1,1,100.00,0,0.00,0,0.00,0,0.00,0,0.00,226296,1,226296,226296,226296,226296.00,0,,
directory_depth_3,rigidmodels\buildings\wh3_glb_cliffpillar_02,1,1,100.00,0,0.00,0,0.00,0,0.00,0,0.00,248316,1,248316,248316,248316,248316.00,0,,
directory_depth_3,rigidmodels\buildings\wh3_glb_cliffrock_01,1,1,100.00,0,0.00,0,0.00,0,0.00,0,0.00,39708,1,39708,39708,39708,39708.00,0,,
directory_depth_3,rigidmodels\buildings\wh3_glb_cliffrock_02,1,1,100.00,0,0.00,0,0.00,0,0.00,0,0.00,40364,1,40364,40364,40364,40364.00,0,,
directory_depth_3,rigidmodels\buildings\wh3_glb_cliffrock_03,1,1,100.00,0,0.00,0,0.00,0,0.00,0,0.00,47872,1,47872,47872,47872,47872.00,0,,
directory_depth_3,rigidmodels\buildings\wh3_glb_cliffrock_04,1,1,100.00,0,0.00,0,0.00,0,0.00,0,0.00,25502,1,25502,25502,25502,25502.00,0,,
directory_depth_3,rigidmodels\buildings\wh3_glb_cliffrock_05,1,1,100.00,0,0.00,0,0.00,0,0.00,0,0.00,39888,1,39888,39888,39888,39888.00,0,,
directory_depth_3,rigidmodels\buildings\wh3_glb_cliffrock_06,1,1,100.00,0,0.00,0,0.00,0,0.00,0,0.00,25722,1,25722,25722,25722,25722.00,0,,
directory_depth_3,rigidmodels\buildings\wh3_glb_cliffrock_07,1,1,100.00,0,0.00,0,0.00,0,0.00,0,0.00,41764,1,41764,41764,41764,41764.00,0,,
directory_depth_3,rigidmodels\buildings\wh3_glb_cliffrock_08,1,1,100.00,0,0.00,0,0.00,0,0.00,0,0.00,46744,1,46744,46744,46744,46744.00,0,,
directory_depth_3,rigidmodels\buildings\wh3_glb_cliffslab_01,1,1,100.00,0,0.00,0,0.00,0,0.00,0,0.00,58384,1,58384,58384,58384,58384.00,0,,
directory_depth_3,rigidmodels\buildings\wh3_glb_rockfeature_01,1,1,100.00,0,0.00,0,0.00,0,0.00,0,0.00,29568,1,29568,29568,29568,29568.00,0,,
directory_depth_3,rigidmodels\buildings\wh3_glb_rockfeature_02,1,1,100.00,0,0.00,0,0.00,0,0.00,0,0.00,44552,1,44552,44552,44552,44552.00,0,,
directory_depth_3,rigidmodels\buildings\wh3_glb_rubble_01,1,1,100.00,0,0.00,0,0.00,0,0.00,0,0.00,74772,1,74772,74772,74772,74772.00,0,,
directory_depth_3,rigidmodels\buildings\wh3_glb_rubble_01_tb,1,1,100.00,0,0.00,0,0.00,0,0.00,0,0.00,79300,1,79300,79300,79300,79300.00,0,,
directory_depth_3,rigidmodels\buildings\wh3_glb_rubble_02,1,1,100.00,0,0.00,0,0.00,0,0.00,0,0.00,84222,1,84222,84222,84222,84222.00,0,,
directory_depth_3,rigidmodels\buildings\wh3_glb_rubble_02_tb,1,1,100.00,0,0.00,0,0.00,0,0.00,0,0.00,91930,1,91930,91930,91930,91930.00,0,,
directory_depth_3,rigidmodels\buildings\wh3_glb_rubble_03,1,1,100.00,0,0.00,0,0.00,0,0.00,0,0.00,70664,1,70664,70664,70664,70664.00,0,,
directory_depth_3,rigidmodels\buildings\wh3_glb_rubble_03_tb,1,1,100.00,0,0.00,0,0.00,0,0.00,0,0.00,76996,1,76996,76996,76996,76996.00,0,,
directory_depth_3,rigidmodels\buildings\wh3_glb_rubble_04,1,1,100.00,0,0.00,0,0.00,0,0.00,0,0.00,76796,1,76796,76796,76796,76796.00,0,,
directory_depth_3,rigidmodels\buildings\wh3_glb_rubble_04_tb,1,1,100.00,0,0.00,0,0.00,0,0.00,0,0.00,81772,1,81772,81772,81772,81772.00,0,,
directory_depth_3,rigidmodels\buildings\wh3_glb_rubble_05,1,1,100.00,0,0.00,0,0.00,0,0.00,0,0.00,69312,1,69312,69312,69312,69312.00,0,,
directory_depth_3,rigidmodels\buildings\wh3_glb_sharpboulder_01,1,1,100.00,0,0.00,0,0.00,0,0.00,0,0.00,10200,1,10200,10200,10200,10200.00,0,,
directory_depth_3,rigidmodels\buildings\wh3_glb_sharpboulder_02,1,1,100.00,0,0.00,0,0.00,0,0.00,0,0.00,13180,1,13180,13180,13180,13180.00,0,,
directory_depth_3,rigidmodels\buildings\wh3_glb_sharpboulder_03,1,1,100.00,0,0.00,0,0.00,0,0.00,0,0.00,15008,1,15008,15008,15008,15008.00,0,,
directory_depth_3,rigidmodels\buildings\wh3_glb_sharprock_01,1,1,100.00,0,0.00,0,0.00,0,0.00,0,0.00,82264,1,82264,82264,82264,82264.00,0,,
directory_depth_3,rigidmodels\buildings\wh3_glb_sharprock_02,1,1,100.00,0,0.00,0,0.00,0,0.00,0,0.00,31398,1,31398,31398,31398,31398.00,0,,
directory_depth_3,rigidmodels\buildings\wh3_glb_sharprock_03,1,1,100.00,0,0.00,0,0.00,0,0.00,0,0.00,24566,1,24566,24566,24566,24566.00,0,,
directory_depth_3,rigidmodels\buildings\wh3_glb_sharprock_04,1,1,100.00,0,0.00,0,0.00,0,0.00,0,0.00,31782,1,31782,31782,31782,31782.00,0,,
directory_depth_3,rigidmodels\buildings\wh3_waterplane_dammed_300x,1,1,100.00,0,0.00,0,0.00,0,0.00,0,0.00,2120,1,2120,2120,2120,2120.00,0,,
directory_depth_3,rigidmodels\campaign\beastmen,6,6,100.00,0,0.00,0,0.00,0,0.00,0,0.00,265198,6,265198,2940,229424,44199.67,0,,
directory_depth_3,rigidmodels\campaign\cathay,70,70,100.00,0,0.00,0,0.00,0,0.00,0,0.00,7964426,70,7964426,3772,1895138,113777.51,0,,
directory_depth_3,rigidmodels\campaign\chaos,42,42,100.00,0,0.00,0,0.00,0,0.00,0,0.00,1433356,42,1433356,4504,144108,34127.52,0,,
directory_depth_3,rigidmodels\campaign\chaos_dwarfs,56,56,100.00,0,0.00,0,0.00,0,0.00,0,0.00,4961068,56,4961068,4366,925898,88590.50,0,,
directory_depth_3,rigidmodels\campaign\dark_elves,26,26,100.00,0,0.00,0,0.00,0,0.00,0,0.00,805352,26,805352,2696,119414,30975.08,0,,
directory_depth_3,rigidmodels\campaign\decals,278,278,100.00,0,0.00,0,0.00,0,0.00,0,0.00,160128,278,160128,576,576,576.00,0,,
directory_depth_3,rigidmodels\campaign\encampments,9,9,100.00,0,0.00,0,0.00,0,0.00,0,0.00,315068,9,315068,4754,133948,35007.56,0,,
directory_depth_3,rigidmodels\campaign\gen_cliffs_floating,45,45,100.00,0,0.00,0,0.00,0,0.00,0,0.00,2872878,45,2872878,4948,277352,63841.73,0,,
directory_depth_3,rigidmodels\campaign\generic_props,564,564,100.00,0,0.00,0,0.00,0,0.00,0,0.00,56740358,564,56740358,2436,1063038,100603.47,0,,
directory_depth_3,rigidmodels\campaign\height_patch,1,1,100.00,0,0.00,0,0.00,0,0.00,0,0.00,2996,1,2996,2996,2996,2996.00,0,,
directory_depth_3,rigidmodels\campaign\highelves,51,51,100.00,0,0.00,0,0.00,0,0.00,0,0.00,1078746,51,1078746,3026,94546,21151.88,0,,
directory_depth_3,rigidmodels\campaign\khorne,50,50,100.00,0,0.00,0,0.00,0,0.00,0,0.00,5400344,50,5400344,3128,507500,108006.88,0,,
directory_depth_3,rigidmodels\campaign\kislev,12,12,100.00,0,0.00,0,0.00,0,0.00,0,0.00,403628,12,403628,8584,75924,33635.67,0,,
directory_depth_3,rigidmodels\campaign\moons,15,15,100.00,0,0.00,0,0.00,0,0.00,0,0.00,577756,15,577756,3808,200736,38517.07,0,,
directory_depth_3,rigidmodels\campaign\nurgle,117,117,100.00,0,0.00,0,0.00,0,0.00,0,0.00,10953368,117,10953368,10754,2821356,93618.53,0,,
directory_depth_3,rigidmodels\campaign\ogrekingdom,13,13,100.00,0,0.00,0,0.00,0,0.00,0,0.00,757528,13,757528,12836,111628,58271.38,0,,
directory_depth_3,rigidmodels\campaign\quest_battles,10,10,100.00,0,0.00,0,0.00,0,0.00,0,0.00,6643578,10,6643578,3238,2224594,664357.80,0,,
directory_depth_3,rigidmodels\campaign\resources,90,90,100.00,0,0.00,0,0.00,0,0.00,0,0.00,1398700,90,1398700,2696,79692,15541.11,0,,
directory_depth_3,rigidmodels\campaign\settlements,659,659,100.00,0,0.00,0,0.00,0,0.00,0,0.00,68370702,659,68370702,2436,2176090,103749.17,0,,
directory_depth_3,rigidmodels\campaign\slaanesh,31,31,100.00,0,0.00,0,0.00,0,0.00,0,0.00,5223240,31,5223240,10828,1671364,168491.61,0,,
directory_depth_3,rigidmodels\campaign\special_props,3,3,100.00,0,0.00,0,0.00,0,0.00,0,0.00,345812,3,345812,59096,154032,115270.67,0,,
directory_depth_3,rigidmodels\campaign\tombkings,50,50,100.00,0,0.00,0,0.00,0,0.00,0,0.00,3329740,50,3329740,3736,305986,66594.80,0,,
directory_depth_3,rigidmodels\campaign\tzeentch,71,71,100.00,0,0.00,0,0.00,0,0.00,0,0.00,9092234,71,9092234,5952,3658992,128059.63,0,,
directory_depth_3,rigidmodels\campaign\vampire_coast,33,33,100.00,0,0.00,0,0.00,0,0.00,0,0.00,798638,33,798638,2848,43520,24201.15,0,,
directory_depth_3,rigidmodels\campaign\vegetation,170,170,100.00,0,0.00,0,0.00,0,0.00,0,0.00,5413482,170,5413482,2258,95926,31844.01,0,,
directory_depth_3,rigidmodels\campaign\wood_elves,3,3,100.00,0,0.00,0,0.00,0,0.00,0,0.00,11360,3,11360,3636,3976,3786.67,0,,
directory_depth_3,rigidmodels\debuggeometry,2,2,100.00,0,0.00,0,0.00,0,0.00,0,0.00,13480,2,13480,4888,8592,6740.00,0,,
directory_depth_3,rigidmodels\decals,1,1,100.00,0,0.00,0,0.00,0,0.00,0,0.00,1412,1,1412,1412,1412,1412.00,0,,
directory_depth_3,rigidmodels\decals\beastmen,12,12,100.00,0,0.00,0,0.00,0,0.00,0,0.00,6912,12,6912,576,576,576.00,0,,
directory_depth_3,rigidmodels\decals\brt,3,3,100.00,0,0.00,0,0.00,0,0.00,0,0.00,1728,3,1728,576,576,576.00,0,,
directory_depth_3,rigidmodels\decals\chd,73,73,100.00,0,0.00,0,0.00,0,0.00,0,0.00,42048,73,42048,576,576,576.00,0,,
directory_depth_3,rigidmodels\decals\chs,18,18,100.00,0,0.00,0,0.00,0,0.00,0,0.00,10368,18,10368,576,576,576.00,0,,
directory_depth_3,rigidmodels\decals\cth,103,103,100.00,0,0.00,0,0.00,0,0.00,0,0.00,59328,103,59328,576,576,576.00,0,,
directory_depth_3,rigidmodels\decals\def,22,22,100.00,0,0.00,0,0.00,0,0.00,0,0.00,12672,22,12672,576,576,576.00,0,,
directory_depth_3,rigidmodels\decals\frg,1,1,100.00,0,0.00,0,0.00,0,0.00,0,0.00,576,1,576,576,576,576.00,0,,
directory_depth_3,rigidmodels\decals\generic,153,153,100.00,0,0.00,0,0.00,0,0.00,0,0.00,88128,153,88128,576,576,576.00,0,,
directory_depth_3,rigidmodels\decals\global,20,20,100.00,0,0.00,0,0.00,0,0.00,0,0.00,11520,20,11520,576,576,576.00,0,,
directory_depth_3,rigidmodels\decals\hef,37,37,100.00,0,0.00,0,0.00,0,0.00,0,0.00,21312,37,21312,576,576,576.00,0,,
directory_depth_3,rigidmodels\decals\kho,110,110,100.00,0,0.00,0,0.00,0,0.00,0,0.00,63360,110,63360,576,576,576.00,0,,
directory_depth_3,rigidmodels\decals\ksl,83,83,100.00,0,0.00,0,0.00,0,0.00,0,0.00,47808,83,47808,576,576,576.00,0,,
directory_depth_3,rigidmodels\decals\lava fire,14,14,100.00,0,0.00,0,0.00,0,0.00,0,0.00,8064,14,8064,576,576,576.00,0,,
directory_depth_3,rigidmodels\decals\lzd,49,49,100.00,0,0.00,0,0.00,0,0.00,0,0.00,28224,49,28224,576,576,576.00,0,,
directory_depth_3,rigidmodels\decals\monster_den,2,2,100.00,0,0.00,0,0.00,0,0.00,0,0.00,1152,2,1152,576,576,576.00,0,,
directory_depth_3,rigidmodels\decals\mud,2,2,100.00,0,0.00,0,0.00,0,0.00,0,0.00,1152,2,1152,576,576,576.00,0,,
directory_depth_3,rigidmodels\decals\nur,60,60,100.00,0,0.00,0,0.00,0,0.00,0,0.00,34560,60,34560,576,576,576.00,0,,
directory_depth_3,rigidmodels\decals\ogr,43,43,100.00,0,0.00,0,0.00,0,0.00,0,0.00,24768,43,24768,576,576,576.00,0,,
directory_depth_3,rigidmodels\decals\sewergrid,3,3,100.00,0,0.00,0,0.00,0,0.00,0,0.00,1728,3,1728,576,576,576.00,0,,
directory_depth_3,rigidmodels\decals\skv,21,21,100.00,0,0.00,0,0.00,0,0.00,0,0.00,12096,21,12096,576,576,576.00,0,,
directory_depth_3,rigidmodels\decals\slaa,26,26,100.00,0,0.00,0,0.00,0,0.00,0,0.00,14976,26,14976,576,576,576.00,0,,
directory_depth_3,rigidmodels\decals\streetborder,1,1,100.00,0,0.00,0,0.00,0,0.00,0,0.00,576,1,576,576,576,576.00,0,,
directory_depth_3,rigidmodels\decals\tmb,94,94,100.00,0,0.00,0,0.00,0,0.00,0,0.00,54144,94,54144,576,576,576.00,0,,
directory_depth_3,rigidmodels\decals\tze,21,21,100.00,0,0.00,0,0.00,0,0.00,0,0.00,12096,21,12096,576,576,576.00,0,,
directory_depth_3,rigidmodels\decals\vfx,2,2,100.00,0,0.00,0,0.00,0,0.00,0,0.00,1152,2,1152,576,576,576.00,0,,
directory_depth_3,rigidmodels\decals\warpstone,8,8,100.00,0,0.00,0,0.00,0,0.00,0,0.00,4608,8,4608,576,576,576.00,0,,
directory_depth_3,rigidmodels\decals\wood elf,29,29,100.00,0,0.00,0,0.00,0,0.00,0,0.00,16704,29,16704,576,576,576.00,0,,
directory_depth_3,skyboxes,7,7,100.00,0,0.00,0,0.00,0,0.00,0,0.00,420236,7,420236,2556,154624,60033.71,0,,
directory_depth_3,terrain\campaigns\wh3_main_chaos_map_1,101,101,100.00,0,0.00,0,0.00,0,0.00,0,0.00,2466164,101,2466164,2284,220864,24417.47,0,,
directory_depth_3,terrain\campaigns\wh3_main_combi_map_1,206,206,100.00,0,0.00,0,0.00,0,0.00,0,0.00,3405548,206,3405548,1960,181876,16531.79,0,,
directory_depth_3,terrain\campaigns\wh3_main_prologue_map,6,6,100.00,0,0.00,0,0.00,0,0.00,0,0.00,52260,6,52260,5848,12760,8710.00,0,,
directory_depth_3,terrain\tiles\battle,1349,0,0.00,1349,100.00,0,0.00,0,0.00,1349,100.00,163584499,1349,295530900,140,11434460,219074.05,163584499,295530900,55.35
directory_depth_3,terrain\tiles\campaign,842,0,0.00,842,100.00,0,0.00,0,0.00,842,100.00,3524955,842,5053372,140,258896,6001.63,3524955,5053372,69.75
directory_depth_3,terrain\vegetation\battle,207,207,100.00,0,0.00,0,0.00,0,0.00,0,0.00,4333604,207,4333604,3256,90242,20935.29,0,,
directory_depth_3,ui\3dui\models,238,0,0.00,0,0.00,238,100.00,0,0.00,238,100.00,2640638,238,6429412,784,201344,27014.34,2640638,6429412,41.07
directory_depth_3,variantmeshes\_variantmodels\engines,3,3,100.00,0,0.00,0,0.00,0,0.00,0,0.00,34012,3,34012,10452,11780,11337.33,0,,
directory_depth_3,variantmeshes\_variantmodels\humanoid01,1,1,100.00,0,0.00,0,0.00,0,0.00,0,0.00,9264,1,9264,9264,9264,9264.00,0,,
directory_depth_3,variantmeshes\_variantmodels\humanoid01j,4,4,100.00,0,0.00,0,0.00,0,0.00,0,0.00,578932,4,578932,16984,432616,144733.00,0,,
directory_depth_3,variantmeshes\_variantmodels\humanoid02,1,1,100.00,0,0.00,0,0.00,0,0.00,0,0.00,11248,1,11248,11248,11248,11248.00,0,,
directory_depth_3,variantmeshes\_variantmodels\humanoid04i,2,2,100.00,0,0.00,0,0.00,0,0.00,0,0.00,355384,2,355384,105528,249856,177692.00,0,,
directory_depth_3,variantmeshes\_variantmodels\humanoid05,2,2,100.00,0,0.00,0,0.00,0,0.00,0,0.00,1691064,2,1691064,845532,845532,845532.00,0,,
directory_depth_3,variantmeshes\_variantmodels\humanoid12b,4,4,100.00,0,0.00,0,0.00,0,0.00,0,0.00,874574,4,874574,100036,494506,218643.50,0,,
directory_depth_3,variantmeshes\_variantmodels\humanoid16d,2,2,100.00,0,0.00,0,0.00,0,0.00,0,0.00,420618,2,420618,17216,403402,210309.00,0,,
directory_depth_3,variantmeshes\_variantmodels\humanoid17,2,2,100.00,0,0.00,0,0.00,0,0.00,0,0.00,17560,2,17560,7560,10000,8780.00,0,,
directory_depth_3,variantmeshes\_variantmodels\palanquin01,1,1,100.00,0,0.00,0,0.00,0,0.00,0,0.00,2885748,1,2885748,2885748,2885748,2885748.00,0,,
directory_depth_3,variantmeshes\_variantmodels\props,8,8,100.00,0,0.00,0,0.00,0,0.00,0,0.00,899958,8,899958,9532,345486,112494.75,0,,
directory_depth_3,variantmeshes\_variantmodels\raptor02_team,1,1,100.00,0,0.00,0,0.00,0,0.00,0,0.00,620020,1,620020,620020,620020,620020.00,0,,
directory_depth_3,variantmeshes\_variantmodels\seamonster02,1,1,100.00,0,0.00,0,0.00,0,0.00,0,0.00,991900,1,991900,991900,991900,991900.00,0,,
directory_depth_3,variantmeshes\_variantmodels\snake04,1,1,100.00,0,0.00,0,0.00,0,0.00,0,0.00,571696,1,571696,571696,571696,571696.00,0,,
directory_depth_3,variantmeshes\wh_variantmodels\ac1,1,1,100.00,0,0.00,0,0.00,0,0.00,0,0.00,114680,1,114680,114680,114680,114680.00,0,,
directory_depth_3,variantmeshes\wh_variantmodels\ad1,2,2,100.00,0,0.00,0,0.00,0,0.00,0,0.00,1142484,2,1142484,431486,710998,571242.00,0,,
directory_depth_3,variantmeshes\wh_variantmodels\ap1,2,2,100.00,0,0.00,0,0.00,0,0.00,0,0.00,2013330,2,2013330,928618,1084712,1006665.00,0,,
directory_depth_3,variantmeshes\wh_variantmodels\ba1,4,4,100.00,0,0.00,0,0.00,0,0.00,0,0.00,1714192,4,1714192,12624,721284,428548.00,0,,
directory_depth_3,variantmeshes\wh_variantmodels\bc1,2,2,100.00,0,0.00,0,0.00,0,0.00,0,0.00,7199550,2,7199550,3599068,3600482,3599775.00,0,,
directory_depth_3,variantmeshes\wh_variantmodels\bc2,18,18,100.00,0,0.00,0,0.00,0,0.00,0,0.00,14618458,18,14618458,16408,1952866,812136.56,0,,
directory_depth_3,variantmeshes\wh_variantmodels\bc2b,3,3,100.00,0,0.00,0,0.00,0,0.00,0,0.00,6824008,3,6824008,1965696,2501218,2274669.33,0,,
directory_depth_3,variantmeshes\wh_variantmodels\bc2c,2,2,100.00,0,0.00,0,0.00,0,0.00,0,0.00,6919886,2,6919886,3433254,3486632,3459943.00,0,,
directory_depth_3,variantmeshes\wh_variantmodels\bc3,4,4,100.00,0,0.00,0,0.00,0,0.00,0,0.00,8641116,4,8641116,1659542,2683026,2160279.00,0,,
directory_depth_3,variantmeshes\wh_variantmodels\bc3b,2,2,100.00,0,0.00,0,0.00,0,0.00,0,0.00,4316186,2,4316186,787944,3528242,2158093.00,0,,
directory_depth_3,variantmeshes\wh_variantmodels\bc4,28,28,100.00,0,0.00,0,0.00,0,0.00,0,0.00,21493400,28,21493400,21172,2965482,767621.43,0,,
directory_depth_3,variantmeshes\wh_variantmodels\bc4b,2,2,100.00,0,0.00,0,0.00,0,0.00,0,0.00,1647964,2,1647964,705196,942768,823982.00,0,,
directory_depth_3,variantmeshes\wh_variantmodels\bc4c,2,2,100.00,0,0.00,0,0.00,0,0.00,0,0.00,6544592,2,6544592,2973546,3571046,3272296.00,0,,
directory_depth_3,variantmeshes\wh_variantmodels\bc5,2,2,100.00,0,0.00,0,0.00,0,0.00,0,0.00,5690778,2,5690778,2793520,2897258,2845389.00,0,,
directory_depth_3,variantmeshes\wh_variantmodels\bch1,7,7,100.00,0,0.00,0,0.00,0,0.00,0,0.00,3241718,7,3241718,428626,576346,463102.57,0,,
directory_depth_3,variantmeshes\wh_variantmodels\bi1,15,15,100.00,0,0.00,0,0.00,0,0.00,0,0.00,14250568,15,14250568,75056,3367386,950037.87,0,,
directory_depth_3,variantmeshes\wh_variantmodels\bi1b,6,6,100.00,0,0.00,0,0.00,0,0.00,0,0.00,2650076,6,2650076,95172,1192732,441679.33,0,,
directory_depth_3,variantmeshes\wh_variantmodels\bi2,6,6,100.00,0,0.00,0,0.00,0,0.00,0,0.00,9561034,6,9561034,567224,3001552,1593505.67,0,,
directory_depth_3,variantmeshes\wh_variantmodels\bi3,13,13,100.00,0,0.00,0,0.00,0,0.00,0,0.00,3479288,13,3479288,14204,483462,267637.54,0,,
directory_depth_3,variantmeshes\wh_variantmodels\bi4,1,1,100.00,0,0.00,0,0.00,0,0.00,0,0.00,1425298,1,1425298,1425298,1425298,1425298.00,0,,
directory_depth_3,variantmeshes\wh_variantmodels\bo1,31,31,100.00,0,0.00,0,0.00,0,0.00,0,0.00,6098152,31,6098152,16408,1091364,196714.58,0,,
directory_depth_3,variantmeshes\wh_variantmodels\br1,16,16,100.00,0,0.00,0,0.00,0,0.00,0,0.00,20517188,16,20517188,32920,2989662,1282324.25,0,,
directory_depth_3,variantmeshes\wh_variantmodels\cc1,1,1,100.00,0,0.00,0,0.00,0,0.00,0,0.00,326624,1,326624,326624,326624,326624.00,0,,
directory_depth_3,variantmeshes\wh_variantmodels\ce1,48,48,100.00,0,0.00,0,0.00,0,0.00,0,0.00,25503806,48,25503806,36486,1908412,531329.29,0,,
directory_depth_3,variantmeshes\wh_variantmodels\ce1b,22,22,100.00,0,0.00,0,0.00,0,0.00,0,0.00,28169962,22,28169962,53568,3804810,1280452.82,0,,
directory_depth_3,variantmeshes\wh_variantmodels\ce2,25,25,100.00,0,0.00,0,0.00,0,0.00,0,0.00,16077186,25,16077186,15908,3215596,643087.44,0,,
directory_depth_3,variantmeshes\wh_variantmodels\ce3,1,1,100.00,0,0.00,0,0.00,0,0.00,0,0.00,3032002,1,3032002,3032002,3032002,3032002.00,0,,
directory_depth_3,variantmeshes\wh_variantmodels\cinematics,1,1,100.00,0,0.00,0,0.00,0,0.00,0,0.00,4019576,1,4019576,4019576,4019576,4019576.00,0,,
directory_depth_3,variantmeshes\wh_variantmodels\co1,2,2,100.00,0,0.00,0,0.00,0,0.00,0,0.00,6579984,2,6579984,3289992,3289992,3289992.00,0,,
directory_depth_3,variantmeshes\wh_variantmodels\cr1,4,4,100.00,0,0.00,0,0.00,0,0.00,0,0.00,6762552,4,6762552,499814,4314832,1690638.00,0,,
directory_depth_3,variantmeshes\wh_variantmodels\dr1,13,13,100.00,0,0.00,0,0.00,0,0.00,0,0.00,41502758,13,41502758,498758,5613304,3192519.85,0,,
directory_depth_3,variantmeshes\wh_variantmodels\dr1b,2,2,100.00,0,0.00,0,0.00,0,0.00,0,0.00,10717144,2,10717144,4467358,6249786,5358572.00,0,,
directory_depth_3,variantmeshes\wh_variantmodels\dr2,2,2,100.00,0,0.00,0,0.00,0,0.00,0,0.00,9089872,2,9089872,4322606,4767266,4544936.00,0,,
directory_depth_3,variantmeshes\wh_variantmodels\dr4,6,6,100.00,0,0.00,0,0.00,0,0.00,0,0.00,13345046,6,13345046,1550758,3939214,2224174.33,0,,
directory_depth_3,variantmeshes\wh_variantmodels\dr5,4,4,100.00,0,0.00,0,0.00,0,0.00,0,0.00,6441416,4,6441416,64904,2468618,1610354.00,0,,
directory_depth_3,variantmeshes\wh_variantmodels\drh1,2,2,100.00,0,0.00,0,0.00,0,0.00,0,0.00,1048520,2,1048520,226910,821610,524260.00,0,,
directory_depth_3,variantmeshes\wh_variantmodels\drt1,1,1,100.00,0,0.00,0,0.00,0,0.00,0,0.00,216412,1,216412,216412,216412,216412.00,0,,
directory_depth_3,variantmeshes\wh_variantmodels\du1,1,1,100.00,0,0.00,0,0.00,0,0.00,0,0.00,3424,1,3424,3424,3424,3424.00,0,,
directory_depth_3,variantmeshes\wh_variantmodels\et1,2,2,100.00,0,0.00,0,0.00,0,0.00,0,0.00,2808794,2,2808794,1404062,1404732,1404397.00,0,,
directory_depth_3,variantmeshes\wh_variantmodels\fc1,1,1,100.00,0,0.00,0,0.00,0,0.00,0,0.00,1053568,1,1053568,1053568,1053568,1053568.00,0,,
directory_depth_3,variantmeshes\wh_variantmodels\fh1,1,1,100.00,0,0.00,0,0.00,0,0.00,0,0.00,123308,1,123308,123308,123308,123308.00,0,,
directory_depth_3,variantmeshes\wh_variantmodels\gh1,21,21,100.00,0,0.00,0,0.00,0,0.00,0,0.00,3321300,21,3321300,14392,592634,158157.14,0,,
directory_depth_3,variantmeshes\wh_variantmodels\gh3,16,16,100.00,0,0.00,0,0.00,0,0.00,0,0.00,8889068,16,8889068,39908,838292,555566.75,0,,
directory_depth_3,variantmeshes\wh_variantmodels\gh4,4,4,100.00,0,0.00,0,0.00,0,0.00,0,0.00,4189096,4,4189096,27360,1432846,1047274.00,0,,
directory_depth_3,variantmeshes\wh_variantmodels\gh5,2,2,100.00,0,0.00,0,0.00,0,0.00,0,0.00,1481246,2,1481246,245442,1235804,740623.00,0,,
directory_depth_3,variantmeshes\wh_variantmodels\gi1,7,7,100.00,0,0.00,0,0.00,0,0.00,0,0.00,5931230,7,5931230,21918,2740130,847318.57,0,,
directory_depth_3,variantmeshes\wh_variantmodels\gi1b,2,2,100.00,0,0.00,0,0.00,0,0.00,0,0.00,2535012,2,2535012,187152,2347860,1267506.00,0,,
directory_depth_3,variantmeshes\wh_variantmodels\gi1c,3,3,100.00,0,0.00,0,0.00,0,0.00,0,0.00,7317206,3,7317206,580520,4546818,2439068.67,0,,
directory_depth_3,variantmeshes\wh_variantmodels\gi2,1,1,100.00,0,0.00,0,0.00,0,0.00,0,0.00,8278834,1,8278834,8278834,8278834,8278834.00,0,,
directory_depth_3,variantmeshes\wh_variantmodels\gi3,3,3,100.00,0,0.00,0,0.00,0,0.00,0,0.00,10514946,3,10514946,2920744,4484492,3504982.00,0,,
directory_depth_3,variantmeshes\wh_variantmodels\grail01,3,3,100.00,0,0.00,0,0.00,0,0.00,0,0.00,3694842,3,3694842,181404,2141688,1231614.00,0,,
directory_depth_3,variantmeshes\wh_variantmodels\gt01,5,5,100.00,0,0.00,0,0.00,0,0.00,0,0.00,2469644,5,2469644,37412,1195258,493928.80,0,,
directory_depth_3,variantmeshes\wh_variantmodels\gt02,23,23,100.00,0,0.00,0,0.00,0,0.00,0,0.00,6010224,23,6010224,49992,688586,261314.09,0,,
directory_depth_3,variantmeshes\wh_variantmodels\hc02,70,70,100.00,0,0.00,0,0.00,0,0.00,0,0.00,40452050,70,40452050,19192,1588454,577886.43,0,,
directory_depth_3,variantmeshes\wh_variantmodels\hc1,3,3,100.00,0,0.00,0,0.00,0,0.00,0,0.00,5545380,3,5545380,1673484,1963334,1848460.00,0,,
directory_depth_3,variantmeshes\wh_variantmodels\hc3,2,2,100.00,0,0.00,0,0.00,0,0.00,0,0.00,4959572,2,4959572,2248020,2711552,2479786.00,0,,
directory_depth_3,variantmeshes\wh_variantmodels\hc4,2,2,100.00,0,0.00,0,0.00,0,0.00,0,0.00,6625110,2,6625110,3069786,3555324,3312555.00,0,,
directory_depth_3,variantmeshes\wh_variantmodels\hc5,1,1,100.00,0,0.00,0,0.00,0,0.00,0,0.00,4745548,1,4745548,4745548,4745548,4745548.00,0,,
directory_depth_3,variantmeshes\wh_variantmodels\hc7,8,8,100.00,0,0.00,0,0.00,0,0.00,0,0.00,8106778,8,8106778,83554,2040510,1013347.25,0,,
directory_depth_3,variantmeshes\wh_variantmodels\hc8,3,3,100.00,0,0.00,0,0.00,0,0.00,0,0.00,4018080,3,4018080,1254828,1492042,1339360.00,0,,
directory_depth_3,variantmeshes\wh_variantmodels\hc9,4,4,100.00,0,0.00,0,0.00,0,0.00,0,0.00,1967426,4,1967426,101074,1048208,491856.50,0,,
directory_depth_3,variantmeshes\wh_variantmodels\hq1,15,15,100.00,0,0.00,0,0.00,0,0.00,0,0.00,21979630,15,21979630,23962,2576960,1465308.67,0,,
directory_depth_3,variantmeshes\wh_variantmodels\hq2,21,21,100.00,0,0.00,0,0.00,0,0.00,0,0.00,18568546,21,18568546,30648,1433652,884216.48,0,,
directory_depth_3,variantmeshes\wh_variantmodels\hq3,7,7,100.00,0,0.00,0,0.00,0,0.00,0,0.00,30509318,7,30509318,2543998,6289228,4358474.00,0,,
directory_depth_3,variantmeshes\wh_variantmodels\hq3b,6,6,100.00,0,0.00,0,0.00,0,0.00,0,0.00,16898450,6,16898450,1685760,4972692,2816408.33,0,,
directory_depth_3,variantmeshes\wh_variantmodels\hq4,5,5,100.00,0,0.00,0,0.00,0,0.00,0,0.00,7030952,5,7030952,29432,2339292,1406190.40,0,,
directory_depth_3,variantmeshes\wh_variantmodels\hq5,3,3,100.00,0,0.00,0,0.00,0,0.00,0,0.00,7270202,3,7270202,177124,4357134,2423400.67,0,,
directory_depth_3,variantmeshes\wh_variantmodels\hr1,150,150,100.00,0,0.00,0,0.00,0,0.00,0,0.00,86923402,150,86923402,16464,2162744,579489.35,0,,
directory_depth_3,variantmeshes\wh_variantmodels\hr2,1,1,100.00,0,0.00,0,0.00,0,0.00,0,0.00,4063792,1,4063792,4063792,4063792,4063792.00,0,,
directory_depth_3,variantmeshes\wh_variantmodels\hu1,1344,1344,100.00,0,0.00,0,0.00,0,0.00,0,0.00,369500242,1344,369500242,3784,2782612,274925.78,0,,
directory_depth_3,variantmeshes\wh_variantmodels\hu1_t1,13,13,100.00,0,0.00,0,0.00,0,0.00,0,0.00,5907478,13,5907478,187080,815268,454421.38,0,,
directory_depth_3,variantmeshes\wh_variantmodels\hu10,38,38,100.00,0,0.00,0,0.00,0,0.00,0,0.00,33539404,38,33539404,85838,2873510,882615.89,0,,
directory_depth_3,variantmeshes\wh_variantmodels\hu10b,7,7,100.00,0,0.00,0,0.00,0,0.00,0,0.00,9862826,7,9862826,21572,1657464,1408975.14,0,,
directory_depth_3,variantmeshes\wh_variantmodels\hu10c,14,14,100.00,0,0.00,0,0.00,0,0.00,0,0.00,15141276,14,15141276,164168,3101534,1081519.71,0,,
directory_depth_3,variantmeshes\wh_variantmodels\hu10d,4,4,100.00,0,0.00,0,0.00,0,0.00,0,0.00,2054646,4,2054646,36696,942578,513661.50,0,,
directory_depth_3,variantmeshes\wh_variantmodels\hu10e,251,251,100.00,0,0.00,0,0.00,0,0.00,0,0.00,157319932,251,157319932,40954,4100700,626772.64,0,,
directory_depth_3,variantmeshes\wh_variantmodels\hu10f,2,2,100.00,0,0.00,0,0.00,0,0.00,0,0.00,3910472,2,3910472,355410,3555062,1955236.00,0,,
directory_depth_3,variantmeshes\wh_variantmodels\hu11,3,3,100.00,0,0.00,0,0.00,0,0.00,0,0.00,3284374,3,3284374,3636,3183790,1094791.33,0,,
directory_depth_3,variantmeshes\wh_variantmodels\hu11b,2,2,100.00,0,0.00,0,0.00,0,0.00,0,0.00,9536680,2,9536680,4311854,5224826,4768340.00,0,,
directory_depth_3,variantmeshes\wh_variantmodels\hu12,88,88,100.00,0,0.00,0,0.00,0,0.00,0,0.00,39948008,88,39948008,25696,1818118,453954.64,0,,
directory_depth_3,variantmeshes\wh_variantmodels\hu12b,1,1,100.00,0,0.00,0,0.00,0,0.00,0,0.00,2358804,1,2358804,2358804,2358804,2358804.00,0,,
directory_depth_3,variantmeshes\wh_variantmodels\hu13,164,164,100.00,0,0.00,0,0.00,0,0.00,0,0.00,97131944,164,97131944,17620,2650334,592267.95,0,,
directory_depth_3,variantmeshes\wh_variantmodels\hu13b,18,18,100.00,0,0.00,0,0.00,0,0.00,0,0.00,13636764,18,13636764,70948,2533656,757598.00,0,,
directory_depth_3,variantmeshes\wh_variantmodels\hu13d,5,5,100.00,0,0.00,0,0.00,0,0.00,0,0.00,3611698,5,3611698,205796,2167694,722339.60,0,,
directory_depth_3,variantmeshes\wh_variantmodels\hu13e,5,5,100.00,0,0.00,0,0.00,0,0.00,0,0.00,2537874,5,2537874,27572,1940446,507574.80,0,,
directory_depth_3,variantmeshes\wh_variantmodels\hu14,33,33,100.00,0,0.00,0,0.00,0,0.00,0,0.00,18659978,33,18659978,36720,1140950,565453.88,0,,
directory_depth_3,variantmeshes\wh_variantmodels\hu14_t1,5,5,100.00,0,0.00,0,0.00,0,0.00,0,0.00,5348114,5,5348114,28624,2471800,1069622.80,0,,
directory_depth_3,variantmeshes\wh_variantmodels\hu16,66,66,100.00,0,0.00,0,0.00,0,0.00,0,0.00,20850860,66,20850860,26246,728006,315922.12,0,,
directory_depth_3,variantmeshes\wh_variantmodels\hu16b,44,44,100.00,0,0.00,0,0.00,0,0.00,0,0.00,30065858,44,30065858,66300,3547930,683314.95,0,,
directory_depth_3,variantmeshes\wh_variantmodels\hu16c,4,4,100.00,0,0.00,0,0.00,0,0.00,0,0.00,2585706,4,2585706,115026,1985488,646426.50,0,,
directory_depth_3,variantmeshes\wh_variantmodels\hu17,325,325,100.00,0,0.00,0,0.00,0,0.00,0,0.00,112139380,325,112139380,3868,1585564,345044.25,0,,
directory_depth_3,variantmeshes\wh_variantmodels\hu18,17,17,100.00,0,0.00,0,0.00,0,0.00,0,0.00,14844176,17,14844176,17896,2181752,873186.82,0,,
directory_depth_3,variantmeshes\wh_variantmodels\hu18b,1,1,100.00,0,0.00,0,0.00,0,0.00,0,0.00,1636024,1,1636024,1636024,1636024,1636024.00,0,,
directory_depth_3,variantmeshes\wh_variantmodels\hu18c,3,3,100.00,0,0.00,0,0.00,0,0.00,0,0.00,7108492,3,7108492,2082630,2866884,2369497.33,0,,
directory_depth_3,variantmeshes\wh_variantmodels\hu1b,313,313,100.00,0,0.00,0,0.00,0,0.00,0,0.00,106135178,313,106135178,13488,1550532,339090.03,0,,
directory_depth_3,variantmeshes\wh_variantmodels\hu1c,928,928,100.00,0,0.00,0,0.00,0,0.00,0,0.00,334326636,928,334326636,15208,2605938,360265.77,0,,
directory_depth_3,variantmeshes\wh_variantmodels\hu1d,692,692,100.00,0,0.00,0,0.00,0,0.00,0,0.00,181490838,692,181490838,3784,1852058,262270.00,0,,
directory_depth_3,variantmeshes\wh_variantmodels\hu1e,167,167,100.00,0,0.00,0,0.00,0,0.00,0,0.00,66609180,167,66609180,12632,2072510,398857.37,0,,
directory_depth_3,variantmeshes\wh_variantmodels\hu1e_t1,12,12,100.00,0,0.00,0,0.00,0,0.00,0,0.00,4375860,12,4375860,224670,553778,364655.00,0,,
directory_depth_3,variantmeshes\wh_variantmodels\hu1f,2,2,100.00,0,0.00,0,0.00,0,0.00,0,0.00,1806694,2,1806694,119288,1687406,903347.00,0,,
directory_depth_3,variantmeshes\wh_variantmodels\hu1g,2,2,100.00,0,0.00,0,0.00,0,0.00,0,0.00,2367540,2,2367540,102982,2264558,1183770.00,0,,
directory_depth_3,variantmeshes\wh_variantmodels\hu1i,17,17,100.00,0,0.00,0,0.00,0,0.00,0,0.00,13303730,17,13303730,30872,2389476,782572.35,0,,
directory_depth_3,variantmeshes\wh_variantmodels\hu1j,26,26,100.00,0,0.00,0,0.00,0,0.00,0,0.00,17167766,26,17167766,89900,1773344,660298.69,0,,
directory_depth_3,variantmeshes\wh_variantmodels\hu1l,4,4,100.00,0,0.00,0,0.00,0,0.00,0,0.00,3007436,4,3007436,106986,2429292,751859.00,0,,
directory_depth_3,variantmeshes\wh_variantmodels\hu1m,8,8,100.00,0,0.00,0,0.00,0,0.00,0,0.00,3943062,8,3943062,74602,1033148,492882.75,0,,
directory_depth_3,variantmeshes\wh_variantmodels\hu1n,11,11,100.00,0,0.00,0,0.00,0,0.00,0,0.00,11974486,11,11974486,20188,2727518,1088589.64,0,,
directory_depth_3,variantmeshes\wh_variantmodels\hu2,176,176,100.00,0,0.00,0,0.00,0,0.00,0,0.00,45991166,176,45991166,3784,1936152,261313.44,0,,
directory_depth_3,variantmeshes\wh_variantmodels\hu20,20,20,100.00,0,0.00,0,0.00,0,0.00,0,0.00,5499668,20,5499668,16080,1099502,274983.40,0,,
directory_depth_3,variantmeshes\wh_variantmodels\hu21,6,6,100.00,0,0.00,0,0.00,0,0.00,0,0.00,15952744,6,15952744,143682,4522744,2658790.67,0,,
directory_depth_3,variantmeshes\wh_variantmodels\hu22,7,7,100.00,0,0.00,0,0.00,0,0.00,0,0.00,8248926,7,8248926,114848,2178050,1178418.00,0,,
directory_depth_3,variantmeshes\wh_variantmodels\hu23,67,67,100.00,0,0.00,0,0.00,0,0.00,0,0.00,51814652,67,51814652,26054,2208730,773353.01,0,,
directory_depth_3,variantmeshes\wh_variantmodels\hu3,425,425,100.00,0,0.00,0,0.00,0,0.00,0,0.00,124727952,425,124727952,5584,2209822,293477.53,0,,
directory_depth_3,variantmeshes\wh_variantmodels\hu3b,3,3,100.00,0,0.00,0,0.00,0,0.00,0,0.00,2628436,3,2628436,76840,1942148,876145.33,0,,
directory_depth_3,variantmeshes\wh_variantmodels\hu4,13,13,100.00,0,0.00,0,0.00,0,0.00,0,0.00,22093868,13,22093868,200012,4809256,1699528.31,0,,
directory_depth_3,variantmeshes\wh_variantmodels\hu4b,26,26,100.00,0,0.00,0,0.00,0,0.00,0,0.00,15784534,26,15784534,118364,1735444,607097.46,0,,
directory_depth_3,variantmeshes\wh_variantmodels\hu4c,21,21,100.00,0,0.00,0,0.00,0,0.00,0,0.00,10806550,21,10806550,21064,2045174,514597.62,0,,
directory_depth_3,variantmeshes\wh_variantmodels\hu4d,48,48,100.00,0,0.00,0,0.00,0,0.00,0,0.00,16574760,48,16574760,12864,1455016,345307.50,0,,
directory_depth_3,variantmeshes\wh_variantmodels\hu4e,2,2,100.00,0,0.00,0,0.00,0,0.00,0,0.00,2200494,2,2200494,64056,2136438,1100247.00,0,,
directory_depth_3,variantmeshes\wh_variantmodels\hu4f,18,18,100.00,0,0.00,0,0.00,0,0.00,0,0.00,9284844,18,9284844,32632,1395034,515824.67,0,,
directory_depth_3,variantmeshes\wh_variantmodels\hu4i,12,12,100.00,0,0.00,0,0.00,0,0.00,0,0.00,12100306,12,12100306,90324,2473702,1008358.83,0,,
directory_depth_3,variantmeshes\wh_variantmodels\hu5,247,247,100.00,0,0.00,0,0.00,0,0.00,0,0.00,61396654,247,61396654,3784,1557406,248569.45,0,,
directory_depth_3,variantmeshes\wh_variantmodels\hu5b,2,2,100.00,0,0.00,0,0.00,0,0.00,0,0.00,1452132,2,1452132,713858,738274,726066.00,0,,
directory_depth_3,variantmeshes\wh_variantmodels\hu5c,3,3,100.00,0,0.00,0,0.00,0,0.00,0,0.00,1397970,3,1397970,257686,631904,465990.00,0,,
directory_depth_3,variantmeshes\wh_variantmodels\hu6,151,151,100.00,0,0.00,0,0.00,0,0.00,0,0.00,72460636,151,72460636,10546,2363930,479871.76,0,,
directory_depth_3,variantmeshes\wh_variantmodels\hu6b,41,41,100.00,0,0.00,0,0.00,0,0.00,0,0.00,5814930,41,5814930,5208,619902,141827.56,0,,
directory_depth_3,variantmeshes\wh_variantmodels\hu6c,4,4,100.00,0,0.00,0,0.00,0,0.00,0,0.00,3304800,4,3304800,66240,2909464,826200.00,0,,
directory_depth_3,variantmeshes\wh_variantmodels\hu6d,1,1,100.00,0,0.00,0,0.00,0,0.00,0,0.00,3587942,1,3587942,3587942,3587942,3587942.00,0,,
directory_depth_3,variantmeshes\wh_variantmodels\hu6e,21,21,100.00,0,0.00,0,0.00,0,0.00,0,0.00,7202394,21,7202394,24188,828602,342971.14,0,,
directory_depth_3,variantmeshes\wh_variantmodels\hu6f,52,52,100.00,0,0.00,0,0.00,0,0.00,0,0.00,19264122,52,19264122,26246,988414,370463.88,0,,
directory_depth_3,variantmeshes\wh_variantmodels\hu6g,2,2,100.00,0,0.00,0,0.00,0,0.00,0,0.00,2608054,2,2608054,115760,2492294,1304027.00,0,,
directory_depth_3,variantmeshes\wh_variantmodels\hu6h,2,2,100.00,0,0.00,0,0.00,0,0.00,0,0.00,2638404,2,2638404,206300,2432104,1319202.00,0,,
directory_depth_3,variantmeshes\wh_variantmodels\hu6i,3,3,100.00,0,0.00,0,0.00,0,0.00,0,0.00,3470602,3,3470602,36364,3176346,1156867.33,0,,
directory_depth_3,variantmeshes\wh_variantmodels\hu7,97,97,100.00,0,0.00,0,0.00,0,0.00,0,0.00,29907034,97,29907034,3784,1154844,308319.94,0,,
directory_depth_3,variantmeshes\wh_variantmodels\hu7b,70,70,100.00,0,0.00,0,0.00,0,0.00,0,0.00,23035768,70,23035768,19416,1308552,329082.40,0,,
directory_depth_3,variantmeshes\wh_variantmodels\hu7c,34,34,100.00,0,0.00,0,0.00,0,0.00,0,0.00,23203986,34,23203986,9784,1694810,682470.18,0,,
directory_depth_3,variantmeshes\wh_variantmodels\hu7d,38,38,100.00,0,0.00,0,0.00,0,0.00,0,0.00,25542586,38,25542586,112500,1552278,672173.32,0,,
directory_depth_3,variantmeshes\wh_variantmodels\hu8,52,52,100.00,0,0.00,0,0.00,0,0.00,0,0.00,40424660,52,40424660,15108,3166926,777397.31,0,,
directory_depth_3,variantmeshes\wh_variantmodels\hu8b,4,4,100.00,0,0.00,0,0.00,0,0.00,0,0.00,4885366,4,4885366,1005228,1479938,1221341.50,0,,
directory_depth_3,variantmeshes\wh_variantmodels\hu8c,25,25,100.00,0,0.00,0,0.00,0,0.00,0,0.00,2607400,25,2607400,15108,372928,104296.00,0,,
directory_depth_3,variantmeshes\wh_variantmodels\hu8d,4,4,100.00,0,0.00,0,0.00,0,0.00,0,0.00,4027368,4,4027368,31264,1416604,1006842.00,0,,
directory_depth_3,variantmeshes\wh_variantmodels\hu8e,3,3,100.00,0,0.00,0,0.00,0,0.00,0,0.00,9917284,3,9917284,3226684,3366032,3305761.33,0,,
directory_depth_3,variantmeshes\wh_variantmodels\hu9,11,11,100.00,0,0.00,0,0.00,0,0.00,0,0.00,11961998,11,11961998,114840,1935416,1087454.36,0,,
directory_depth_3,variantmeshes\wh_variantmodels\hu9b,24,24,100.00,0,0.00,0,0.00,0,0.00,0,0.00,14589424,24,14589424,150010,1276346,607892.67,0,,
directory_depth_3,variantmeshes\wh_variantmodels\in1,4,4,100.00,0,0.00,0,0.00,0,0.00,0,0.00,3938352,4,3938352,24900,1392434,984588.00,0,,
directory_depth_3,variantmeshes\wh_variantmodels\lz1,8,8,100.00,0,0.00,0,0.00,0,0.00,0,0.00,5799440,8,5799440,30312,1114996,724930.00,0,,
directory_depth_3,variantmeshes\wh_variantmodels\lz2,2,2,100.00,0,0.00,0,0.00,0,0.00,0,0.00,6837810,2,6837810,3268874,3568936,3418905.00,0,,
directory_depth_3,variantmeshes\wh_variantmodels\md1,1,1,100.00,0,0.00,0,0.00,0,0.00,0,0.00,222528,1,222528,222528,222528,222528.00,0,,
directory_depth_3,variantmeshes\wh_variantmodels\mt1,4,4,100.00,0,0.00,0,0.00,0,0.00,0,0.00,1363870,4,1363870,31184,462158,340967.50,0,,
directory_depth_3,variantmeshes\wh_variantmodels\ng1,3,3,100.00,0,0.00,0,0.00,0,0.00,0,0.00,833414,3,833414,263250,301130,277804.67,0,,
directory_depth_3,variantmeshes\wh_variantmodels\ngsw1,3,3,100.00,0,0.00,0,0.00,0,0.00,0,0.00,7998066,3,7998066,2625902,2702912,2666022.00,0,,
directory_depth_3,variantmeshes\wh_variantmodels\ox1,9,9,100.00,0,0.00,0,0.00,0,0.00,0,0.00,12927618,9,12927618,396832,2980256,1436402.00,0,,
directory_depth_3,variantmeshes\wh_variantmodels\pl1,3,3,100.00,0,0.00,0,0.00,0,0.00,0,0.00,10848068,3,10848068,1444476,6517844,3616022.67,0,,
directory_depth_3,variantmeshes\wh_variantmodels\props,104,104,100.00,0,0.00,0,0.00,0,0.00,0,0.00,14437944,104,14437944,18480,637646,138826.38,0,,
directory_depth_3,variantmeshes\wh_variantmodels\ra1,3,3,100.00,0,0.00,0,0.00,0,0.00,0,0.00,5565702,3,5565702,1321242,2402386,1855234.00,0,,
directory_depth_3,variantmeshes\wh_variantmodels\ra1b,4,4,100.00,0,0.00,0,0.00,0,0.00,0,0.00,294044,4,294044,17920,219710,73511.00,0,,
directory_depth_3,variantmeshes\wh_variantmodels\rp1,6,6,100.00,0,0.00,0,0.00,0,0.00,0,0.00,5022494,6,5022494,509108,1229740,837082.33,0,,
directory_depth_3,variantmeshes\wh_variantmodels\rp2,12,12,100.00,0,0.00,0,0.00,0,0.00,0,0.00,6174248,12,6174248,21044,710518,514520.67,0,,
directory_depth_3,variantmeshes\wh_variantmodels\rp2_team,4,4,100.00,0,0.00,0,0.00,0,0.00,0,0.00,2708556,4,2708556,266896,1114724,677139.00,0,,
directory_depth_3,variantmeshes\wh_variantmodels\rp2b,1,1,100.00,0,0.00,0,0.00,0,0.00,0,0.00,1275374,1,1275374,1275374,1275374,1275374.00,0,,
directory_depth_3,variantmeshes\wh_variantmodels\rp3,11,11,100.00,0,0.00,0,0.00,0,0.00,0,0.00,7891728,11,7891728,16216,2085180,717429.82,0,,
directory_depth_3,variantmeshes\wh_variantmodels\rp3b,8,8,100.00,0,0.00,0,0.00,0,0.00,0,0.00,13194290,8,13194290,531960,2915218,1649286.25,0,,
directory_depth_3,variantmeshes\wh_variantmodels\rp4,3,3,100.00,0,0.00,0,0.00,0,0.00,0,0.00,6812184,3,6812184,1195718,4009274,2270728.00,0,,
directory_depth_3,variantmeshes\wh_variantmodels\sc1,3,3,100.00,0,0.00,0,0.00,0,0.00,0,0.00,5873356,3,5873356,1953992,1962112,1957785.33,0,,
directory_depth_3,variantmeshes\wh_variantmodels\sk1,3,3,100.00,0,0.00,0,0.00,0,0.00,0,0.00,2036928,3,2036928,107836,1209002,678976.00,0,,
directory_depth_3,variantmeshes\wh_variantmodels\skc1,12,12,100.00,0,0.00,0,0.00,0,0.00,0,0.00,9228168,12,9228168,85480,1913332,769014.00,0,,
directory_depth_3,variantmeshes\wh_variantmodels\skvt1,31,31,100.00,0,0.00,0,0.00,0,0.00,0,0.00,10551376,31,10551376,30416,622272,340366.97,0,,
directory_depth_3,variantmeshes\wh_variantmodels\skvt2,12,12,100.00,0,0.00,0,0.00,0,0.00,0,0.00,2974174,12,2974174,20356,458082,247847.83,0,,
directory_depth_3,variantmeshes\wh_variantmodels\sm1,2,2,100.00,0,0.00,0,0.00,0,0.00,0,0.00,2653372,2,2653372,754902,1898470,1326686.00,0,,
directory_depth_3,variantmeshes\wh_variantmodels\sm2,2,2,100.00,0,0.00,0,0.00,0,0.00,0,0.00,2937406,2,2937406,1467152,1470254,1468703.00,0,,
directory_depth_3,variantmeshes\wh_variantmodels\sn1,31,31,100.00,0,0.00,0,0.00,0,0.00,0,0.00,10814306,31,10814306,23788,705368,348848.58,0,,
directory_depth_3,variantmeshes\wh_variantmodels\sn1b,2,2,100.00,0,0.00,0,0.00,0,0.00,0,0.00,1885662,2,1885662,355628,1530034,942831.00,0,,
directory_depth_3,variantmeshes\wh_variantmodels\sn2,7,7,100.00,0,0.00,0,0.00,0,0.00,0,0.00,7279514,7,7279514,157512,1631620,1039930.57,0,,
directory_depth_3,variantmeshes\wh_variantmodels\sn2b,16,16,100.00,0,0.00,0,0.00,0,0.00,0,0.00,9219694,16,9219694,87312,2062394,576230.88,0,,
directory_depth_3,variantmeshes\wh_variantmodels\sn2c,16,16,100.00,0,0.00,0,0.00,0,0.00,0,0.00,10408278,16,10408278,13384,3989448,650517.38,0,,
directory_depth_3,variantmeshes\wh_variantmodels\sn3,18,18,100.00,0,0.00,0,0.00,0,0.00,0,0.00,5599724,18,5599724,19164,1942162,311095.78,0,,
directory_depth_3,variantmeshes\wh_variantmodels\sn4,1,1,100.00,0,0.00,0,0.00,0,0.00,0,0.00,1865842,1,1865842,1865842,1865842,1865842.00,0,,
directory_depth_3,variantmeshes\wh_variantmodels\sp1,16,16,100.00,0,0.00,0,0.00,0,0.00,0,0.00,7820072,16,7820072,27016,1367038,488754.50,0,,
directory_depth_3,variantmeshes\wh_variantmodels\sp1b,3,3,100.00,0,0.00,0,0.00,0,0.00,0,0.00,2905506,3,2905506,719980,1465546,968502.00,0,,
directory_depth_3,variantmeshes\wh_variantmodels\spt1,3,3,100.00,0,0.00,0,0.00,0,0.00,0,0.00,54756,3,54756,17564,18596,18252.00,0,,
directory_depth_3,variantmeshes\wh_variantmodels\st1,24,24,100.00,0,0.00,0,0.00,0,0.00,0,0.00,11719782,24,11719782,23064,641670,488324.25,0,,
directory_depth_3,variantmeshes\wh_variantmodels\swarm01,2,2,100.00,0,0.00,0,0.00,0,0.00,0,0.00,187870,2,187870,91212,96658,93935.00,0,,
directory_depth_3,variantmeshes\wh_variantmodels\tc2,1,1,100.00,0,0.00,0,0.00,0,0.00,0,0.00,83986,1,83986,83986,83986,83986.00,0,,
directory_depth_3,variantmeshes\wh_variantmodels\throne01,24,24,100.00,0,0.00,0,0.00,0,0.00,0,0.00,16380958,24,16380958,108860,1370130,682539.92,0,,
directory_depth_3,variantmeshes\wh_variantmodels\to1,4,4,100.00,0,0.00,0,0.00,0,0.00,0,0.00,2503640,4,2503640,34688,827752,625910.00,0,,
directory_depth_3,variantmeshes\wh_variantmodels\wf1,46,46,100.00,0,0.00,0,0.00,0,0.00,0,0.00,17718346,46,17718346,16352,1304558,385181.43,0,,
directory_depth_3,variantmeshes\wh_variantmodels\wsh1,7,7,100.00,0,0.00,0,0.00,0,0.00,0,0.00,13213962,7,13213962,1008768,2334446,1887708.86,0,,
directory_depth_3,vfx\models,560,560,100.00,0,0.00,0,0.00,0,0.00,0,0.00,37326238,560,37326238,1388,6007634,66654.00,0,,
directory_depth_3,vfx\models\pebbles,3,3,100.00,0,0.00,0,0.00,0,0.00,0,0.00,16836,3,16836,5272,5884,5612.00,0,,
directory_depth_3,vfx\models\rigid_anim,6,6,100.00,0,0.00,0,0.00,0,0.00,0,0.00,1312296,6,1312296,68460,392912,218716.00,0,,
directory_depth_3,vfx\models\vortex,17,17,100.00,0,0.00,0,0.00,0,0.00,0,0.00,1041108,17,1041108,1668,255344,61241.65,0,,
directory_depth_3,vfx\models\weighted_anim,4,4,100.00,0,0.00,0,0.00,0,0.00,0,0.00,2653134,4,2653134,26660,2366430,663283.50,0,,
directory_depth_3,vfx\models\wood_splinters,3,3,100.00,0,0.00,0,0.00,0,0.00,0,0.00,12168,3,12168,3104,4736,4056.00,0,,
directory_depth_3,warmachines\aircraft\cth_sky_junk,1,1,100.00,0,0.00,0,0.00,0,0.00,0,0.00,5189948,1,5189948,5189948,5189948,5189948.00,0,,
directory_depth_3,warmachines\aircraft\cth_sky_lantern,1,1,100.00,0,0.00,0,0.00,0,0.00,0,0.00,1808992,1,1808992,1808992,1808992,1808992.00,0,,
directory_depth_3,warmachines\aircraft\dwf_gyrobomber,7,7,100.00,0,0.00,0,0.00,0,0.00,0,0.00,1493634,7,1493634,40876,988256,213376.29,0,,
directory_depth_3,warmachines\aircraft\dwf_gyrocopter,8,8,100.00,0,0.00,0,0.00,0,0.00,0,0.00,1352956,8,1352956,8192,926090,169119.50,0,,
directory_depth_3,warmachines\aircraft\dwf_thunderbarge,24,24,100.00,0,0.00,0,0.00,0,0.00,0,0.00,12882680,24,12882680,140,7061012,536778.33,0,,
directory_depth_3,warmachines\carriage\emp_luminark,6,6,100.00,0,0.00,0,0.00,0,0.00,0,0.00,22911840,6,22911840,3659560,3938778,3818640.00,0,,
directory_depth_3,warmachines\carriage\emp_war_altar,3,3,100.00,0,0.00,0,0.00,0,0.00,0,0.00,8272744,3,8272744,2668892,2820262,2757581.33,0,,
directory_depth_3,warmachines\carriage\vmp_black_coach,3,3,100.00,0,0.00,0,0.00,0,0.00,0,0.00,3091946,3,3091946,761948,1494062,1030648.67,0,,
directory_depth_3,warmachines\chariot\bst_razorgor_chariot,3,3,100.00,0,0.00,0,0.00,0,0.00,0,0.00,3424252,3,3424252,997960,1342364,1141417.33,0,,
directory_depth_3,warmachines\chariot\bst_tuskgor_chariot,3,3,100.00,0,0.00,0,0.00,0,0.00,0,0.00,6239040,3,6239040,1148632,2547000,2079680.00,0,,
directory_depth_3,warmachines\chariot\chd_iron_daemon_train,1,1,100.00,0,0.00,0,0.00,0,0.00,0,0.00,2711656,1,2711656,2711656,2711656,2711656.00,0,,
directory_depth_3,warmachines\chariot\chs_chariot,6,6,100.00,0,0.00,0,0.00,0,0.00,0,0.00,7275708,6,7275708,836084,2018880,1212618.00,0,,
directory_depth_3,warmachines\chariot\chs_gorebeast_chariot,3,3,100.00,0,0.00,0,0.00,0,0.00,0,0.00,2589894,3,2589894,851658,886578,863298.00,0,,
directory_depth_3,warmachines\chariot\dae_chariot_khorne,3,3,100.00,0,0.00,0,0.00,0,0.00,0,0.00,2419536,3,2419536,802986,810602,806512.00,0,,
directory_depth_3,warmachines\chariot\dae_gorebeast_chariot,3,3,100.00,0,0.00,0,0.00,0,0.00,0,0.00,2518278,3,2518278,763624,898500,839426.00,0,,
directory_depth_3,warmachines\chariot\dae_palanquin_kugath,2,2,100.00,0,0.00,0,0.00,0,0.00,0,0.00,4021212,2,4021212,1704072,2317140,2010606.00,0,,
directory_depth_3,warmachines\chariot\dae_seeker_chariot,9,9,100.00,0,0.00,0,0.00,0,0.00,0,0.00,10972024,9,10972024,908716,1838098,1219113.78,0,,
directory_depth_3,warmachines\chariot\def_coldone_chariot,3,3,100.00,0,0.00,0,0.00,0,0.00,0,0.00,2429116,3,2429116,776268,855082,809705.33,0,,
directory_depth_3,warmachines\chariot\def_scourgerunner_chariot,3,3,100.00,0,0.00,0,0.00,0,0.00,0,0.00,4707558,3,4707558,1272854,1993992,1569186.00,0,,
directory_depth_3,warmachines\chariot\emp_war_wagon,8,8,100.00,0,0.00,0,0.00,0,0.00,0,0.00,28212132,8,28212132,2080638,5473352,3526516.50,0,,
directory_depth_3,warmachines\chariot\grn_boar_chariot,3,3,100.00,0,0.00,0,0.00,0,0.00,0,0.00,1505992,3,1505992,469276,559264,501997.33,0,,
directory_depth_3,warmachines\chariot\grn_grom_chariot,3,3,100.00,0,0.00,0,0.00,0,0.00,0,0.00,1739412,3,1739412,557316,591790,579804.00,0,,
directory_depth_3,warmachines\chariot\grn_wolf_chariot,3,3,100.00,0,0.00,0,0.00,0,0.00,0,0.00,1242878,3,1242878,392788,451682,414292.67,0,,
directory_depth_3,warmachines\chariot\hef_tiranoc_chariot,3,3,100.00,0,0.00,0,0.00,0,0.00,0,0.00,2478104,3,2478104,761694,876084,826034.67,0,,
directory_depth_3,warmachines\chariot\hef_white_lion_chariot,3,3,100.00,0,0.00,0,0.00,0,0.00,0,0.00,1950420,3,1950420,649134,651950,650140.00,0,,
directory_depth_3,warmachines\chariot\ksl_katarin_sled,5,5,100.00,0,0.00,0,0.00,0,0.00,0,0.00,9543478,5,9543478,468242,3264684,1908695.60,0,,
directory_depth_3,warmachines\chariot\ksl_ostankya_sled,3,3,100.00,0,0.00,0,0.00,0,0.00,0,0.00,5381506,3,5381506,1564716,2124976,1793835.33,0,,
directory_depth_3,warmachines\chariot\ksl_warsled,6,6,100.00,0,0.00,0,0.00,0,0.00,0,0.00,14453652,6,14453652,2207616,2529272,2408942.00,0,,
directory_depth_3,warmachines\chariot\lzd_slann_platform,9,9,100.00,0,0.00,0,0.00,0,0.00,0,0.00,9697836,9,9697836,187084,2609658,1077537.33,0,,
directory_depth_3,warmachines\chariot\tmb_arkhan_chariot,3,3,100.00,0,0.00,0,0.00,0,0.00,0,0.00,1575754,3,1575754,281702,937872,525251.33,0,,
directory_depth_3,warmachines\chariot\tmb_basic_chariot,3,3,100.00,0,0.00,0,0.00,0,0.00,0,0.00,1330224,3,1330224,413586,476182,443408.00,0,,
directory_depth_3,warmachines\chariot\tmb_chariot_of_the_gods,3,3,100.00,0,0.00,0,0.00,0,0.00,0,0.00,1368186,3,1368186,411994,504950,456062.00,0,,
directory_depth_3,warmachines\chariot\tmb_general_chariot,3,3,100.00,0,0.00,0,0.00,0,0.00,0,0.00,695808,3,695808,210904,255660,231936.00,0,,
directory_depth_3,warmachines\chariot\vmp_corpse_cart,11,11,100.00,0,0.00,0,0.00,0,0.00,0,0.00,28861030,11,28861030,2336352,2878046,2623730.00,0,,
directory_depth_3,warmachines\chariot\vmp_mortis_engine,3,3,100.00,0,0.00,0,0.00,0,0.00,0,0.00,3534318,3,3534318,1171394,1190306,1178106.00,0,,
directory_depth_3,warmachines\engines\brt_trebuchet,3,3,100.00,0,0.00,0,0.00,0,0.00,0,0.00,2406924,3,2406924,788556,817938,802308.00,0,,
directory_depth_3,warmachines\engines\chd_deathshrieker,5,5,100.00,0,0.00,0,0.00,0,0.00,0,0.00,15889508,5,15889508,161484,4264930,3177901.60,0,,
directory_depth_3,warmachines\engines\chd_dreadquake,5,5,100.00,0,0.00,0,0.00,0,0.00,0,0.00,15560910,5,15560910,106408,4836730,3112182.00,0,,
directory_depth_3,warmachines\engines\chd_dreadquake_mortar,1,1,100.00,0,0.00,0,0.00,0,0.00,0,0.00,1006654,1,1006654,1006654,1006654,1006654.00,0,,
directory_depth_3,warmachines\engines\chd_iron_daemon,6,6,100.00,0,0.00,0,0.00,0,0.00,0,0.00,29121362,6,29121362,1961102,5499098,4853560.33,0,,
directory_depth_3,warmachines\engines\chd_magma_cannon,5,5,100.00,0,0.00,0,0.00,0,0.00,0,0.00,17943780,5,17943780,18516,4492590,3588756.00,0,,
directory_depth_3,warmachines\engines\chd_skullcracker,3,3,100.00,0,0.00,0,0.00,0,0.00,0,0.00,19066884,3,19066884,5903616,7253226,6355628.00,0,,
directory_depth_3,warmachines\engines\chs_hellcannon,3,3,100.00,0,0.00,0,0.00,0,0.00,0,0.00,7199744,3,7199744,2184244,2628998,2399914.67,0,,
directory_depth_3,warmachines\engines\cst_carrionade,3,3,100.00,0,0.00,0,0.00,0,0.00,0,0.00,2601586,3,2601586,723998,960636,867195.33,0,,
directory_depth_3,warmachines\engines\cst_mortar,3,3,100.00,0,0.00,0,0.00,0,0.00,0,0.00,1742022,3,1742022,555188,623686,580674.00,0,,
directory_depth_3,warmachines\engines\cst_queen_bess,3,3,100.00,0,0.00,0,0.00,0,0.00,0,0.00,11736404,3,11736404,3809642,4074084,3912134.67,0,,
directory_depth_3,warmachines\engines\cth_fire_rain_rocket_battery,3,3,100.00,0,0.00,0,0.00,0,0.00,0,0.00,4142308,3,4142308,1321872,1411914,1380769.33,0,,
directory_depth_3,warmachines\engines\cth_grand_cannon,3,3,100.00,0,0.00,0,0.00,0,0.00,0,0.00,3965528,3,3965528,1282728,1367352,1321842.67,0,,
directory_depth_3,warmachines\engines\cth_war_compass,2,2,100.00,0,0.00,0,0.00,0,0.00,0,0.00,6744856,2,6744856,3333640,3411216,3372428.00,0,,
directory_depth_3,warmachines\engines\cth_war_drum,6,6,100.00,0,0.00,0,0.00,0,0.00,0,0.00,10878492,6,10878492,1654378,1933916,1813082.00,0,,
directory_depth_3,warmachines\engines\dae_skullcannon,21,21,100.00,0,0.00,0,0.00,0,0.00,0,0.00,34919708,21,34919708,156958,4233444,1662843.24,0,,
directory_depth_3,warmachines\engines\def_bloodcauldron,3,3,100.00,0,0.00,0,0.00,0,0.00,0,0.00,5851028,3,5851028,1725096,2142942,1950342.67,0,,
directory_depth_3,warmachines\engines\def_bloodwrack_shrine,3,3,100.00,0,0.00,0,0.00,0,0.00,0,0.00,6743900,3,6743900,2166340,2394440,2247966.67,0,,
directory_depth_3,warmachines\engines\def_reaper_bolt_thrower,3,3,100.00,0,0.00,0,0.00,0,0.00,0,0.00,1541180,3,1541180,311646,661820,513726.67,0,,
directory_depth_3,warmachines\engines\dwf_bolt_thrower,2,2,100.00,0,0.00,0,0.00,0,0.00,0,0.00,1902264,2,1902264,835530,1066734,951132.00,0,,
directory_depth_3,warmachines\engines\dwf_cannon,3,3,100.00,0,0.00,0,0.00,0,0.00,0,0.00,2400562,3,2400562,787772,819046,800187.33,0,,
directory_depth_3,warmachines\engines\dwf_flame_cannon,3,3,100.00,0,0.00,0,0.00,0,0.00,0,0.00,2628770,3,2628770,823686,910274,876256.67,0,,
directory_depth_3,warmachines\engines\dwf_goblin_hewer,4,4,100.00,0,0.00,0,0.00,0,0.00,0,0.00,11741648,4,11741648,24796,4041002,2935412.00,0,,
directory_depth_3,warmachines\engines\dwf_grudge_thrower,3,3,100.00,0,0.00,0,0.00,0,0.00,0,0.00,2155962,3,2155962,712804,724894,718654.00,0,,
directory_depth_3,warmachines\engines\dwf_organ_gun,3,3,100.00,0,0.00,0,0.00,0,0.00,0,0.00,3074816,3,3074816,1007896,1037240,1024938.67,0,,
directory_depth_3,warmachines\engines\emp_great_cannon,6,6,100.00,0,0.00,0,0.00,0,0.00,0,0.00,3537736,6,3537736,586946,592624,589622.67,0,,
directory_depth_3,warmachines\engines\emp_helblaster,3,3,100.00,0,0.00,0,0.00,0,0.00,0,0.00,7176470,3,7176470,2137960,2865746,2392156.67,0,,
directory_depth_3,warmachines\engines\emp_helstorm,7,7,100.00,0,0.00,0,0.00,0,0.00,0,0.00,13774472,7,13774472,38180,3016518,1967781.71,0,,
directory_depth_3,warmachines\engines\emp_mortar,3,3,100.00,0,0.00,0,0.00,0,0.00,0,0.00,1798388,3,1798388,564012,628344,599462.67,0,,
directory_depth_3,warmachines\engines\emp_steam_tank,9,9,100.00,0,0.00,0,0.00,0,0.00,0,0.00,15644972,9,15644972,59252,3329230,1738330.22,0,,
directory_depth_3,warmachines\engines\emp_steam_tank_hellblaster,5,5,100.00,0,0.00,0,0.00,0,0.00,0,0.00,8393392,5,8393392,149228,3457486,1678678.40,0,,
directory_depth_3,warmachines\engines\grn_bolt_throwa,9,9,100.00,0,0.00,0,0.00,0,0.00,0,0.00,6613088,9,6613088,506542,965008,734787.56,0,,
directory_depth_3,warmachines\engines\grn_doomdiver_catapult,3,3,100.00,0,0.00,0,0.00,0,0.00,0,0.00,1689776,3,1689776,543508,602760,563258.67,0,,
directory_depth_3,warmachines\engines\grn_rocklobber,3,3,100.00,0,0.00,0,0.00,0,0.00,0,0.00,2716888,3,2716888,755532,1021984,905629.33,0,,
directory_depth_3,warmachines\engines\grn_snotling_pump_wagon,8,8,100.00,0,0.00,0,0.00,0,0.00,0,0.00,17186538,8,17186538,593634,3756976,2148317.25,0,,
directory_depth_3,warmachines\engines\hef_eagleclaw_bolt_thrower,3,3,100.00,0,0.00,0,0.00,0,0.00,0,0.00,1573850,3,1573850,512054,537424,524616.67,0,,
directory_depth_3,warmachines\engines\ksl_little_grom,8,8,100.00,0,0.00,0,0.00,0,0.00,0,0.00,3265860,8,3265860,10302,1095324,408232.50,0,,
directory_depth_3,warmachines\engines\mar_land_ship,6,6,100.00,0,0.00,0,0.00,0,0.00,0,0.00,13422486,6,13422486,30164,4488026,2237081.00,0,,
directory_depth_3,warmachines\engines\ogr_gnoblar_scraplauncher,3,3,100.00,0,0.00,0,0.00,0,0.00,0,0.00,6244446,3,6244446,1278002,2893910,2081482.00,0,,
directory_depth_3,warmachines\engines\ogr_ironblaster,3,3,100.00,0,0.00,0,0.00,0,0.00,0,0.00,10019114,3,10019114,1664782,4988926,3339704.67,0,,
directory_depth_3,warmachines\engines\skv_doom_flayer,3,3,100.00,0,0.00,0,0.00,0,0.00,0,0.00,2856864,3,2856864,927214,975280,952288.00,0,,
directory_depth_3,warmachines\engines\skv_doomwheel,3,3,100.00,0,0.00,0,0.00,0,0.00,0,0.00,7928406,3,7928406,2394080,2801314,2642802.00,0,,
directory_depth_3,warmachines\engines\skv_lightning_cannon,3,3,100.00,0,0.00,0,0.00,0,0.00,0,0.00,3487892,3,3487892,1112980,1188418,1162630.67,0,,
directory_depth_3,warmachines\engines\skv_plague_furnace,3,3,100.00,0,0.00,0,0.00,0,0.00,0,0.00,6045754,3,6045754,1026992,3695348,2015251.33,0,,
directory_depth_3,warmachines\engines\skv_plagueclaw,3,3,100.00,0,0.00,0,0.00,0,0.00,0,0.00,2357004,3,2357004,661524,962440,785668.00,0,,
directory_depth_3,warmachines\engines\skv_screaming_bell,3,3,100.00,0,0.00,0,0.00,0,0.00,0,0.00,4978512,3,4978512,1208480,2439816,1659504.00,0,,
directory_depth_3,warmachines\engines\tmb_casket_of_souls,3,3,100.00,0,0.00,0,0.00,0,0.00,0,0.00,5413744,3,5413744,1059300,3056504,1804581.33,0,,
directory_depth_3,warmachines\engines\tmb_skull_catapult,3,3,100.00,0,0.00,0,0.00,0,0.00,0,0.00,7827414,3,7827414,2484044,2683228,2609138.00,0,,
original_size_bucket,<4 KiB,3203,1800,56.20,1367,42.68,36,1.12,0,0.00,1403,43.80,2696349,3203,3125184,140,4084,975.71,485473,914308,53.10
original_size_bucket,4 KiB-<8 KiB,676,598,88.46,60,8.88,18,2.66,0,0.00,78,11.54,3886479,676,4086780,4096,8184,6045.53,247871,448172,55.31
original_size_bucket,8 KiB-<16 KiB,1761,1490,84.61,194,11.02,77,4.37,0,0.00,271,15.39,20283433,1761,21558544,8192,16380,12242.22,1859753,3134864,59.32
original_size_bucket,16 KiB-<32 KiB,2595,2523,97.23,41,1.58,31,1.19,0,0.00,72,2.77,61409131,2595,62012932,16388,32760,23897.08,984497,1588298,61.98
original_size_bucket,32 KiB-<64 KiB,2821,2705,95.89,55,1.95,61,2.16,0,0.00,116,4.11,130362939,2821,132849440,32772,65514,47093.03,3163575,5650076,55.99
original_size_bucket,64 KiB-<128 KiB,2706,2627,97.08,66,2.44,13,0.48,0,0.00,79,2.92,252095235,2706,254423764,65548,131020,94022.09,5370845,7699374,69.76
original_size_bucket,128 KiB-<256 KiB,2921,2697,92.33,222,7.60,2,0.07,0,0.00,224,7.67,551613256,2921,560683004,131080,262072,191948.99,33643846,42713594,78.77
original_size_bucket,256 KiB-<512 KiB,3008,2953,98.17,55,1.83,0,0.00,0,0.00,55,1.83,1124687277,3008,1130619272,262198,524274,375870.77,12583895,18515890,67.96
original_size_bucket,512 KiB-<1 MiB,2198,2150,97.82,48,2.18,0,0.00,0,0.00,48,2.18,1601189155,2198,1621317906,524372,1048208,737633.26,18592629,38721380,48.02
original_size_bucket,1 MiB-<2 MiB,1274,1223,96.00,51,4.00,0,0.00,0,0.00,51,4.00,1813373853,1274,1851760380,1049316,2094530,1453501.08,35979329,74365856,48.38
original_size_bucket,2 MiB-<4 MiB,375,349,93.07,26,6.93,0,0.00,0,0.00,26,6.93,1014175547,375,1051949848,2098734,4130064,2805199.59,35646787,73421088,48.55
original_size_bucket,4 MiB-<8 MiB,79,74,93.67,5,6.33,0,0.00,0,0.00,5,6.33,390759453,79,403503808,4231226,8278834,5107643.14,15661969,28406324,55.14
original_size_bucket,8 MiB-<16 MiB,1,0,0.00,1,100.00,0,0.00,0,0.00,1,100.00,5529623,1,11434460,11434460,11434460,11434460.00,5529623,11434460,48.36
content_prefix,524d563206000000010000000000000000000000000000000000000000000000,27,25,92.59,0,0.00,2,7.41,0,0.00,2,7.41,641744,27,689262,1412,76852,25528.22,21634,69152,31.28
content_prefix,524d563206000000010000006275696c64696e67000000000000000000000000,13,13,100.00,0,0.00,0,0.00,0,0.00,0,0.00,1069572,13,1069572,11848,198296,82274.77,0,,
content_prefix,524d563206000000020000000000000000000000000000000000000000000000,69,69,100.00,0,0.00,0,0.00,0,0.00,0,0.00,3646162,69,3646162,6356,273648,52842.93,0,,
content_prefix,524d563207000000000000000000000000000000000000000000000000000000,1010,0,0.00,1010,100.00,0,0.00,0,0.00,1010,100.00,40400,1010,141400,140,140,140.00,40400,141400,28.57
content_prefix,524d563207000000010000000000000000000000000000000000000000000000,2732,2197,80.42,416,15.23,119,4.36,0,0.00,535,19.58,313501793,2732,325803502,576,5321680,119254.58,50311931,62613640,80.35
content_prefix,524d563207000000010000006261646d6f6f6e30310000000000000000000000,1,1,100.00,0,0.00,0,0.00,0,0.00,0,0.00,52560,1,52560,52560,52560,52560.00,0,,
content_prefix,524d563207000000010000006275696c64696e67000000000000000000000000,484,484,100.00,0,0.00,0,0.00,0,0.00,0,0.00,229326840,484,229326840,5968,4615016,473815.79,0,,
content_prefix,524d5632070000000100000063616d706169676e626c6f6f646361756c64726f,5,5,100.00,0,0.00,0,0.00,0,0.00,0,0.00,1813268,5,1813268,23164,840206,362653.60,0,,
content_prefix,524d5632070000000100000063616d706169676e636f6c646f6e656368617269,1,1,100.00,0,0.00,0,0.00,0,0.00,0,0.00,350880,1,350880,350880,350880,350880.00,0,,
content_prefix,524d5632070000000100000063616d706169676e636f72707365636172743031,5,5,100.00,0,0.00,0,0.00,0,0.00,0,0.00,3113870,5,3113870,76572,1060858,622774.00,0,,
content_prefix,524d5632070000000100000063616d706169676e72617a6f72676f7263686172,2,2,100.00,0,0.00,0,0.00,0,0.00,0,0.00,402282,2,402282,31314,370968,201141.00,0,,
content_prefix,524d5632070000000100000063616d706169676e746972616e6f636368617269,5,5,100.00,0,0.00,0,0.00,0,0.00,0,0.00,1261954,5,1261954,30754,387804,252390.80,0,,
content_prefix,524d5632070000000100000063616d706169676e746f6d6263686172696f7430,4,4,100.00,0,0.00,0,0.00,0,0.00,0,0.00,1269552,4,1269552,214012,455210,317388.00,0,,
content_prefix,524d5632070000000100000063616d706169676e7475736b676f726368617269,2,2,100.00,0,0.00,0,0.00,0,0.00,0,0.00,402282,2,402282,31314,370968,201141.00,0,,
content_prefix,524d5632070000000100000063616d706169676e776172616c74617230310000,3,3,100.00,0,0.00,0,0.00,0,0.00,0,0.00,1643324,3,1643324,316486,1010352,547774.67,0,,
content_prefix,524d56320700000001000000636170747572655f666c61675f30310000000000,1,0,0.00,0,0.00,1,100.00,0,0.00,1,100.00,4379,1,9760,9760,9760,9760.00,4379,9760,44.87
content_prefix,524d5632070000000100000063696e655f746f6d655f6f665f66617465730000,1,1,100.00,0,0.00,0,0.00,0,0.00,0,0.00,4019576,1,4019576,4019576,4019576,4019576.00,0,,
content_prefix,524d5632070000000100000067656e6572696300000000000000000000000000,17,17,100.00,0,0.00,0,0.00,0,0.00,0,0.00,7958832,17,7958832,210580,969632,468166.59,0,,
content_prefix,524d5632070000000100000068756d616e6f6964303100000000000000000000,1,1,100.00,0,0.00,0,0.00,0,0.00,0,0.00,3784,1,3784,3784,3784,3784.00,0,,
content_prefix,524d5632070000000100000068756d616e6f6964303164000000000000000000,1,1,100.00,0,0.00,0,0.00,0,0.00,0,0.00,3784,1,3784,3784,3784,3784.00,0,,
content_prefix,524d5632070000000100000068756d616e6f6964303200000000000000000000,1,1,100.00,0,0.00,0,0.00,0,0.00,0,0.00,3784,1,3784,3784,3784,3784.00,0,,
content_prefix,524d5632070000000100000068756d616e6f6964303500000000000000000000,1,1,100.00,0,0.00,0,0.00,0,0.00,0,0.00,3784,1,3784,3784,3784,3784.00,0,,
content_prefix,524d5632070000000100000068756d616e6f6964303700000000000000000000,1,1,100.00,0,0.00,0,0.00,0,0.00,0,0.00,3784,1,3784,3784,3784,3784.00,0,,
content_prefix,524d5632070000000100000068756d616e6f6964313700000000000000000000,1,1,100.00,0,0.00,0,0.00,0,0.00,0,0.00,3868,1,3868,3868,3868,3868.00,0,,
content_prefix,524d563207000000010000006b756761746870616c616e7175696e3031000000,1,1,100.00,0,0.00,0,0.00,0,0.00,0,0.00,1704072,1,1704072,1704072,1704072,1704072.00,0,,
content_prefix,524d563207000000010000006d6f756e64303100000000000000000000000000,1,1,100.00,0,0.00,0,0.00,0,0.00,0,0.00,222528,1,222528,222528,222528,222528.00,0,,
content_prefix,524d56320700000001000000705f636c617730315f6875313700000000000000,1,1,100.00,0,0.00,0,0.00,0,0.00,0,0.00,56434,1,56434,56434,56434,56434.00,0,,
content_prefix,524d56320700000001000000705f73686f7274626f7730315f68753500000000,1,1,100.00,0,0.00,0,0.00,0,0.00,0,0.00,18480,1,18480,18480,18480,18480.00,0,,
content_prefix,524d56320700000001000000705f7768697030315f6875323100000000000000,1,1,100.00,0,0.00,0,0.00,0,0.00,0,0.00,30336,1,30336,30336,30336,30336.00,0,,
content_prefix,524d56320700000001000000706c6174666f726d303100000000000000000000,1,1,100.00,0,0.00,0,0.00,0,0.00,0,0.00,190988,1,190988,190988,190988,190988.00,0,,
content_prefix,524d5632070000000100000073656166616e6773686970303100000000000000,1,1,100.00,0,0.00,0,0.00,0,0.00,0,0.00,690506,1,690506,690506,690506,690506.00,0,,
content_prefix,524d5632070000000100000073657270656e7430310000000000000000000000,6,6,100.00,0,0.00,0,0.00,0,0.00,0,0.00,100956,6,100956,15400,18596,16826.00,0,,
content_prefix,524d563207000000010000007370656c6c657965303100000000000000000000,1,1,100.00,0,0.00,0,0.00,0,0.00,0,0.00,31376,1,31376,31376,31376,31376.00,0,,
content_prefix,524d563207000000010000007370656c6c746565746830310000000000000000,1,1,100.00,0,0.00,0,0.00,0,0.00,0,0.00,39492,1,39492,39492,39492,39492.00,0,,
content_prefix,524d56320700000001000000746f6d6263686172696f74303100000000000000,2,2,100.00,0,0.00,0,0.00,0,0.00,0,0.00,680486,2,680486,229244,451242,340243.00,0,,
content_prefix,524d563207000000010000007573697269616e7368616e643031000000000000,1,1,100.00,0,0.00,0,0.00,0,0.00,0,0.00,71300,1,71300,71300,71300,71300.00,0,,
content_prefix,524d563207000000010000007666785f666c6f6174696e675f707972616d6964,1,1,100.00,0,0.00,0,0.00,0,0.00,0,0.00,2366430,1,2366430,2366430,2366430,2366430.00,0,,
content_prefix,524d563207000000010000007666785f666f6f745f6f665f676f726b00000000,1,1,100.00,0,0.00,0,0.00,0,0.00,0,0.00,422092,1,422092,422092,422092,422092.00,0,,
content_prefix,524d563207000000010000007666785f70656e64756c756d0000000000000000,1,1,100.00,0,0.00,0,0.00,0,0.00,0,0.00,197312,1,197312,197312,197312,197312.00,0,,
content_prefix,524d563207000000010000007666785f70696e73000000000000000000000000,1,1,100.00,0,0.00,0,0.00,0,0.00,0,0.00,26660,1,26660,26660,26660,26660.00,0,,
content_prefix,524d563207000000010000007666785f74686f726772696d5f61786530310000,1,1,100.00,0,0.00,0,0.00,0,0.00,0,0.00,23664,1,23664,23664,23664,23664.00,0,,
content_prefix,524d563207000000010000007768325f646c6330395f746d625f666c61677300,2,2,100.00,0,0.00,0,0.00,0,0.00,0,0.00,87320,2,87320,41636,45684,43660.00,0,,
content_prefix,524d563207000000020000000000000000000000000000000000000000000000,436,300,68.81,105,24.08,31,7.11,0,0.00,136,31.19,19500554,436,20030930,882,648344,45942.50,474090,1004466,47.20
content_prefix,524d563207000000020000006261743031000000000000000000000000000000,1,1,100.00,0,0.00,0,0.00,0,0.00,0,0.00,12624,1,12624,12624,12624,12624.00,0,,
content_prefix,524d563207000000020000006269676361743032000000000000000000000000,2,2,100.00,0,0.00,0,0.00,0,0.00,0,0.00,64096,2,64096,16408,47688,32048.00,0,,
content_prefix,524d563207000000020000006269676361743034000000000000000000000000,1,1,100.00,0,0.00,0,0.00,0,0.00,0,0.00,21172,1,21172,21172,21172,21172.00,0,,
content_prefix,524d563207000000020000006269726430330000000000000000000000000000,2,2,100.00,0,0.00,0,0.00,0,0.00,0,0.00,33972,2,33972,14204,19768,16986.00,0,,
content_prefix,524d56320700000002000000626f617230310000000000000000000000000000,3,3,100.00,0,0.00,0,0.00,0,0.00,0,0.00,61564,3,61564,16408,28748,20521.33,0,,
content_prefix,524d5632070000000200000063656e7461757230320000000000000000000000,1,1,100.00,0,0.00,0,0.00,0,0.00,0,0.00,15908,1,15908,15908,15908,15908.00,0,,
content_prefix,524d56320700000002000000646c6330325f6769623300000000000000000000,1,1,100.00,0,0.00,0,0.00,0,0.00,0,0.00,16076,1,16076,16076,16076,16076.00,0,,
content_prefix,524d5632070000000200000067686f7374303100000000000000000000000000,1,1,100.00,0,0.00,0,0.00,0,0.00,0,0.00,14392,1,14392,14392,14392,14392.00,0,,
content_prefix,524d56320700000002000000686f727365303100000000000000000000000000,10,10,100.00,0,0.00,0,0.00,0,0.00,0,0.00,209444,10,209444,16464,32424,20944.40,0,,
content_prefix,524d5632070000000200000068756d616e6f6964303100000000000000000000,44,44,100.00,0,0.00,0,0.00,0,0.00,0,0.00,809828,44,809828,13948,36152,18405.18,0,,
content_prefix,524d5632070000000200000068756d616e6f6964303162000000000000000000,6,6,100.00,0,0.00,0,0.00,0,0.00,0,0.00,106836,6,106836,13488,20264,17806.00,0,,
content_prefix,524d5632070000000200000068756d616e6f6964303163000000000000000000,8,8,100.00,0,0.00,0,0.00,0,0.00,0,0.00,149576,8,149576,15208,28848,18697.00,0,,
content_prefix,524d5632070000000200000068756d616e6f6964303164000000000000000000,28,28,100.00,0,0.00,0,0.00,0,0.00,0,0.00,616268,28,616268,17512,27288,22009.57,0,,
content_prefix,524d5632070000000200000068756d616e6f6964303200000000000000000000,6,6,100.00,0,0.00,0,0.00,0,0.00,0,0.00,112444,6,112444,15208,24456,18740.67,0,,
content_prefix,524d5632070000000200000068756d616e6f6964303300000000000000000000,12,12,100.00,0,0.00,0,0.00,0,0.00,0,0.00,219112,12,219112,15548,28928,18259.33,0,,
content_prefix,524d5632070000000200000068756d616e6f6964303463000000000000000000,1,1,100.00,0,0.00,0,0.00,0,0.00,0,0.00,21064,1,21064,21064,21064,21064.00,0,,
content_prefix,524d5632070000000200000068756d616e6f6964303466000000000000000000,1,1,100.00,0,0.00,0,0.00,0,0.00,0,0.00,32632,1,32632,32632,32632,32632.00,0,,
content_prefix,524d5632070000000200000068756d616e6f6964303500000000000000000000,7,7,100.00,0,0.00,0,0.00,0,0.00,0,0.00,109604,7,109604,13548,21048,15657.71,0,,
content_prefix,524d5632070000000200000068756d616e6f6964303700000000000000000000,3,3,100.00,0,0.00,0,0.00,0,0.00,0,0.00,60824,3,60824,19408,21408,20274.67,0,,
content_prefix,524d5632070000000200000068756d616e6f6964303762000000000000000000,2,2,100.00,0,0.00,0,0.00,0,0.00,0,0.00,40416,2,40416,19416,21000,20208.00,0,,
content_prefix,524d5632070000000200000068756d616e6f6964303800000000000000000000,1,1,100.00,0,0.00,0,0.00,0,0.00,0,0.00,15108,1,15108,15108,15108,15108.00,0,,
content_prefix,524d5632070000000200000068756d616e6f6964303863000000000000000000,2,2,100.00,0,0.00,0,0.00,0,0.00,0,0.00,37740,2,37740,15108,22632,18870.00,0,,
content_prefix,524d5632070000000200000068756d616e6f6964313062000000000000000000,1,1,100.00,0,0.00,0,0.00,0,0.00,0,0.00,21572,1,21572,21572,21572,21572.00,0,,
content_prefix,524d5632070000000200000068756d616e6f6964313200000000000000000000,1,1,100.00,0,0.00,0,0.00,0,0.00,0,0.00,32864,1,32864,32864,32864,32864.00,0,,
content_prefix,524d5632070000000200000068756d616e6f6964313700000000000000000000,10,10,100.00,0,0.00,0,0.00,0,0.00,0,0.00,211900,10,211900,18448,30772,21190.00,0,,
content_prefix,524d5632070000000200000068756d616e6f6964313800000000000000000000,1,1,100.00,0,0.00,0,0.00,0,0.00,0,0.00,17896,1,17896,17896,17896,17896.00,0,,
content_prefix,524d5632070000000200000068756d616e6f6964323000000000000000000000,2,2,100.00,0,0.00,0,0.00,0,0.00,0,0.00,41380,2,41380,16080,25300,20690.00,0,,
content_prefix,524d563207000000020000006879627269646372656174757265303200000000,2,2,100.00,0,0.00,0,0.00,0,0.00,0,0.00,50360,2,50360,19192,31168,25180.00,0,,
content_prefix,524d563207000000020000006c697a6172643031000000000000000000000000,1,1,100.00,0,0.00,0,0.00,0,0.00,0,0.00,33252,1,33252,33252,33252,33252.00,0,,
content_prefix,524d56320700000002000000726170746f723032000000000000000000000000,1,1,100.00,0,0.00,0,0.00,0,0.00,0,0.00,21044,1,21044,21044,21044,21044.00,0,,
content_prefix,524d56320700000002000000726170746f723033000000000000000000000000,4,4,100.00,0,0.00,0,0.00,0,0.00,0,0.00,74272,4,74272,16216,19944,18568.00,0,,
content_prefix,524d563207000000020000007370696465723031000000000000000000000000,1,1,100.00,0,0.00,0,0.00,0,0.00,0,0.00,27016,1,27016,27016,27016,27016.00,0,,
content_prefix,524d563207000000020000007374616730310000000000000000000000000000,2,2,100.00,0,0.00,0,0.00,0,0.00,0,0.00,46128,2,46128,23064,23064,23064.00,0,,
content_prefix,524d56320700000002000000776f6c6630310000000000000000000000000000,3,3,100.00,0,0.00,0,0.00,0,0.00,0,0.00,50812,3,50812,16352,18052,16937.33,0,,
content_prefix,524d563207000000030000000000000000000000000000000000000000000000,2305,2154,93.45,145,6.29,6,0.26,0,0.00,151,6.55,430282123,2305,431129096,1940,6007634,187040.82,1489745,2336718,63.75
content_prefix,524d563207000000030000006275696c64696e67000000000000000000000000,36,36,100.00,0,0.00,0,0.00,0,0.00,0,0.00,3799422,36,3799422,9252,733040,105539.50,0,,
content_prefix,524d563207000000030000006275726e696e675f686561640000000000000000,1,1,100.00,0,0.00,0,0.00,0,0.00,0,0.00,87180,1,87180,87180,87180,87180.00,0,,
content_prefix,524d56320700000003000000686f727365303100000000000000000000000000,2,2,100.00,0,0.00,0,0.00,0,0.00,0,0.00,260290,2,260290,81960,178330,130145.00,0,,
content_prefix,524d56320700000003000000705f7768697030315f6875313600000000000000,1,1,100.00,0,0.00,0,0.00,0,0.00,0,0.00,147988,1,147988,147988,147988,147988.00,0,,
content_prefix,524d56320700000003000000706c61677565636c61776361746170756c743031,1,1,100.00,0,0.00,0,0.00,0,0.00,0,0.00,661524,1,661524,661524,661524,661524.00,0,,
content_prefix,524d563207000000030000007374616730310000000000000000000000000000,2,2,100.00,0,0.00,0,0.00,0,0.00,0,0.00,128900,2,128900,55584,73316,64450.00,0,,
content_prefix,524d563207000000030000007472616e73706f72747368697030330000000000,3,3,100.00,0,0.00,0,0.00,0,0.00,0,0.00,673484,3,673484,180606,257994,224494.67,0,,
content_prefix,524d563207000000040000000000000000000000000000000000000000000000,1129,1128,99.91,0,0.00,1,0.09,0,0.00,1,0.09,160754348,1129,160827936,10364,4074084,142451.67,42972,116560,36.87
content_prefix,524d563207000000040000006170653031000000000000000000000000000000,1,1,100.00,0,0.00,0,0.00,0,0.00,0,0.00,928618,1,928618,928618,928618,928618.00,0,,
content_prefix,524d563207000000040000006265617230310000000000000000000000000000,1,1,100.00,0,0.00,0,0.00,0,0.00,0,0.00,2989662,1,2989662,2989662,2989662,2989662.00,0,,
content_prefix,524d563207000000040000006269676361743032000000000000000000000000,5,5,100.00,0,0.00,0,0.00,0,0.00,0,0.00,1928894,5,1928894,186444,675320,385778.80,0,,
content_prefix,524d563207000000040000006269676361743033000000000000000000000000,2,2,100.00,0,0.00,0,0.00,0,0.00,0,0.00,4046076,2,4046076,1659542,2386534,2023038.00,0,,
content_prefix,524d563207000000040000006269726430310000000000000000000000000000,7,7,100.00,0,0.00,0,0.00,0,0.00,0,0.00,5526194,7,5526194,75056,2272720,789456.29,0,,
content_prefix,524d563207000000040000006269726430320000000000000000000000000000,1,1,100.00,0,0.00,0,0.00,0,0.00,0,0.00,870210,1,870210,870210,870210,870210.00,0,,
content_prefix,524d563207000000040000006269726430330000000000000000000000000000,11,11,100.00,0,0.00,0,0.00,0,0.00,0,0.00,3445316,11,3445316,153100,483462,313210.55,0,,
content_prefix,524d563207000000040000006269726430340000000000000000000000000000,1,1,100.00,0,0.00,0,0.00,0,0.00,0,0.00,1425298,1,1425298,1425298,1425298,1425298.00,0,,
content_prefix,524d56320700000004000000626c61636b61726b303100000000000000000000,3,3,100.00,0,0.00,0,0.00,0,0.00,0,0.00,5197540,3,5197540,1414604,1989130,1732513.33,0,,
content_prefix,524d56320700000004000000626c6f6f646361756c64726f6e30310000000000,2,2,100.00,0,0.00,0,0.00,0,0.00,0,0.00,4309282,2,4309282,2142942,2166340,2154641.00,0,,
content_prefix,524d56320700000004000000626f617230310000000000000000000000000000,2,2,100.00,0,0.00,0,0.00,0,0.00,0,0.00,1506932,2,1506932,751798,755134,753466.00,0,,
content_prefix,524d56320700000004000000626f6c747468726f776572303162000000000000,1,1,100.00,0,0.00,0,0.00,0,0.00,0,0.00,524372,1,524372,524372,524372,524372.00,0,,
content_prefix,524d563207000000040000006275696c64696e67000000000000000000000000,49,49,100.00,0,0.00,0,0.00,0,0.00,0,0.00,73995200,49,73995200,27220,3852678,1510106.12,0,,
content_prefix,524d563207000000040000006275726e696e6763686172696f74303100000000,6,6,100.00,0,0.00,0,0.00,0,0.00,0,0.00,2665372,6,2665372,428626,462158,444228.67,0,,
content_prefix,524d5632070000000400000063616d5f6661756e615f626972645f3031000000,2,2,100.00,0,0.00,0,0.00,0,0.00,0,0.00,77196,2,77196,37404,39792,38598.00,0,,
content_prefix,524d5632070000000400000063616d706169676e6368616f7363686172696f74,1,1,100.00,0,0.00,0,0.00,0,0.00,0,0.00,144666,1,144666,144666,144666,144666.00,0,,
content_prefix,524d5632070000000400000063616d706169676e636f6c646f6e656368617269,2,2,100.00,0,0.00,0,0.00,0,0.00,0,0.00,2242748,2,2242748,1121374,1121374,1121374.00,0,,
content_prefix,524d5632070000000400000063616d706169676e646f6f6d776865656c303100,2,2,100.00,0,0.00,0,0.00,0,0.00,0,0.00,3650438,2,3650438,917426,2733012,1825219.00,0,,
content_prefix,524d5632070000000400000063616d706169676e67726f6d63686172696f7430,10,10,100.00,0,0.00,0,0.00,0,0.00,0,0.00,3828550,10,3828550,180694,599350,382855.00,0,,
content_prefix,524d5632070000000400000063616d706169676e73636f757267656368617269,3,3,100.00,0,0.00,0,0.00,0,0.00,0,0.00,3008064,3,3008064,855068,1294904,1002688.00,0,,
content_prefix,524d5632070000000400000063616d706169676e746972616e6f636368617269,6,6,100.00,0,0.00,0,0.00,0,0.00,0,0.00,7291694,6,7291694,585342,1933220,1215282.33,0,,
content_prefix,524d5632070000000400000063616d706169676e746f6d6263686172696f7430,6,6,100.00,0,0.00,0,0.00,0,0.00,0,0.00,4316836,6,4316836,68168,911182,719472.67,0,,
content_prefix,524d5632070000000400000063616d706169676e7475736b676f726368617269,3,3,100.00,0,0.00,0,0.00,0,0.00,0,0.00,3761216,3,3761216,752302,2253276,1253738.67,0,,
content_prefix,524d563207000000040000006361736b65745f736f756c733031000000000000,1,1,100.00,0,0.00,0,0.00,0,0.00,0,0.00,3056504,1,3056504,3056504,3056504,3056504.00,0,,
content_prefix,524d563207000000040000006361746170756c74303100000000000000000000,1,1,100.00,0,0.00,0,0.00,0,0.00,0,0.00,2484044,1,2484044,2484044,2484044,2484044.00,0,,
content_prefix,524d5632070000000400000063656e7461757230320000000000000000000000,6,6,100.00,0,0.00,0,0.00,0,0.00,0,0.00,4005104,6,4005104,189806,1176394,667517.33,0,,
content_prefix,524d563207000000040000006368616f7363686172696f743031000000000000,1,1,100.00,0,0.00,0,0.00,0,0.00,0,0.00,763624,1,763624,763624,763624,763624.00,0,,
content_prefix,524d56320700000004000000636f617374736869703031000000000000000000,25,25,100.00,0,0.00,0,0.00,0,0.00,0,0.00,23859108,25,23859108,34080,2239300,954364.32,0,,
content_prefix,524d56320700000004000000636f6c646f6e6563686172696f74303100000000,1,1,100.00,0,0.00,0,0.00,0,0.00,0,0.00,797766,1,797766,797766,797766,797766.00,0,,
content_prefix,524d56320700000004000000636f727073656361727430310000000000000000,3,3,100.00,0,0.00,0,0.00,0,0.00,0,0.00,7692398,3,7692398,2433894,2647118,2564132.67,0,,
content_prefix,524d56320700000004000000646f6f6d776865656c3031000000000000000000,1,1,100.00,0,0.00,0,0.00,0,0.00,0,0.00,2733012,1,2733012,2733012,2733012,2733012.00,0,,
content_prefix,524d56320700000004000000647261676f6e3031000000000000000000000000,3,3,100.00,0,0.00,0,0.00,0,0.00,0,0.00,1975260,3,1975260,498758,972440,658420.00,0,,
content_prefix,524d563207000000040000006477656c6c657261726d30310000000000000000,1,1,100.00,0,0.00,0,0.00,0,0.00,0,0.00,132306,1,132306,132306,132306,132306.00,0,,
content_prefix,524d56320700000004000000656c667465616d30310000000000000000000000,2,2,100.00,0,0.00,0,0.00,0,0.00,0,0.00,2808794,2,2808794,1404062,1404732,1404397.00,0,,
content_prefix,524d563207000000040000006669736830310000000000000000000000000000,1,1,100.00,0,0.00,0,0.00,0,0.00,0,0.00,123308,1,123308,123308,123308,123308.00,0,,
content_prefix,524d563207000000040000006769616e74303162000000000000000000000000,1,1,100.00,0,0.00,0,0.00,0,0.00,0,0.00,2347860,1,2347860,2347860,2347860,2347860.00,0,,
content_prefix,524d56320700000004000000677261696c303100000000000000000000000000,1,1,100.00,0,0.00,0,0.00,0,0.00,0,0.00,181404,1,181404,181404,181404,181404.00,0,,
content_prefix,524d5632070000000400000067726f6d63686172696f74303100000000000000,1,1,100.00,0,0.00,0,0.00,0,0.00,0,0.00,591790,1,591790,591790,591790,591790.00,0,,
content_prefix,524d563207000000040000006865617679717561647275706564303100000000,6,6,100.00,0,0.00,0,0.00,0,0.00,0,0.00,5718202,6,5718202,429308,1382588,953033.67,0,,
content_prefix,524d563207000000040000006865617679717561647275706564303300000000,6,6,100.00,0,0.00,0,0.00,0,0.00,0,0.00,24220090,6,24220090,2543998,5693880,4036681.67,0,,
content_prefix,524d563207000000040000006865617679736869703031000000000000000000,3,3,100.00,0,0.00,0,0.00,0,0.00,0,0.00,1267384,3,1267384,311224,527320,422461.33,0,,
content_prefix,524d563207000000040000006865617679736869703032000000000000000000,1,1,100.00,0,0.00,0,0.00,0,0.00,0,0.00,483154,1,483154,483154,483154,483154.00,0,,
content_prefix,524d563207000000040000006865617679736869703033000000000000000000,1,1,100.00,0,0.00,0,0.00,0,0.00,0,0.00,778880,1,778880,778880,778880,778880.00,0,,
content_prefix,524d563207000000040000006865617679736869703034000000000000000000,1,1,100.00,0,0.00,0,0.00,0,0.00,0,0.00,582446,1,582446,582446,582446,582446.00,0,,
content_prefix,524d56320700000004000000686f727365303100000000000000000000000000,24,24,100.00,0,0.00,0,0.00,0,0.00,0,0.00,8853634,24,8853634,96924,1302904,368901.42,0,,
content_prefix,524d56320700000004000000687531655f7465616d3031000000000000000000,12,12,100.00,0,0.00,0,0.00,0,0.00,0,0.00,4375860,12,4375860,224670,553778,364655.00,0,,
content_prefix,524d5632070000000400000068756d616e6f6964303100000000000000000000,187,187,100.00,0,0.00,0,0.00,0,0.00,0,0.00,50706910,187,50706910,25112,1353364,271159.95,0,,
content_prefix,524d5632070000000400000068756d616e6f6964303162000000000000000000,92,92,100.00,0,0.00,0,0.00,0,0.00,0,0.00,27569250,92,27569250,44088,795404,299665.76,0,,
content_prefix,524d5632070000000400000068756d616e6f6964303163000000000000000000,7,7,100.00,0,0.00,0,0.00,0,0.00,0,0.00,3821462,7,3821462,394028,675078,545923.14,0,,
content_prefix,524d5632070000000400000068756d616e6f6964303164000000000000000000,230,230,100.00,0,0.00,0,0.00,0,0.00,0,0.00,72230920,230,72230920,45352,1395668,314047.48,0,,
content_prefix,524d5632070000000400000068756d616e6f6964303200000000000000000000,8,8,100.00,0,0.00,0,0.00,0,0.00,0,0.00,3560984,8,3560984,209808,822650,445123.00,0,,
content_prefix,524d5632070000000400000068756d616e6f6964303300000000000000000000,1,1,100.00,0,0.00,0,0.00,0,0.00,0,0.00,1391252,1,1391252,1391252,1391252,1391252.00,0,,
content_prefix,524d5632070000000400000068756d616e6f6964303465000000000000000000,1,1,100.00,0,0.00,0,0.00,0,0.00,0,0.00,2136438,1,2136438,2136438,2136438,2136438.00,0,,
content_prefix,524d5632070000000400000068756d616e6f6964303500000000000000000000,6,6,100.00,0,0.00,0,0.00,0,0.00,0,0.00,1919404,6,1919404,203796,421758,319900.67,0,,
content_prefix,524d5632070000000400000068756d616e6f6964303600000000000000000000,5,5,100.00,0,0.00,0,0.00,0,0.00,0,0.00,1852744,5,1852744,349670,404450,370548.80,0,,
content_prefix,524d5632070000000400000068756d616e6f6964303700000000000000000000,40,40,100.00,0,0.00,0,0.00,0,0.00,0,0.00,19186496,40,19186496,190394,1154844,479662.40,0,,
content_prefix,524d5632070000000400000068756d616e6f6964303762000000000000000000,11,11,100.00,0,0.00,0,0.00,0,0.00,0,0.00,5247708,11,5247708,198172,878388,477064.36,0,,
content_prefix,524d5632070000000400000068756d616e6f6964303763000000000000000000,7,7,100.00,0,0.00,0,0.00,0,0.00,0,0.00,8355208,7,8355208,842086,1694810,1193601.14,0,,
content_prefix,524d5632070000000400000068756d616e6f6964303863000000000000000000,10,10,100.00,0,0.00,0,0.00,0,0.00,0,0.00,2123002,10,2123002,159990,372928,212300.20,0,,
content_prefix,524d5632070000000400000068756d616e6f6964303900000000000000000000,1,1,100.00,0,0.00,0,0.00,0,0.00,0,0.00,1935416,1,1935416,1935416,1935416,1935416.00,0,,
content_prefix,524d5632070000000400000068756d616e6f6964313162000000000000000000,1,1,100.00,0,0.00,0,0.00,0,0.00,0,0.00,4311854,1,4311854,4311854,4311854,4311854.00,0,,
content_prefix,524d5632070000000400000068756d616e6f6964313300000000000000000000,5,5,100.00,0,0.00,0,0.00,0,0.00,0,0.00,431356,5,431356,66674,127420,86271.20,0,,
content_prefix,524d5632070000000400000068756d616e6f6964313700000000000000000000,185,185,100.00,0,0.00,0,0.00,0,0.00,0,0.00,80376646,185,80376646,22708,1338694,434468.36,0,,
content_prefix,524d5632070000000400000068756d616e6f6964313800000000000000000000,14,14,100.00,0,0.00,0,0.00,0,0.00,0,0.00,10994778,14,10994778,451358,2004478,785341.29,0,,
content_prefix,524d5632070000000400000068756d616e6f6964313862000000000000000000,1,1,100.00,0,0.00,0,0.00,0,0.00,0,0.00,1636024,1,1636024,1636024,1636024,1636024.00,0,,
content_prefix,524d5632070000000400000068756d616e6f6964323000000000000000000000,15,15,100.00,0,0.00,0,0.00,0,0.00,0,0.00,4910810,15,4910810,129734,1099502,327387.33,0,,
content_prefix,524d563207000000040000006879627269646372656174757265303300000000,2,2,100.00,0,0.00,0,0.00,0,0.00,0,0.00,4959572,2,4959572,2248020,2711552,2479786.00,0,,
content_prefix,524d563207000000040000006879627269646372656174757265303800000000,2,2,100.00,0,0.00,0,0.00,0,0.00,0,0.00,2526038,2,2526038,1254828,1271210,1263019.00,0,,
content_prefix,524d563207000000040000006b756761746870616c616e7175696e3031000000,1,1,100.00,0,0.00,0,0.00,0,0.00,0,0.00,2317140,1,2317140,2317140,2317140,2317140.00,0,,
content_prefix,524d563207000000040000006c696768746e696e6763616e6e6f6e3031000000,1,1,100.00,0,0.00,0,0.00,0,0.00,0,0.00,1186494,1,1186494,1186494,1186494,1186494.00,0,,
content_prefix,524d563207000000040000006c69676874736869703031000000000000000000,3,3,100.00,0,0.00,0,0.00,0,0.00,0,0.00,477062,3,477062,143328,168126,159020.67,0,,
content_prefix,524d563207000000040000006c69676874736869703032000000000000000000,1,1,100.00,0,0.00,0,0.00,0,0.00,0,0.00,162478,1,162478,162478,162478,162478.00,0,,
content_prefix,524d563207000000040000006c69676874736869703033000000000000000000,1,1,100.00,0,0.00,0,0.00,0,0.00,0,0.00,253474,1,253474,253474,253474,253474.00,0,,
content_prefix,524d563207000000040000006c69676874736869703034000000000000000000,1,1,100.00,0,0.00,0,0.00,0,0.00,0,0.00,167570,1,167570,167570,167570,167570.00,0,,
content_prefix,524d563207000000040000006c697a6172643031000000000000000000000000,2,2,100.00,0,0.00,0,0.00,0,0.00,0,0.00,2018320,2,2018320,968276,1050044,1009160.00,0,,
content_prefix,524d563207000000040000006d616e7461726179303100000000000000000000,3,3,100.00,0,0.00,0,0.00,0,0.00,0,0.00,1332686,3,1332686,428626,462158,444228.67,0,,
content_prefix,524d563207000000040000006d656469756d7368697030340000000000000000,1,1,100.00,0,0.00,0,0.00,0,0.00,0,0.00,212710,1,212710,212710,212710,212710.00,0,,
content_prefix,524d563207000000040000006d6f727461723031000000000000000000000000,1,1,100.00,0,0.00,0,0.00,0,0.00,0,0.00,555188,1,555188,555188,555188,555188.00,0,,
content_prefix,524d563207000000040000006d6f72746973656e67696e653031000000000000,1,1,100.00,0,0.00,0,0.00,0,0.00,0,0.00,1171394,1,1171394,1171394,1171394,1171394.00,0,,
content_prefix,524d563207000000040000006e7572676c696e67303100000000000000000000,3,3,100.00,0,0.00,0,0.00,0,0.00,0,0.00,833414,3,833414,263250,301130,277804.67,0,,
content_prefix,524d563207000000040000006e7572676c696e67737761726d30310000000000,3,3,100.00,0,0.00,0,0.00,0,0.00,0,0.00,7998066,3,7998066,2625902,2702912,2666022.00,0,,
content_prefix,524d56320700000004000000705f626c6f777069706530315f68753700000000,1,1,100.00,0,0.00,0,0.00,0,0.00,0,0.00,68634,1,68634,68634,68634,68634.00,0,,
content_prefix,524d56320700000004000000705f626f6c617330315f68753700000000000000,1,1,100.00,0,0.00,0,0.00,0,0.00,0,0.00,119946,1,119946,119946,119946,119946.00,0,,
content_prefix,524d56320700000004000000705f626f6f6b30325f6875310000000000000000,1,1,100.00,0,0.00,0,0.00,0,0.00,0,0.00,92876,1,92876,92876,92876,92876.00,0,,
content_prefix,524d56320700000004000000705f626f7730315f676931000000000000000000,1,1,100.00,0,0.00,0,0.00,0,0.00,0,0.00,113426,1,113426,113426,113426,113426.00,0,,
content_prefix,524d56320700000004000000705f63656e73657230315f687531370000000000,1,1,100.00,0,0.00,0,0.00,0,0.00,0,0.00,229658,1,229658,229658,229658,229658.00,0,,
content_prefix,524d56320700000004000000705f63656e73657230325f687539620000000000,1,1,100.00,0,0.00,0,0.00,0,0.00,0,0.00,165968,1,165968,165968,165968,165968.00,0,,
content_prefix,524d56320700000004000000705f636861696e7330315f687531320000000000,1,1,100.00,0,0.00,0,0.00,0,0.00,0,0.00,56392,1,56392,56392,56392,56392.00,0,,
content_prefix,524d56320700000004000000705f636861696e7330325f687531320000000000,1,1,100.00,0,0.00,0,0.00,0,0.00,0,0.00,25696,1,25696,25696,25696,25696.00,0,,
content_prefix,524d56320700000004000000705f6372616e6567756e30315f68753165000000,1,1,100.00,0,0.00,0,0.00,0,0.00,0,0.00,68468,1,68468,68468,68468,68468.00,0,,
content_prefix,524d56320700000004000000705f63726f7373626f7730315f68753100000000,1,1,100.00,0,0.00,0,0.00,0,0.00,0,0.00,106402,1,106402,106402,106402,106402.00,0,,
content_prefix,524d56320700000004000000705f63726f7373626f7730325f68753133000000,1,1,100.00,0,0.00,0,0.00,0,0.00,0,0.00,139206,1,139206,139206,139206,139206.00,0,,
content_prefix,524d56320700000004000000705f6769616e74626c6f777069706530315f6875,1,1,100.00,0,0.00,0,0.00,0,0.00,0,0.00,64350,1,64350,64350,64350,64350.00,0,,
content_prefix,524d56320700000004000000705f6861697230315f6875316200000000000000,1,1,100.00,0,0.00,0,0.00,0,0.00,0,0.00,210646,1,210646,210646,210646,210646.00,0,,
content_prefix,524d56320700000004000000705f6861697230325f6875316200000000000000,1,1,100.00,0,0.00,0,0.00,0,0.00,0,0.00,209734,1,209734,209734,209734,209734.00,0,,
content_prefix,524d56320700000004000000705f6c6f6e67626f7730315f6875310000000000,5,5,100.00,0,0.00,0,0.00,0,0.00,0,0.00,382994,5,382994,35304,114800,76598.80,0,,
content_prefix,524d56320700000004000000705f6c6f6e67626f7730315f6875316400000000,6,6,100.00,0,0.00,0,0.00,0,0.00,0,0.00,716368,6,716368,36194,263538,119394.67,0,,
content_prefix,524d56320700000004000000705f6c6f6e67626f7730315f6875366500000000,1,1,100.00,0,0.00,0,0.00,0,0.00,0,0.00,81582,1,81582,81582,81582,81582.00,0,,
content_prefix,524d56320700000004000000705f726174636174636865725f68753137000000,2,2,100.00,0,0.00,0,0.00,0,0.00,0,0.00,226640,2,226640,107038,119602,113320.00,0,,
content_prefix,524d56320700000004000000705f726f636b30315f6269330000000000000000,1,1,100.00,0,0.00,0,0.00,0,0.00,0,0.00,71200,1,71200,71200,71200,71200.00,0,,
content_prefix,524d56320700000004000000705f726f636b30325f6269330000000000000000,1,1,100.00,0,0.00,0,0.00,0,0.00,0,0.00,97290,1,97290,97290,97290,97290.00,0,,
content_prefix,524d56320700000004000000705f726f636b6574676c6169766530315f687531,1,1,100.00,0,0.00,0,0.00,0,0.00,0,0.00,21080,1,21080,21080,21080,21080.00,0,,
content_prefix,524d56320700000004000000705f73686f7274626f7730315f68753100000000,1,1,100.00,0,0.00,0,0.00,0,0.00,0,0.00,43344,1,43344,43344,43344,43344.00,0,,
content_prefix,524d56320700000004000000705f73686f7274626f7730315f68753200000000,1,1,100.00,0,0.00,0,0.00,0,0.00,0,0.00,46224,1,46224,46224,46224,46224.00,0,,
content_prefix,524d56320700000004000000705f73686f7274626f7730315f68753662000000,1,1,100.00,0,0.00,0,0.00,0,0.00,0,0.00,27338,1,27338,27338,27338,27338.00,0,,
content_prefix,524d56320700000004000000705f736c696e6730325f68753137000000000000,1,1,100.00,0,0.00,0,0.00,0,0.00,0,0.00,67326,1,67326,67326,67326,67326.00,0,,
content_prefix,524d56320700000004000000705f737461666630315f68753130630000000000,1,1,100.00,0,0.00,0,0.00,0,0.00,0,0.00,139102,1,139102,139102,139102,139102.00,0,,
content_prefix,524d56320700000004000000705f737461666630325f68753130630000000000,1,1,100.00,0,0.00,0,0.00,0,0.00,0,0.00,345486,1,345486,345486,345486,345486.00,0,,
content_prefix,524d56320700000004000000705f7468726f745f61726d5f6875313700000000,1,1,100.00,0,0.00,0,0.00,0,0.00,0,0.00,142056,1,142056,142056,142056,142056.00,0,,
content_prefix,524d56320700000004000000705f746f6e67756530315f727033620000000000,1,1,100.00,0,0.00,0,0.00,0,0.00,0,0.00,29510,1,29510,29510,29510,29510.00,0,,
content_prefix,524d56320700000004000000705f7768697030315f6875310000000000000000,1,1,100.00,0,0.00,0,0.00,0,0.00,0,0.00,59768,1,59768,59768,59768,59768.00,0,,
content_prefix,524d56320700000004000000705f7768697030315f6875313700000000000000,1,1,100.00,0,0.00,0,0.00,0,0.00,0,0.00,64664,1,64664,64664,64664,64664.00,0,,
content_prefix,524d56320700000004000000705f7768697030315f6875316300000000000000,2,2,100.00,0,0.00,0,0.00,0,0.00,0,0.00,145916,2,145916,70236,75680,72958.00,0,,
content_prefix,524d56320700000004000000705f7768697030315f6875316400000000000000,2,2,100.00,0,0.00,0,0.00,0,0.00,0,0.00,164888,2,164888,75680,89208,82444.00,0,,
content_prefix,524d56320700000004000000705f7768697030315f6875323100000000000000,1,1,100.00,0,0.00,0,0.00,0,0.00,0,0.00,136874,1,136874,136874,136874,136874.00,0,,
content_prefix,524d56320700000004000000705f7768697030315f6875360000000000000000,1,1,100.00,0,0.00,0,0.00,0,0.00,0,0.00,75536,1,75536,75536,75536,75536.00,0,,
content_prefix,524d56320700000004000000705f77696e677330315f68753163000000000000,3,3,100.00,0,0.00,0,0.00,0,0.00,0,0.00,584176,3,584176,121594,323380,194725.33,0,,
content_prefix,524d56320700000004000000706c6174666f726d303100000000000000000000,2,2,100.00,0,0.00,0,0.00,0,0.00,0,0.00,2946352,2,2946352,582142,2364210,1473176.00,0,,
content_prefix,524d56320700000004000000717565656e626573733031000000000000000000,1,1,100.00,0,0.00,0,0.00,0,0.00,0,0.00,3809642,1,3809642,3809642,3809642,3809642.00,0,,
content_prefix,524d56320700000004000000726170746f723033000000000000000000000000,4,4,100.00,0,0.00,0,0.00,0,0.00,0,0.00,3304134,4,3304134,657928,1169378,826033.50,0,,
content_prefix,524d56320700000004000000726170746f723033620000000000000000000000,3,3,100.00,0,0.00,0,0.00,0,0.00,0,0.00,3152940,3,3152940,531960,1647142,1050980.00,0,,
content_prefix,524d56320700000004000000726170746f723034000000000000000000000000,2,2,100.00,0,0.00,0,0.00,0,0.00,0,0.00,5204992,2,5204992,1195718,4009274,2602496.00,0,,
content_prefix,524d563207000000040000007261743031620000000000000000000000000000,4,4,100.00,0,0.00,0,0.00,0,0.00,0,0.00,294044,4,294044,17920,219710,73511.00,0,,
content_prefix,524d56320700000004000000736361726162737761726d303100000000000000,1,1,100.00,0,0.00,0,0.00,0,0.00,0,0.00,91212,1,91212,91212,91212,91212.00,0,,
content_prefix,524d5632070000000400000073637265616d696e6762656c6c30310000000000,2,2,100.00,0,0.00,0,0.00,0,0.00,0,0.00,6135164,2,6135164,2439816,3695348,3067582.00,0,,
content_prefix,524d563207000000040000007365616d6f6e7374657230310000000000000000,2,2,100.00,0,0.00,0,0.00,0,0.00,0,0.00,2653372,2,2653372,754902,1898470,1326686.00,0,,
content_prefix,524d563207000000040000007365656b657263686172696f7430310000000000,2,2,100.00,0,0.00,0,0.00,0,0.00,0,0.00,2631382,2,2631382,909524,1721858,1315691.00,0,,
content_prefix,524d5632070000000400000073657270656e7430310000000000000000000000,1,1,100.00,0,0.00,0,0.00,0,0.00,0,0.00,279466,1,279466,279466,279466,279466.00,0,,
content_prefix,524d56320700000004000000736b6176656e7465616d30310000000000000000,27,27,100.00,0,0.00,0,0.00,0,0.00,0,0.00,10227472,27,10227472,169372,622272,378795.26,0,,
content_prefix,524d56320700000004000000736b6176656e7465616d30320000000000000000,12,12,100.00,0,0.00,0,0.00,0,0.00,0,0.00,2974174,12,2974174,20356,458082,247847.83,0,,
content_prefix,524d563207000000040000007370656c6c68616e643031000000000000000000,1,1,100.00,0,0.00,0,0.00,0,0.00,0,0.00,217498,1,217498,217498,217498,217498.00,0,,
content_prefix,524d56320700000004000000737761726d303100000000000000000000000000,1,1,100.00,0,0.00,0,0.00,0,0.00,0,0.00,96658,1,96658,96658,96658,96658.00,0,,
content_prefix,524d5632070000000400000074656e7461636c65303100000000000000000000,1,1,100.00,0,0.00,0,0.00,0,0.00,0,0.00,58336,1,58336,58336,58336,58336.00,0,,
content_prefix,524d563207000000040000007468726f6e653032000000000000000000000000,5,5,100.00,0,0.00,0,0.00,0,0.00,0,0.00,2190196,5,2190196,159514,959198,438039.20,0,,
content_prefix,524d56320700000004000000746f6d6263686172696f74303100000000000000,2,2,100.00,0,0.00,0,0.00,0,0.00,0,0.00,1414054,2,1414054,476182,937872,707027.00,0,,
content_prefix,524d563207000000040000007472656500000000000000000000000000000000,4,4,100.00,0,0.00,0,0.00,0,0.00,0,0.00,996240,4,996240,131520,395058,249060.00,0,,
content_prefix,524d56320700000004000000776f6c6630310000000000000000000000000000,7,7,100.00,0,0.00,0,0.00,0,0.00,0,0.00,5838342,7,5838342,437546,1304558,834048.86,0,,
content_prefix,524d563207000000050000000000000000000000000000000000000000000000,387,387,100.00,0,0.00,0,0.00,0,0.00,0,0.00,180198464,387,180198464,18742,4785832,465629.11,0,,
content_prefix,524d563207000000050000006167656e74736869703033000000000000000000,1,1,100.00,0,0.00,0,0.00,0,0.00,0,0.00,553404,1,553404,553404,553404,553404.00,0,,
content_prefix,524d563207000000050000006167656e74736869703034000000000000000000,1,1,100.00,0,0.00,0,0.00,0,0.00,0,0.00,390908,1,390908,390908,390908,390908.00,0,,
content_prefix,524d5632070000000500000062656173746d656e736869703031000000000000,4,4,100.00,0,0.00,0,0.00,0,0.00,0,0.00,1265426,4,1265426,207780,440940,316356.50,0,,
content_prefix,524d563207000000050000006269676361743032000000000000000000000000,3,3,100.00,0,0.00,0,0.00,0,0.00,0,0.00,2342464,3,2342464,447820,947322,780821.33,0,,
content_prefix,524d563207000000050000006269726430320000000000000000000000000000,1,1,100.00,0,0.00,0,0.00,0,0.00,0,0.00,1598330,1,1598330,1598330,1598330,1598330.00,0,,
content_prefix,524d56320700000005000000626c61636b61726b303100000000000000000000,1,1,100.00,0,0.00,0,0.00,0,0.00,0,0.00,1612994,1,1612994,1612994,1612994,1612994.00,0,,
content_prefix,524d563207000000050000006275696c64696e67000000000000000000000000,18,18,100.00,0,0.00,0,0.00,0,0.00,0,0.00,9265842,18,9265842,19212,2434532,514769.00,0,,
content_prefix,524d563207000000050000006361727269616765303100000000000000000000,1,1,100.00,0,0.00,0,0.00,0,0.00,0,0.00,761948,1,761948,761948,761948,761948.00,0,,
content_prefix,524d5632070000000500000068756d616e6f6964303100000000000000000000,1,1,100.00,0,0.00,0,0.00,0,0.00,0,0.00,701694,1,701694,701694,701694,701694.00,0,,
content_prefix,524d5632070000000500000068756d616e6f6964303762000000000000000000,1,1,100.00,0,0.00,0,0.00,0,0.00,0,0.00,1308552,1,1308552,1308552,1308552,1308552.00,0,,
content_prefix,524d5632070000000500000068756d616e6f6964303862000000000000000000,3,3,100.00,0,0.00,0,0.00,0,0.00,0,0.00,3405428,3,3405428,1005228,1361928,1135142.67,0,,
content_prefix,524d5632070000000500000068756d616e6f6964313700000000000000000000,1,1,100.00,0,0.00,0,0.00,0,0.00,0,0.00,1509354,1,1509354,1509354,1509354,1509354.00,0,,
content_prefix,524d563207000000050000006879627269646372656174757265303500000000,1,1,100.00,0,0.00,0,0.00,0,0.00,0,0.00,4745548,1,4745548,4745548,4745548,4745548.00,0,,
content_prefix,524d563207000000050000006c69676874736869703035000000000000000000,2,2,100.00,0,0.00,0,0.00,0,0.00,0,0.00,778506,2,778506,330110,448396,389253.00,0,,
content_prefix,524d563207000000050000006d656469756d7368697030350000000000000000,2,2,100.00,0,0.00,0,0.00,0,0.00,0,0.00,507514,2,507514,122664,384850,253757.00,0,,
content_prefix,524d563207000000050000006d656469756d7368697030360000000000000000,2,2,100.00,0,0.00,0,0.00,0,0.00,0,0.00,1077836,2,1077836,523740,554096,538918.00,0,,
content_prefix,524d563207000000050000006d6f727461723031000000000000000000000000,1,1,100.00,0,0.00,0,0.00,0,0.00,0,0.00,564012,1,564012,564012,564012,564012.00,0,,
content_prefix,524d56320700000005000000726170746f723033620000000000000000000000,1,1,100.00,0,0.00,0,0.00,0,0.00,0,0.00,1701868,1,1701868,1701868,1701868,1701868.00,0,,
content_prefix,524d563207000000050000007472616e73706f72747368697030340000000000,2,2,100.00,0,0.00,0,0.00,0,0.00,0,0.00,805076,2,805076,279952,525124,402538.00,0,,
content_prefix,524d563207000000050000007472616e73706f72747368697030350000000000,1,1,100.00,0,0.00,0,0.00,0,0.00,0,0.00,856438,1,856438,856438,856438,856438.00,0,,
content_prefix,524d563207000000050000007472616e73706f72747368697030360000000000,1,1,100.00,0,0.00,0,0.00,0,0.00,0,0.00,461572,1,461572,461572,461572,461572.00,0,,
content_prefix,524d563207000000050000007472656275636865743031000000000000000000,1,1,100.00,0,0.00,0,0.00,0,0.00,0,0.00,800430,1,800430,800430,800430,800430.00,0,,
content_prefix,524d563207000000050000007472656500000000000000000000000000000000,1,1,100.00,0,0.00,0,0.00,0,0.00,0,0.00,574654,1,574654,574654,574654,574654.00,0,,
content_prefix,524d5632070000000600000068756d616e6f6964303400000000000000000000,1,1,100.00,0,0.00,0,0.00,0,0.00,0,0.00,1177276,1,1177276,1177276,1177276,1177276.00,0,,
content_prefix,524d563208000000000000000000000000000000000000000000000000000000,188,53,28.19,135,71.81,0,0.00,0,0.00,135,71.81,12820,188,26320,140,140,140.00,5400,18900,28.57
content_prefix,524d563208000000010000000000000000000000000000000000000000000000,2962,2677,90.38,237,8.00,48,1.62,0,0.00,285,9.62,267537573,2962,389083712,576,11434460,131358.44,114849499,236395638,48.58
content_prefix,524d5632080000000100000061647669736f7230310000000000000000000000,2,2,100.00,0,0.00,0,0.00,0,0.00,0,0.00,1142484,2,1142484,431486,710998,571242.00,0,,
content_prefix,524d5632080000000100000061647669736f7263726f77303100000000000000,1,1,100.00,0,0.00,0,0.00,0,0.00,0,0.00,114680,1,114680,114680,114680,114680.00,0,,
content_prefix,524d5632080000000100000062616e6e65725f686f725f303100000000000000,3,0,0.00,0,0.00,3,100.00,0,0.00,3,100.00,22676,3,46886,8236,26012,15628.67,22676,46886,48.36
content_prefix,524d5632080000000100000062616e6e65725f6c7a645f303100000000000000,1,0,0.00,0,0.00,1,100.00,0,0.00,1,100.00,6279,1,17152,17152,17152,17152.00,6279,17152,36.61
content_prefix,524d5632080000000100000062616e6e65725f7665725f303100000000000000,21,0,0.00,0,0.00,21,100.00,0,0.00,21,100.00,139427,21,338110,7352,42500,16100.48,139427,338110,41.24
content_prefix,524d5632080000000100000062616e6e65725f7765665f303100000000000000,1,0,0.00,0,0.00,1,100.00,0,0.00,1,100.00,7583,1,13942,13942,13942,13942.00,7583,13942,54.39
content_prefix,524d563208000000010000006275696c64696e67000000000000000000000000,434,434,100.00,0,0.00,0,0.00,0,0.00,0,0.00,231551954,434,231551954,3808,4615016,533529.85,0,,
content_prefix,524d5632080000000100000063616d706169676e626f617263686172696f7430,4,4,100.00,0,0.00,0,0.00,0,0.00,0,0.00,1118478,4,1118478,214152,343752,279619.50,0,,
content_prefix,524d5632080000000100000063616d706169676e72617a6f72676f7263686172,2,2,100.00,0,0.00,0,0.00,0,0.00,0,0.00,814628,2,814628,286940,527688,407314.00,0,,
content_prefix,524d5632080000000100000063616d706169676e736c65643031000000000000,1,1,100.00,0,0.00,0,0.00,0,0.00,0,0.00,2528858,1,2528858,2528858,2528858,2528858.00,0,,
content_prefix,524d5632080000000100000063696e655f62656c616b6f725f68753130000000,2,2,100.00,0,0.00,0,0.00,0,0.00,0,0.00,1089616,2,1089616,340004,749612,544808.00,0,,
content_prefix,524d56320800000001000000647261676f6e3034000000000000000000000000,3,3,100.00,0,0.00,0,0.00,0,0.00,0,0.00,2069220,3,2069220,377278,868234,689740.00,0,,
content_prefix,524d5632080000000100000064756d6d79303100000000000000000000000000,1,1,100.00,0,0.00,0,0.00,0,0.00,0,0.00,3424,1,3424,3424,3424,3424.00,0,,
content_prefix,524d5632080000000100000067656e6572696300000000000000000000000000,5,5,100.00,0,0.00,0,0.00,0,0.00,0,0.00,3493532,5,3493532,418694,1062108,698706.40,0,,
content_prefix,524d563208000000010000006769616e74303300000000000000000000000000,1,1,100.00,0,0.00,0,0.00,0,0.00,0,0.00,2920744,1,2920744,2920744,2920744,2920744.00,0,,
content_prefix,524d563208000000010000006779726f636f7074657230310000000000000000,4,4,100.00,0,0.00,0,0.00,0,0.00,0,0.00,269420,4,269420,28480,88390,67355.00,0,,
content_prefix,524d563208000000010000006865617679717561647275706564303362000000,1,1,100.00,0,0.00,0,0.00,0,0.00,0,0.00,2386438,1,2386438,2386438,2386438,2386438.00,0,,
content_prefix,524d5632080000000100000068756d616e6f6964303100000000000000000000,2,2,100.00,0,0.00,0,0.00,0,0.00,0,0.00,440184,2,440184,158452,281732,220092.00,0,,
content_prefix,524d5632080000000100000068756d616e6f6964303162000000000000000000,1,1,100.00,0,0.00,0,0.00,0,0.00,0,0.00,255728,1,255728,255728,255728,255728.00,0,,
content_prefix,524d5632080000000100000068756d616e6f6964303163000000000000000000,3,3,100.00,0,0.00,0,0.00,0,0.00,0,0.00,804344,3,804344,70936,375708,268114.67,0,,
content_prefix,524d5632080000000100000068756d616e6f6964303164000000000000000000,2,2,100.00,0,0.00,0,0.00,0,0.00,0,0.00,731042,2,731042,145360,585682,365521.00,0,,
content_prefix,524d5632080000000100000068756d616e6f6964303165000000000000000000,4,4,100.00,0,0.00,0,0.00,0,0.00,0,0.00,954996,4,954996,223208,253048,238749.00,0,,
content_prefix,524d5632080000000100000068756d616e6f696430316a000000000000000000,1,1,100.00,0,0.00,0,0.00,0,0.00,0,0.00,432616,1,432616,432616,432616,432616.00,0,,
content_prefix,524d5632080000000100000068756d616e6f6964303300000000000000000000,1,1,100.00,0,0.00,0,0.00,0,0.00,0,0.00,9124,1,9124,9124,9124,9124.00,0,,
content_prefix,524d5632080000000100000068756d616e6f6964303462000000000000000000,3,3,100.00,0,0.00,0,0.00,0,0.00,0,0.00,2350968,3,2350968,642890,1004846,783656.00,0,,
content_prefix,524d5632080000000100000068756d616e6f6964303469000000000000000000,1,1,100.00,0,0.00,0,0.00,0,0.00,0,0.00,249856,1,249856,249856,249856,249856.00,0,,
content_prefix,524d5632080000000100000068756d616e6f6964303500000000000000000000,2,2,100.00,0,0.00,0,0.00,0,0.00,0,0.00,839708,2,839708,419854,419854,419854.00,0,,
content_prefix,524d5632080000000100000068756d616e6f6964303563000000000000000000,1,1,100.00,0,0.00,0,0.00,0,0.00,0,0.00,257686,1,257686,257686,257686,257686.00,0,,
content_prefix,524d5632080000000100000068756d616e6f6964313262000000000000000000,1,1,100.00,0,0.00,0,0.00,0,0.00,0,0.00,494506,1,494506,494506,494506,494506.00,0,,
content_prefix,524d5632080000000100000068756d616e6f6964313300000000000000000000,1,1,100.00,0,0.00,0,0.00,0,0.00,0,0.00,41128,1,41128,41128,41128,41128.00,0,,
content_prefix,524d5632080000000100000068756d616e6f6964313362000000000000000000,1,1,100.00,0,0.00,0,0.00,0,0.00,0,0.00,639286,1,639286,639286,639286,639286.00,0,,
content_prefix,524d5632080000000100000068756d616e6f6964313664000000000000000000,1,1,100.00,0,0.00,0,0.00,0,0.00,0,0.00,403402,1,403402,403402,403402,403402.00,0,,
content_prefix,524d5632080000000100000069726f6e6461656d6f6e747261696e3031000000,1,1,100.00,0,0.00,0,0.00,0,0.00,0,0.00,2711656,1,2711656,2711656,2711656,2711656.00,0,,
content_prefix,524d563208000000010000006d6f6d5f766f727465785f303400000000000000,1,1,100.00,0,0.00,0,0.00,0,0.00,0,0.00,62732,1,62732,62732,62732,62732.00,0,,
content_prefix,524d56320800000001000000705f61726d30315f687531630000000000000000,1,1,100.00,0,0.00,0,0.00,0,0.00,0,0.00,74278,1,74278,74278,74278,74278.00,0,,
content_prefix,524d56320800000001000000705f6178655f6875313262000000000000000000,1,1,100.00,0,0.00,0,0.00,0,0.00,0,0.00,100540,1,100540,100540,100540,100540.00,0,,
content_prefix,524d56320800000001000000705f62616e6e657230315f6875316a0000000000,1,1,100.00,0,0.00,0,0.00,0,0.00,0,0.00,58236,1,58236,58236,58236,58236.00,0,,
content_prefix,524d56320800000001000000705f666c61696c30315f68753163000000000000,1,1,100.00,0,0.00,0,0.00,0,0.00,0,0.00,146188,1,146188,146188,146188,146188.00,0,,
content_prefix,524d56320800000001000000705f7061676530315f687531345f743100000000,2,2,100.00,0,0.00,0,0.00,0,0.00,0,0.00,19064,2,19064,9532,9532,9532.00,0,,
content_prefix,524d56320800000001000000705f706f6c6561786530315f6875313300000000,1,1,100.00,0,0.00,0,0.00,0,0.00,0,0.00,132748,1,132748,132748,132748,132748.00,0,,
content_prefix,524d56320800000001000000705f776865656c30315f68753033000000000000,1,1,100.00,0,0.00,0,0.00,0,0.00,0,0.00,19864,1,19864,19864,19864,19864.00,0,,
content_prefix,524d56320800000001000000705f7768697030315f6875313600000000000000,3,3,100.00,0,0.00,0,0.00,0,0.00,0,0.00,127968,3,127968,41788,43288,42656.00,0,,
content_prefix,524d56320800000001000000726170746f7230325f7465616d00000000000000,1,1,100.00,0,0.00,0,0.00,0,0.00,0,0.00,620020,1,620020,620020,620020,620020.00,0,,
content_prefix,524d563208000000010000007365616d6f6e7374657230320000000000000000,1,1,100.00,0,0.00,0,0.00,0,0.00,0,0.00,991900,1,991900,991900,991900,991900.00,0,,
content_prefix,524d56320800000001000000736b796375747465723031000000000000000000,4,4,100.00,0,0.00,0,0.00,0,0.00,0,0.00,638144,4,638144,85480,321400,159536.00,0,,
content_prefix,524d56320800000001000000736e616b65303162000000000000000000000000,1,1,100.00,0,0.00,0,0.00,0,0.00,0,0.00,355628,1,355628,355628,355628,355628.00,0,,
content_prefix,524d56320800000001000000736e616b65303263000000000000000000000000,1,1,100.00,0,0.00,0,0.00,0,0.00,0,0.00,402428,1,402428,402428,402428,402428.00,0,,
content_prefix,524d56320800000001000000736e616b65303300000000000000000000000000,1,1,100.00,0,0.00,0,0.00,0,0.00,0,0.00,492604,1,492604,492604,492604,492604.00,0,,
content_prefix,524d56320800000001000000736e616b65303400000000000000000000000000,1,1,100.00,0,0.00,0,0.00,0,0.00,0,0.00,571696,1,571696,571696,571696,571696.00,0,,
content_prefix,524d56320800000001000000776f726d30316200000000000000000000000000,1,1,100.00,0,0.00,0,0.00,0,0.00,0,0.00,108758,1,108758,108758,108758,108758.00,0,,
content_prefix,524d563208000000010000007a657070656c696e303100000000000000000000,1,1,100.00,0,0.00,0,0.00,0,0.00,0,0.00,1190404,1,1190404,1190404,1190404,1190404.00,0,,
content_prefix,524d563208000000010000007a657070656c696e30315f626f6d620000000000,1,1,100.00,0,0.00,0,0.00,0,0.00,0,0.00,10620,1,10620,10620,10620,10620.00,0,,
content_prefix,524d563208000000010000007a657070656c696e30315f626f6d625f6c656674,1,1,100.00,0,0.00,0,0.00,0,0.00,0,0.00,11780,1,11780,11780,11780,11780.00,0,,
content_prefix,524d563208000000010000007a657070656c696e30315f626f6d625f72696768,1,1,100.00,0,0.00,0,0.00,0,0.00,0,0.00,11780,1,11780,11780,11780,11780.00,0,,
content_prefix,524d563208000000010000007a657070656c696e30315f63616e6e6f6e000000,1,1,100.00,0,0.00,0,0.00,0,0.00,0,0.00,17028,1,17028,17028,17028,17028.00,0,,
content_prefix,524d563208000000010000007a657070656c696e30315f686172706f6f6e0000,1,1,100.00,0,0.00,0,0.00,0,0.00,0,0.00,15822,1,15822,15822,15822,15822.00,0,,
content_prefix,524d563208000000020000000000000000000000000000000000000000000000,338,329,97.34,8,2.37,1,0.30,0,0.00,9,2.66,28356774,338,29399238,5328,1507602,86979.99,1646092,2688556,61.23
content_prefix,524d5632080000000200000062616e6e65725f686f725f303100000000000000,2,0,0.00,0,0.00,2,100.00,0,0.00,2,100.00,70445,2,223948,22604,201344,111974.00,70445,223948,31.46
content_prefix,524d563208000000020000006265617230310000000000000000000000000000,1,1,100.00,0,0.00,0,0.00,0,0.00,0,0.00,32920,1,32920,32920,32920,32920.00,0,,
content_prefix,524d563208000000020000006269676361743034000000000000000000000000,2,2,100.00,0,0.00,0,0.00,0,0.00,0,0.00,78740,2,78740,28160,50580,39370.00,0,,
content_prefix,524d563208000000020000006275696c64696e67000000000000000000000000,3,3,100.00,0,0.00,0,0.00,0,0.00,0,0.00,40972,3,40972,10636,16428,13657.33,0,,
content_prefix,524d5632080000000200000063656e7461757230310000000000000000000000,3,3,100.00,0,0.00,0,0.00,0,0.00,0,0.00,139516,3,139516,45008,48636,46505.33,0,,
content_prefix,524d5632080000000200000067686f7374303300000000000000000000000000,1,1,100.00,0,0.00,0,0.00,0,0.00,0,0.00,39908,1,39908,39908,39908,39908.00,0,,
content_prefix,524d5632080000000200000067686f7374303400000000000000000000000000,1,1,100.00,0,0.00,0,0.00,0,0.00,0,0.00,27360,1,27360,27360,27360,27360.00,0,,
content_prefix,524d563208000000020000006865617679717561647275706564303200000000,1,1,100.00,0,0.00,0,0.00,0,0.00,0,0.00,30648,1,30648,30648,30648,30648.00,0,,
content_prefix,524d563208000000020000006865617679717561647275706564303400000000,1,1,100.00,0,0.00,0,0.00,0,0.00,0,0.00,29432,1,29432,29432,29432,29432.00,0,,
content_prefix,524d56320800000002000000686f727365303100000000000000000000000000,10,10,100.00,0,0.00,0,0.00,0,0.00,0,0.00,356240,10,356240,33420,41872,35624.00,0,,
content_prefix,524d5632080000000200000068756d616e6f6964303100000000000000000000,13,13,100.00,0,0.00,0,0.00,0,0.00,0,0.00,402824,13,402824,24988,39344,30986.46,0,,
content_prefix,524d5632080000000200000068756d616e6f6964303162000000000000000000,3,3,100.00,0,0.00,0,0.00,0,0.00,0,0.00,523038,3,523038,35796,245642,174346.00,0,,
content_prefix,524d5632080000000200000068756d616e6f6964303163000000000000000000,14,14,100.00,0,0.00,0,0.00,0,0.00,0,0.00,1003690,14,1003690,31848,522254,71692.14,0,,
content_prefix,524d5632080000000200000068756d616e6f6964303164000000000000000000,11,11,100.00,0,0.00,0,0.00,0,0.00,0,0.00,355116,11,355116,29500,34736,32283.27,0,,
content_prefix,524d5632080000000200000068756d616e6f6964303165000000000000000000,2,2,100.00,0,0.00,0,0.00,0,0.00,0,0.00,70340,2,70340,35080,35260,35170.00,0,,
content_prefix,524d5632080000000200000068756d616e6f6964303300000000000000000000,1,1,100.00,0,0.00,0,0.00,0,0.00,0,0.00,46944,1,46944,46944,46944,46944.00,0,,
content_prefix,524d5632080000000200000068756d616e6f6964303464000000000000000000,1,1,100.00,0,0.00,0,0.00,0,0.00,0,0.00,36648,1,36648,36648,36648,36648.00,0,,
content_prefix,524d5632080000000200000068756d616e6f6964303500000000000000000000,1,1,100.00,0,0.00,0,0.00,0,0.00,0,0.00,32104,1,32104,32104,32104,32104.00,0,,
content_prefix,524d5632080000000200000068756d616e6f6964303600000000000000000000,3,3,100.00,0,0.00,0,0.00,0,0.00,0,0.00,163924,3,163924,45856,69308,54641.33,0,,
content_prefix,524d5632080000000200000068756d616e6f6964303662000000000000000000,4,4,100.00,0,0.00,0,0.00,0,0.00,0,0.00,140488,4,140488,32960,37592,35122.00,0,,
content_prefix,524d5632080000000200000068756d616e6f6964303665000000000000000000,2,2,100.00,0,0.00,0,0.00,0,0.00,0,0.00,73856,2,73856,36880,36976,36928.00,0,,
content_prefix,524d5632080000000200000068756d616e6f6964303666000000000000000000,2,2,100.00,0,0.00,0,0.00,0,0.00,0,0.00,64712,2,64712,31792,32920,32356.00,0,,
content_prefix,524d5632080000000200000068756d616e6f6964303864000000000000000000,1,1,100.00,0,0.00,0,0.00,0,0.00,0,0.00,31264,1,31264,31264,31264,31264.00,0,,
content_prefix,524d5632080000000200000068756d616e6f6964313064000000000000000000,1,1,100.00,0,0.00,0,0.00,0,0.00,0,0.00,36696,1,36696,36696,36696,36696.00,0,,
content_prefix,524d5632080000000200000068756d616e6f6964313200000000000000000000,3,3,100.00,0,0.00,0,0.00,0,0.00,0,0.00,145296,3,145296,38512,54952,48432.00,0,,
content_prefix,524d5632080000000200000068756d616e6f6964313300000000000000000000,3,3,100.00,0,0.00,0,0.00,0,0.00,0,0.00,118608,3,118608,37652,43020,39536.00,0,,
content_prefix,524d5632080000000200000068756d616e6f6964313400000000000000000000,2,2,100.00,0,0.00,0,0.00,0,0.00,0,0.00,74960,2,74960,36720,38240,37480.00,0,,
content_prefix,524d5632080000000200000068756d616e6f6964313600000000000000000000,1,1,100.00,0,0.00,0,0.00,0,0.00,0,0.00,33784,1,33784,33784,33784,33784.00,0,,
content_prefix,524d5632080000000200000068756d616e6f6964323300000000000000000000,1,1,100.00,0,0.00,0,0.00,0,0.00,0,0.00,680708,1,680708,680708,680708,680708.00,0,,
content_prefix,524d563208000000020000006879627269646372656174757265303200000000,1,1,100.00,0,0.00,0,0.00,0,0.00,0,0.00,49644,1,49644,49644,49644,49644.00,0,,
content_prefix,524d56320800000002000000696e736563743031000000000000000000000000,1,1,100.00,0,0.00,0,0.00,0,0.00,0,0.00,24900,1,24900,24900,24900,24900.00,0,,
content_prefix,524d563208000000020000006c697a6172643031000000000000000000000000,1,1,100.00,0,0.00,0,0.00,0,0.00,0,0.00,30312,1,30312,30312,30312,30312.00,0,,
content_prefix,524d563208000000020000006d616e7461726179303100000000000000000000,1,1,100.00,0,0.00,0,0.00,0,0.00,0,0.00,31184,1,31184,31184,31184,31184.00,0,,
content_prefix,524d56320800000002000000736e616b65303100000000000000000000000000,2,2,100.00,0,0.00,0,0.00,0,0.00,0,0.00,59944,2,59944,23788,36156,29972.00,0,,
content_prefix,524d563208000000020000007374616730310000000000000000000000000000,1,1,100.00,0,0.00,0,0.00,0,0.00,0,0.00,24116,1,24116,24116,24116,24116.00,0,,
content_prefix,524d56320800000002000000746f616430310000000000000000000000000000,1,1,100.00,0,0.00,0,0.00,0,0.00,0,0.00,34688,1,34688,34688,34688,34688.00,0,,
content_prefix,524d563208000000020000007472656500000000000000000000000000000000,42,42,100.00,0,0.00,0,0.00,0,0.00,0,0.00,7878594,42,7878594,18242,529328,187585.57,0,,
content_prefix,524d56320800000002000000776f6c6630310000000000000000000000000000,4,4,100.00,0,0.00,0,0.00,0,0.00,0,0.00,106636,4,106636,19128,37172,26659.00,0,,
content_prefix,524d563208000000030000000000000000000000000000000000000000000000,2353,2218,94.26,135,5.74,0,0.00,0,0.00,135,5.74,487504426,2353,487844864,1940,5773486,207328.88,600502,940940,63.82
content_prefix,524d5632080000000300000062616e6e65725f7665725f303100000000000000,1,0,0.00,0,0.00,1,100.00,0,0.00,1,100.00,17038,1,37916,37916,37916,37916.00,17038,37916,44.94
content_prefix,524d56320800000003000000626c6f6f64776f726d3031000000000000000000,1,1,100.00,0,0.00,0,0.00,0,0.00,0,0.00,1647930,1,1647930,1647930,1647930,1647930.00,0,,
content_prefix,524d56320800000003000000626f617230310000000000000000000000000000,6,6,100.00,0,0.00,0,0.00,0,0.00,0,0.00,462542,6,462542,33316,171330,77090.33,0,,
content_prefix,524d563208000000030000006275696c64696e67000000000000000000000000,48,48,100.00,0,0.00,0,0.00,0,0.00,0,0.00,5096350,48,5096350,9480,1375646,106173.96,0,,
content_prefix,524d563208000000030000006361746861797368697030310000000000000000,2,2,100.00,0,0.00,0,0.00,0,0.00,0,0.00,2329200,2,2329200,851844,1477356,1164600.00,0,,
content_prefix,524d5632080000000300000063656e7461757230310000000000000000000000,6,6,100.00,0,0.00,0,0.00,0,0.00,0,0.00,7294066,6,7294066,572124,1908412,1215677.67,0,,
content_prefix,524d563208000000030000006368616f73647761726673736869703031000000,2,2,100.00,0,0.00,0,0.00,0,0.00,0,0.00,2046130,2,2046130,619082,1427048,1023065.00,0,,
content_prefix,524d56320800000003000000647261676f6e7368697030310000000000000000,1,1,100.00,0,0.00,0,0.00,0,0.00,0,0.00,1001422,1,1001422,1001422,1001422,1001422.00,0,,
content_prefix,524d563208000000030000006779726f626f6d62657230310000000000000000,5,5,100.00,0,0.00,0,0.00,0,0.00,0,0.00,464502,5,464502,60800,141510,92900.40,0,,
content_prefix,524d5632080000000300000068756d616e6f6964303100000000000000000000,1,1,100.00,0,0.00,0,0.00,0,0.00,0,0.00,47964,1,47964,47964,47964,47964.00,0,,
content_prefix,524d5632080000000300000068756d616e6f6964303163000000000000000000,1,1,100.00,0,0.00,0,0.00,0,0.00,0,0.00,353010,1,353010,353010,353010,353010.00,0,,
content_prefix,524d5632080000000300000068756d616e6f696430316e000000000000000000,6,6,100.00,0,0.00,0,0.00,0,0.00,0,0.00,11374922,6,11374922,495536,2727518,1895820.33,0,,
content_prefix,524d5632080000000300000068756d616e6f6964303300000000000000000000,2,2,100.00,0,0.00,0,0.00,0,0.00,0,0.00,133292,2,133292,65514,67778,66646.00,0,,
content_prefix,524d5632080000000300000068756d616e6f6964303500000000000000000000,2,2,100.00,0,0.00,0,0.00,0,0.00,0,0.00,374008,2,374008,33552,340456,187004.00,0,,
content_prefix,524d5632080000000300000068756d616e6f6964313000000000000000000000,1,1,100.00,0,0.00,0,0.00,0,0.00,0,0.00,566914,1,566914,566914,566914,566914.00,0,,
content_prefix,524d563208000000030000006b686f726e657368697030310000000000000000,2,2,100.00,0,0.00,0,0.00,0,0.00,0,0.00,1411432,2,1411432,509348,902084,705716.00,0,,
content_prefix,524d563208000000030000006b69736c65767368697030310000000000000000,2,2,100.00,0,0.00,0,0.00,0,0.00,0,0.00,1066648,2,1066648,416894,649754,533324.00,0,,
content_prefix,524d56320800000003000000705f7175696c6c30315f68753464000000000000,1,1,100.00,0,0.00,0,0.00,0,0.00,0,0.00,12864,1,12864,12864,12864,12864.00,0,,
content_prefix,524d563208000000030000007472656500000000000000000000000000000000,370,370,100.00,0,0.00,0,0.00,0,0.00,0,0.00,116554320,370,116554320,11870,1944978,315011.68,0,,
content_prefix,524d56320800000003000000747a65656e746368736869703031000000000000,2,2,100.00,0,0.00,0,0.00,0,0.00,0,0.00,1178250,2,1178250,462588,715662,589125.00,0,,
content_prefix,524d563208000000040000000000000000000000000000000000000000000000,1609,1609,100.00,0,0.00,0,0.00,0,0.00,0,0.00,329061836,1609,329061836,10302,5347746,204513.26,0,,
content_prefix,524d563208000000040000006170653031000000000000000000000000000000,1,1,100.00,0,0.00,0,0.00,0,0.00,0,0.00,1084712,1,1084712,1084712,1084712,1084712.00,0,,
content_prefix,524d563208000000040000006261743031000000000000000000000000000000,3,3,100.00,0,0.00,0,0.00,0,0.00,0,0.00,1701568,3,1701568,466250,721284,567189.33,0,,
content_prefix,524d563208000000040000006265617230310000000000000000000000000000,14,14,100.00,0,0.00,0,0.00,0,0.00,0,0.00,17494606,14,17494606,525958,2372196,1249614.71,0,,
content_prefix,524d563208000000040000006269676361743031000000000000000000000000,2,2,100.00,0,0.00,0,0.00,0,0.00,0,0.00,7199550,2,7199550,3599068,3600482,3599775.00,0,,
content_prefix,524d563208000000040000006269676361743032000000000000000000000000,8,8,100.00,0,0.00,0,0.00,0,0.00,0,0.00,10283004,8,10283004,338024,1952866,1285375.50,0,,
content_prefix,524d563208000000040000006269676361743032620000000000000000000000,3,3,100.00,0,0.00,0,0.00,0,0.00,0,0.00,6824008,3,6824008,1965696,2501218,2274669.33,0,,
content_prefix,524d563208000000040000006269676361743032630000000000000000000000,2,2,100.00,0,0.00,0,0.00,0,0.00,0,0.00,6919886,2,6919886,3433254,3486632,3459943.00,0,,
content_prefix,524d563208000000040000006269676361743033000000000000000000000000,2,2,100.00,0,0.00,0,0.00,0,0.00,0,0.00,4595040,2,4595040,1912014,2683026,2297520.00,0,,
content_prefix,524d563208000000040000006269676361743033620000000000000000000000,2,2,100.00,0,0.00,0,0.00,0,0.00,0,0.00,4316186,2,4316186,787944,3528242,2158093.00,0,,
content_prefix,524d563208000000040000006269676361743034000000000000000000000000,22,22,100.00,0,0.00,0,0.00,0,0.00,0,0.00,20714944,22,20714944,270912,2965482,941588.36,0,,
content_prefix,524d563208000000040000006269676361743034620000000000000000000000,2,2,100.00,0,0.00,0,0.00,0,0.00,0,0.00,1647964,2,1647964,705196,942768,823982.00,0,,
content_prefix,524d563208000000040000006269676361743034630000000000000000000000,2,2,100.00,0,0.00,0,0.00,0,0.00,0,0.00,6544592,2,6544592,2973546,3571046,3272296.00,0,,
content_prefix,524d563208000000040000006269676361743035000000000000000000000000,2,2,100.00,0,0.00,0,0.00,0,0.00,0,0.00,5690778,2,5690778,2793520,2897258,2845389.00,0,,
content_prefix,524d563208000000040000006269726430310000000000000000000000000000,8,8,100.00,0,0.00,0,0.00,0,0.00,0,0.00,8724374,8,8724374,192636,3367386,1090546.75,0,,
content_prefix,524d563208000000040000006269726430316200000000000000000000000000,6,6,100.00,0,0.00,0,0.00,0,0.00,0,0.00,2650076,6,2650076,95172,1192732,441679.33,0,,
content_prefix,524d563208000000040000006269726430320000000000000000000000000000,1,1,100.00,0,0.00,0,0.00,0,0.00,0,0.00,3001552,1,3001552,3001552,3001552,3001552.00,0,,
content_prefix,524d56320800000004000000626c6f6f647468726f6e65303100000000000000,17,17,100.00,0,0.00,0,0.00,0,0.00,0,0.00,21185560,17,21185560,156958,4233444,1246209.41,0,,
content_prefix,524d56320800000004000000626f617230310000000000000000000000000000,20,20,100.00,0,0.00,0,0.00,0,0.00,0,0.00,4067114,20,4067114,49952,1091364,203355.70,0,,
content_prefix,524d56320800000004000000626f6c747468726f776572303100000000000000,1,1,100.00,0,0.00,0,0.00,0,0.00,0,0.00,661820,1,661820,661820,661820,661820.00,0,,
content_prefix,524d56320800000004000000626f6c747468726f776572303200000000000000,1,1,100.00,0,0.00,0,0.00,0,0.00,0,0.00,1066734,1,1066734,1066734,1066734,1066734.00,0,,
content_prefix,524d563208000000040000006275696c64696e67000000000000000000000000,92,92,100.00,0,0.00,0,0.00,0,0.00,0,0.00,209459172,92,209459172,468242,5910042,2276730.13,0,,
content_prefix,524d563208000000040000006275726e696e6763686172696f74303100000000,1,1,100.00,0,0.00,0,0.00,0,0.00,0,0.00,576346,1,576346,576346,576346,576346.00,0,,
content_prefix,524d5632080000000400000063616d5f64697363303100000000000000000000,1,1,100.00,0,0.00,0,0.00,0,0.00,0,0.00,145366,1,145366,145366,145366,145366.00,0,,
content_prefix,524d5632080000000400000063616d706169676e6368616f7363686172696f74,8,8,100.00,0,0.00,0,0.00,0,0.00,0,0.00,6906452,8,6906452,509600,1279594,863306.50,0,,
content_prefix,524d5632080000000400000063616d706169676e676f72656265617374636861,4,4,100.00,0,0.00,0,0.00,0,0.00,0,0.00,3310150,4,3310150,131298,1123688,827537.50,0,,
content_prefix,524d5632080000000400000063616d706169676e7365656b657263686172696f,6,6,100.00,0,0.00,0,0.00,0,0.00,0,0.00,7670466,6,7670466,1041696,1957850,1278411.00,0,,
content_prefix,524d5632080000000400000063616d706169676e736c65643032000000000000,1,1,100.00,0,0.00,0,0.00,0,0.00,0,0.00,2974032,1,2974032,2974032,2974032,2974032.00,0,,
content_prefix,524d5632080000000400000063616d706169676e776172636f6d706173733031,1,1,100.00,0,0.00,0,0.00,0,0.00,0,0.00,5185836,1,5185836,5185836,5185836,5185836.00,0,,
content_prefix,524d5632080000000400000063616d706169676e776172736c65643032000000,3,3,100.00,0,0.00,0,0.00,0,0.00,0,0.00,4768598,3,4768598,949770,2869058,1589532.67,0,,
content_prefix,524d5632080000000400000063616d706169676e776f6c6663686172696f7430,5,5,100.00,0,0.00,0,0.00,0,0.00,0,0.00,3051120,5,3051120,127590,811792,610224.00,0,,
content_prefix,524d5632080000000400000063616e6e6f6e3032000000000000000000000000,2,2,100.00,0,0.00,0,0.00,0,0.00,0,0.00,8757520,2,8757520,4264930,4492590,4378760.00,0,,
content_prefix,524d5632080000000400000063616e6e6f6e3033000000000000000000000000,1,1,100.00,0,0.00,0,0.00,0,0.00,0,0.00,137876,1,137876,137876,137876,137876.00,0,,
content_prefix,524d5632080000000400000063656e7461757230310000000000000000000000,20,20,100.00,0,0.00,0,0.00,0,0.00,0,0.00,16835988,20,16835988,405042,1368842,841799.40,0,,
content_prefix,524d5632080000000400000063656e7461757230316200000000000000000000,11,11,100.00,0,0.00,0,0.00,0,0.00,0,0.00,26847800,11,26847800,900380,3804810,2440709.09,0,,
content_prefix,524d5632080000000400000063656e7461757230320000000000000000000000,9,9,100.00,0,0.00,0,0.00,0,0.00,0,0.00,10676694,9,10676694,239450,3215596,1186299.33,0,,
content_prefix,524d5632080000000400000063656e7461757230330000000000000000000000,1,1,100.00,0,0.00,0,0.00,0,0.00,0,0.00,3032002,1,3032002,3032002,3032002,3032002.00,0,,
content_prefix,524d563208000000040000006368616f7363686172696f743031000000000000,4,4,100.00,0,0.00,0,0.00,0,0.00,0,0.00,4044208,4,4044208,810602,1173514,1011052.00,0,,
content_prefix,524d5632080000000400000063686172696f7430310000000000000000000000,3,3,100.00,0,0.00,0,0.00,0,0.00,0,0.00,4190192,3,4190192,559264,2547000,1396730.67,0,,
content_prefix,524d56320800000004000000636f636b61747269636530310000000000000000,2,2,100.00,0,0.00,0,0.00,0,0.00,0,0.00,6579984,2,6579984,3289992,3289992,3289992.00,0,,
content_prefix,524d56320800000004000000636f6c646f6e6563686172696f74303100000000,1,1,100.00,0,0.00,0,0.00,0,0.00,0,0.00,1440712,1,1440712,1440712,1440712,1440712.00,0,,
content_prefix,524d56320800000004000000636f776361726361737330310000000000000000,1,1,100.00,0,0.00,0,0.00,0,0.00,0,0.00,326624,1,326624,326624,326624,326624.00,0,,
content_prefix,524d563208000000040000006372616230310000000000000000000000000000,4,4,100.00,0,0.00,0,0.00,0,0.00,0,0.00,6762552,4,6762552,499814,4314832,1690638.00,0,,
content_prefix,524d563208000000040000006374685f647261676f6e5f69726f6e5f74616c6f,1,1,100.00,0,0.00,0,0.00,0,0.00,0,0.00,216412,1,216412,216412,216412,216412.00,0,,
content_prefix,524d56320800000004000000646f6f6d64697665726361746170756c74303100,1,1,100.00,0,0.00,0,0.00,0,0.00,0,0.00,602760,1,602760,602760,602760,602760.00,0,,
content_prefix,524d56320800000004000000646f6f6d666c6179657230310000000000000000,1,1,100.00,0,0.00,0,0.00,0,0.00,0,0.00,975280,1,975280,975280,975280,975280.00,0,,
content_prefix,524d56320800000004000000647261676f6e3031000000000000000000000000,7,7,100.00,0,0.00,0,0.00,0,0.00,0,0.00,25909808,7,25909808,2288338,5613304,3701401.14,0,,
content_prefix,524d56320800000004000000647261676f6e3032000000000000000000000000,2,2,100.00,0,0.00,0,0.00,0,0.00,0,0.00,9089872,2,9089872,4322606,4767266,4544936.00,0,,
content_prefix,524d56320800000004000000647261676f6e3034000000000000000000000000,6,6,100.00,0,0.00,0,0.00,0,0.00,0,0.00,13345046,6,13345046,1550758,3939214,2224174.33,0,,
content_prefix,524d56320800000004000000647261676f6e30345f6865616400000000000000,2,2,100.00,0,0.00,0,0.00,0,0.00,0,0.00,1048520,2,1048520,226910,821610,524260.00,0,,
content_prefix,524d56320800000004000000647261676f6e3035000000000000000000000000,3,3,100.00,0,0.00,0,0.00,0,0.00,0,0.00,6376512,3,6376512,1468664,2468618,2125504.00,0,,
content_prefix,524d5632080000000400000064726561647175616b6530310000000000000000,2,2,100.00,0,0.00,0,0.00,0,0.00,0,0.00,6018578,2,6018578,2291854,3726724,3009289.00,0,,
content_prefix,524d5632080000000400000064726561647175616b656d6f7274617230310000,1,1,100.00,0,0.00,0,0.00,0,0.00,0,0.00,1006654,1,1006654,1006654,1006654,1006654.00,0,,
content_prefix,524d563208000000040000006675736564637265617475726530310000000000,1,1,100.00,0,0.00,0,0.00,0,0.00,0,0.00,1053568,1,1053568,1053568,1053568,1053568.00,0,,
content_prefix,524d5632080000000400000067686f7374303100000000000000000000000000,14,14,100.00,0,0.00,0,0.00,0,0.00,0,0.00,3071402,14,3071402,94114,592634,219385.86,0,,
content_prefix,524d5632080000000400000067686f7374303300000000000000000000000000,15,15,100.00,0,0.00,0,0.00,0,0.00,0,0.00,8849160,15,8849160,230482,838292,589944.00,0,,
content_prefix,524d5632080000000400000067686f7374303400000000000000000000000000,3,3,100.00,0,0.00,0,0.00,0,0.00,0,0.00,4161736,3,4161736,1303168,1432846,1387245.33,0,,
content_prefix,524d5632080000000400000067686f7374303500000000000000000000000000,1,1,100.00,0,0.00,0,0.00,0,0.00,0,0.00,1235804,1,1235804,1235804,1235804,1235804.00,0,,
content_prefix,524d563208000000040000006769616e74303100000000000000000000000000,4,4,100.00,0,0.00,0,0.00,0,0.00,0,0.00,5556304,4,5556304,470746,2740130,1389076.00,0,,
content_prefix,524d563208000000040000006769616e74303163000000000000000000000000,3,3,100.00,0,0.00,0,0.00,0,0.00,0,0.00,7317206,3,7317206,580520,4546818,2439068.67,0,,
content_prefix,524d563208000000040000006769616e74303200000000000000000000000000,1,1,100.00,0,0.00,0,0.00,0,0.00,0,0.00,8278834,1,8278834,8278834,8278834,8278834.00,0,,
content_prefix,524d563208000000040000006769616e74303300000000000000000000000000,2,2,100.00,0,0.00,0,0.00,0,0.00,0,0.00,7594202,2,7594202,3109710,4484492,3797101.00,0,,
content_prefix,524d56320800000004000000676f626c696e7465616d30310000000000000000,3,3,100.00,0,0.00,0,0.00,0,0.00,0,0.00,2311230,3,2311230,436346,1195258,770410.00,0,,
content_prefix,524d56320800000004000000676f626c696e7465616d30320000000000000000,12,12,100.00,0,0.00,0,0.00,0,0.00,0,0.00,4930998,12,4930998,205716,688586,410916.50,0,,
content_prefix,524d56320800000004000000677261696c303100000000000000000000000000,2,2,100.00,0,0.00,0,0.00,0,0.00,0,0.00,3513438,2,3513438,1371750,2141688,1756719.00,0,,
content_prefix,524d563208000000040000006772616e6463616e6e6f6e303100000000000000,2,2,100.00,0,0.00,0,0.00,0,0.00,0,0.00,2779266,2,2779266,1367352,1411914,1389633.00,0,,
content_prefix,524d56320800000004000000677265617463616e6e6f6e303100000000000000,3,3,100.00,0,0.00,0,0.00,0,0.00,0,0.00,2095548,3,2095548,589298,916952,698516.00,0,,
content_prefix,524d5632080000000400000067726e5f626f6c747468726f7765723031000000,3,3,100.00,0,0.00,0,0.00,0,0.00,0,0.00,2237226,3,2237226,530058,965008,745742.00,0,,
content_prefix,524d563208000000040000006865617679717561647275706564303100000000,2,2,100.00,0,0.00,0,0.00,0,0.00,0,0.00,3629952,2,3629952,1052992,2576960,1814976.00,0,,
content_prefix,524d563208000000040000006865617679717561647275706564303200000000,20,20,100.00,0,0.00,0,0.00,0,0.00,0,0.00,18537898,20,18537898,237794,1433652,926894.90,0,,
content_prefix,524d563208000000040000006865617679717561647275706564303300000000,1,1,100.00,0,0.00,0,0.00,0,0.00,0,0.00,6289228,1,6289228,6289228,6289228,6289228.00,0,,
content_prefix,524d563208000000040000006865617679717561647275706564303362000000,5,5,100.00,0,0.00,0,0.00,0,0.00,0,0.00,14512012,5,14512012,1685760,4972692,2902402.40,0,,
content_prefix,524d563208000000040000006865617679717561647275706564303400000000,4,4,100.00,0,0.00,0,0.00,0,0.00,0,0.00,7001520,4,7001520,1476122,2339292,1750380.00,0,,
content_prefix,524d563208000000040000006865617679717561647275706564303500000000,2,2,100.00,0,0.00,0,0.00,0,0.00,0,0.00,4534258,2,4534258,177124,4357134,2267129.00,0,,
content_prefix,524d5632080000000400000068656c626c617374657230310000000000000000,1,1,100.00,0,0.00,0,0.00,0,0.00,0,0.00,2137960,1,2137960,2137960,2137960,2137960.00,0,,
content_prefix,524d5632080000000400000068656c6c63616e6e6f6e30310000000000000000,1,1,100.00,0,0.00,0,0.00,0,0.00,0,0.00,2628998,1,2628998,2628998,2628998,2628998.00,0,,
content_prefix,524d5632080000000400000068656c73746f726d303100000000000000000000,2,2,100.00,0,0.00,0,0.00,0,0.00,0,0.00,3945832,2,3945832,1953896,1991936,1972916.00,0,,
content_prefix,524d563208000000040000006865776572303100000000000000000000000000,1,1,100.00,0,0.00,0,0.00,0,0.00,0,0.00,3838174,1,3838174,3838174,3838174,3838174.00,0,,
content_prefix,524d56320800000004000000686f727365303100000000000000000000000000,104,104,100.00,0,0.00,0,0.00,0,0.00,0,0.00,77243794,104,77243794,102730,2162744,742728.79,0,,
content_prefix,524d56320800000004000000686f727365303200000000000000000000000000,1,1,100.00,0,0.00,0,0.00,0,0.00,0,0.00,4063792,1,4063792,4063792,4063792,4063792.00,0,,
content_prefix,524d56320800000004000000687531345f7465616d3031000000000000000000,3,3,100.00,0,0.00,0,0.00,0,0.00,0,0.00,5290866,3,5290866,1373292,2471800,1763622.00,0,,
content_prefix,524d563208000000040000006875315f7465616d303100000000000000000000,13,13,100.00,0,0.00,0,0.00,0,0.00,0,0.00,5907478,13,5907478,187080,815268,454421.38,0,,
content_prefix,524d5632080000000400000068756d616e6f6964303100000000000000000000,656,656,100.00,0,0.00,0,0.00,0,0.00,0,0.00,286755360,656,286755360,48172,2782612,437127.07,0,,
content_prefix,524d5632080000000400000068756d616e6f6964303162000000000000000000,154,154,100.00,0,0.00,0,0.00,0,0.00,0,0.00,73296574,154,73296574,74228,1550532,475951.78,0,,
content_prefix,524d5632080000000400000068756d616e6f6964303163000000000000000000,529,529,100.00,0,0.00,0,0.00,0,0.00,0,0.00,290413814,529,290413814,87052,2605938,548986.42,0,,
content_prefix,524d5632080000000400000068756d616e6f6964303164000000000000000000,205,205,100.00,0,0.00,0,0.00,0,0.00,0,0.00,90394684,205,90394684,69628,1852058,440949.68,0,,
content_prefix,524d5632080000000400000068756d616e6f6964303165000000000000000000,89,89,100.00,0,0.00,0,0.00,0,0.00,0,0.00,59921922,89,59921922,155220,2072510,673280.02,0,,
content_prefix,524d5632080000000400000068756d616e6f6964303166000000000000000000,1,1,100.00,0,0.00,0,0.00,0,0.00,0,0.00,1687406,1,1687406,1687406,1687406,1687406.00,0,,
content_prefix,524d5632080000000400000068756d616e6f6964303167000000000000000000,1,1,100.00,0,0.00,0,0.00,0,0.00,0,0.00,2264558,1,2264558,2264558,2264558,2264558.00,0,,
content_prefix,524d5632080000000400000068756d616e6f6964303169000000000000000000,10,10,100.00,0,0.00,0,0.00,0,0.00,0,0.00,12486960,10,12486960,648018,2389476,1248696.00,0,,
content_prefix,524d5632080000000400000068756d616e6f696430316a000000000000000000,14,14,100.00,0,0.00,0,0.00,0,0.00,0,0.00,14882910,14,14882910,456150,1773344,1063065.00,0,,
content_prefix,524d5632080000000400000068756d616e6f696430316c000000000000000000,2,2,100.00,0,0.00,0,0.00,0,0.00,0,0.00,2712180,2,2712180,282888,2429292,1356090.00,0,,
content_prefix,524d5632080000000400000068756d616e6f696430316d000000000000000000,5,5,100.00,0,0.00,0,0.00,0,0.00,0,0.00,3685084,5,3685084,286124,1033148,737016.80,0,,
content_prefix,524d5632080000000400000068756d616e6f6964303200000000000000000000,84,84,100.00,0,0.00,0,0.00,0,0.00,0,0.00,37309484,84,37309484,89348,1936152,444160.52,0,,
content_prefix,524d5632080000000400000068756d616e6f6964303300000000000000000000,249,249,100.00,0,0.00,0,0.00,0,0.00,0,0.00,111471798,249,111471798,56426,2209822,447677.90,0,,
content_prefix,524d5632080000000400000068756d616e6f6964303362000000000000000000,2,2,100.00,0,0.00,0,0.00,0,0.00,0,0.00,2551596,2,2551596,609448,1942148,1275798.00,0,,
content_prefix,524d5632080000000400000068756d616e6f6964303400000000000000000000,8,8,100.00,0,0.00,0,0.00,0,0.00,0,0.00,18082460,8,18082460,906080,4809256,2260307.50,0,,
content_prefix,524d5632080000000400000068756d616e6f6964303462000000000000000000,14,14,100.00,0,0.00,0,0.00,0,0.00,0,0.00,11971700,14,11971700,274552,1735444,855121.43,0,,
content_prefix,524d5632080000000400000068756d616e6f6964303463000000000000000000,13,13,100.00,0,0.00,0,0.00,0,0.00,0,0.00,9903666,13,9903666,255956,2045174,761820.46,0,,
content_prefix,524d5632080000000400000068756d616e6f6964303464000000000000000000,31,31,100.00,0,0.00,0,0.00,0,0.00,0,0.00,15718452,31,15718452,270996,1455016,507046.84,0,,
content_prefix,524d5632080000000400000068756d616e6f6964303466000000000000000000,12,12,100.00,0,0.00,0,0.00,0,0.00,0,0.00,8693254,12,8693254,211340,1395034,724437.83,0,,
content_prefix,524d5632080000000400000068756d616e6f6964303469000000000000000000,6,6,100.00,0,0.00,0,0.00,0,0.00,0,0.00,11357822,6,11357822,1347672,2473702,1892970.33,0,,
content_prefix,524d5632080000000400000068756d616e6f6964303500000000000000000000,140,140,100.00,0,0.00,0,0.00,0,0.00,0,0.00,54479334,140,54479334,76836,1557406,389138.10,0,,
content_prefix,524d5632080000000400000068756d616e6f6964303562000000000000000000,4,4,100.00,0,0.00,0,0.00,0,0.00,0,0.00,3018304,4,3018304,713858,794322,754576.00,0,,
content_prefix,524d5632080000000400000068756d616e6f6964303563000000000000000000,1,1,100.00,0,0.00,0,0.00,0,0.00,0,0.00,631904,1,631904,631904,631904,631904.00,0,,
content_prefix,524d5632080000000400000068756d616e6f6964303600000000000000000000,90,90,100.00,0,0.00,0,0.00,0,0.00,0,0.00,65733344,90,65733344,247762,2363930,730370.49,0,,
content_prefix,524d5632080000000400000068756d616e6f6964303662000000000000000000,14,14,100.00,0,0.00,0,0.00,0,0.00,0,0.00,4628852,14,4628852,99844,619902,330632.29,0,,
content_prefix,524d5632080000000400000068756d616e6f6964303663000000000000000000,1,1,100.00,0,0.00,0,0.00,0,0.00,0,0.00,2909464,1,2909464,2909464,2909464,2909464.00,0,,
content_prefix,524d5632080000000400000068756d616e6f6964303664000000000000000000,1,1,100.00,0,0.00,0,0.00,0,0.00,0,0.00,3587942,1,3587942,3587942,3587942,3587942.00,0,,
content_prefix,524d5632080000000400000068756d616e6f6964303665000000000000000000,14,14,100.00,0,0.00,0,0.00,0,0.00,0,0.00,6894344,14,6894344,150704,828602,492453.14,0,,
content_prefix,524d5632080000000400000068756d616e6f6964303666000000000000000000,37,37,100.00,0,0.00,0,0.00,0,0.00,0,0.00,18291848,37,18291848,211684,988414,494374.27,0,,
content_prefix,524d5632080000000400000068756d616e6f6964303667000000000000000000,1,1,100.00,0,0.00,0,0.00,0,0.00,0,0.00,2492294,1,2492294,2492294,2492294,2492294.00,0,,
content_prefix,524d5632080000000400000068756d616e6f6964303668000000000000000000,1,1,100.00,0,0.00,0,0.00,0,0.00,0,0.00,2432104,1,2432104,2432104,2432104,2432104.00,0,,
content_prefix,524d5632080000000400000068756d616e6f6964303669000000000000000000,1,1,100.00,0,0.00,0,0.00,0,0.00,0,0.00,3176346,1,3176346,3176346,3176346,3176346.00,0,,
content_prefix,524d5632080000000400000068756d616e6f6964303700000000000000000000,16,16,100.00,0,0.00,0,0.00,0,0.00,0,0.00,8355924,16,8355924,276578,850448,522245.25,0,,
content_prefix,524d5632080000000400000068756d616e6f6964303762000000000000000000,24,24,100.00,0,0.00,0,0.00,0,0.00,0,0.00,12932382,24,12932382,302268,1199032,538849.25,0,,
content_prefix,524d5632080000000400000068756d616e6f6964303763000000000000000000,20,20,100.00,0,0.00,0,0.00,0,0.00,0,0.00,14164382,20,14164382,163074,1328902,708219.10,0,,
content_prefix,524d5632080000000400000068756d616e6f6964303764000000000000000000,28,28,100.00,0,0.00,0,0.00,0,0.00,0,0.00,24019094,28,24019094,291992,1552278,857824.79,0,,
content_prefix,524d5632080000000400000068756d616e6f6964303800000000000000000000,47,47,100.00,0,0.00,0,0.00,0,0.00,0,0.00,40268624,47,40268624,208876,3166926,856779.23,0,,
content_prefix,524d5632080000000400000068756d616e6f6964303862000000000000000000,1,1,100.00,0,0.00,0,0.00,0,0.00,0,0.00,1479938,1,1479938,1479938,1479938,1479938.00,0,,
content_prefix,524d5632080000000400000068756d616e6f6964303864000000000000000000,3,3,100.00,0,0.00,0,0.00,0,0.00,0,0.00,3996104,3,3996104,1247754,1416604,1332034.67,0,,
content_prefix,524d5632080000000400000068756d616e6f6964303865000000000000000000,3,3,100.00,0,0.00,0,0.00,0,0.00,0,0.00,9917284,3,9917284,3226684,3366032,3305761.33,0,,
content_prefix,524d5632080000000400000068756d616e6f6964303900000000000000000000,8,8,100.00,0,0.00,0,0.00,0,0.00,0,0.00,9727666,8,9727666,561390,1481940,1215958.25,0,,
content_prefix,524d5632080000000400000068756d616e6f6964303962000000000000000000,16,16,100.00,0,0.00,0,0.00,0,0.00,0,0.00,12955548,16,12955548,408212,1276346,809721.75,0,,
content_prefix,524d5632080000000400000068756d616e6f6964313000000000000000000000,22,22,100.00,0,0.00,0,0.00,0,0.00,0,0.00,29902716,22,29902716,521166,2873510,1359214.36,0,,
content_prefix,524d5632080000000400000068756d616e6f6964313062000000000000000000,6,6,100.00,0,0.00,0,0.00,0,0.00,0,0.00,9841254,6,9841254,1610776,1657464,1640209.00,0,,
content_prefix,524d5632080000000400000068756d616e6f6964313063000000000000000000,9,9,100.00,0,0.00,0,0.00,0,0.00,0,0.00,13793788,9,13793788,359332,3101534,1532643.11,0,,
content_prefix,524d5632080000000400000068756d616e6f6964313064000000000000000000,3,3,100.00,0,0.00,0,0.00,0,0.00,0,0.00,2017950,3,2017950,525250,942578,672650.00,0,,
content_prefix,524d5632080000000400000068756d616e6f6964313065000000000000000000,247,247,100.00,0,0.00,0,0.00,0,0.00,0,0.00,156964040,247,156964040,184754,4100700,635481.94,0,,
content_prefix,524d5632080000000400000068756d616e6f6964313066000000000000000000,1,1,100.00,0,0.00,0,0.00,0,0.00,0,0.00,3555062,1,3555062,3555062,3555062,3555062.00,0,,
content_prefix,524d5632080000000400000068756d616e6f6964313100000000000000000000,1,1,100.00,0,0.00,0,0.00,0,0.00,0,0.00,3183790,1,3183790,3183790,3183790,3183790.00,0,,
content_prefix,524d5632080000000400000068756d616e6f6964313162000000000000000000,1,1,100.00,0,0.00,0,0.00,0,0.00,0,0.00,5224826,1,5224826,5224826,5224826,5224826.00,0,,
content_prefix,524d5632080000000400000068756d616e6f6964313200000000000000000000,53,53,100.00,0,0.00,0,0.00,0,0.00,0,0.00,36554096,53,36554096,270010,1818118,689699.92,0,,
content_prefix,524d5632080000000400000068756d616e6f6964313262000000000000000000,1,1,100.00,0,0.00,0,0.00,0,0.00,0,0.00,2358804,1,2358804,2358804,2358804,2358804.00,0,,
content_prefix,524d5632080000000400000068756d616e6f6964313300000000000000000000,95,95,100.00,0,0.00,0,0.00,0,0.00,0,0.00,86522608,95,86522608,98262,2650334,910764.29,0,,
content_prefix,524d5632080000000400000068756d616e6f6964313362000000000000000000,9,9,100.00,0,0.00,0,0.00,0,0.00,0,0.00,12136912,9,12136912,700280,2533656,1348545.78,0,,
content_prefix,524d5632080000000400000068756d616e6f6964313364000000000000000000,5,5,100.00,0,0.00,0,0.00,0,0.00,0,0.00,3611698,5,3611698,205796,2167694,722339.60,0,,
content_prefix,524d5632080000000400000068756d616e6f6964313365000000000000000000,3,3,100.00,0,0.00,0,0.00,0,0.00,0,0.00,2469290,3,2469290,98268,1940446,823096.67,0,,
content_prefix,524d5632080000000400000068756d616e6f6964313400000000000000000000,18,18,100.00,0,0.00,0,0.00,0,0.00,0,0.00,17451774,18,17451774,771228,1140950,969543.00,0,,
content_prefix,524d5632080000000400000068756d616e6f6964313600000000000000000000,57,57,100.00,0,0.00,0,0.00,0,0.00,0,0.00,20309864,57,20309864,91082,728006,356313.40,0,,
content_prefix,524d5632080000000400000068756d616e6f6964313662000000000000000000,20,20,100.00,0,0.00,0,0.00,0,0.00,0,0.00,27829538,20,27829538,380184,3547930,1391476.90,0,,
content_prefix,524d5632080000000400000068756d616e6f6964313663000000000000000000,2,2,100.00,0,0.00,0,0.00,0,0.00,0,0.00,2284550,2,2284550,299062,1985488,1142275.00,0,,
content_prefix,524d5632080000000400000068756d616e6f6964313700000000000000000000,26,26,100.00,0,0.00,0,0.00,0,0.00,0,0.00,22317260,26,22317260,174898,1585564,858356.15,0,,
content_prefix,524d5632080000000400000068756d616e6f6964313800000000000000000000,2,2,100.00,0,0.00,0,0.00,0,0.00,0,0.00,3831502,2,3831502,1649750,2181752,1915751.00,0,,
content_prefix,524d5632080000000400000068756d616e6f6964313863000000000000000000,3,3,100.00,0,0.00,0,0.00,0,0.00,0,0.00,7108492,3,7108492,2082630,2866884,2369497.33,0,,
content_prefix,524d5632080000000400000068756d616e6f6964323000000000000000000000,3,3,100.00,0,0.00,0,0.00,0,0.00,0,0.00,547478,3,547478,149296,203366,182492.67,0,,
content_prefix,524d5632080000000400000068756d616e6f6964323100000000000000000000,4,4,100.00,0,0.00,0,0.00,0,0.00,0,0.00,15584040,4,15584040,3509476,4522744,3896010.00,0,,
content_prefix,524d5632080000000400000068756d616e6f6964323200000000000000000000,6,6,100.00,0,0.00,0,0.00,0,0.00,0,0.00,8134078,6,8134078,547014,2178050,1355679.67,0,,
content_prefix,524d5632080000000400000068756d616e6f6964323300000000000000000000,38,38,100.00,0,0.00,0,0.00,0,0.00,0,0.00,47933358,38,47933358,569684,2208730,1261404.16,0,,
content_prefix,524d563208000000040000006879627269646372656174757265303100000000,3,3,100.00,0,0.00,0,0.00,0,0.00,0,0.00,5545380,3,5545380,1673484,1963334,1848460.00,0,,
content_prefix,524d563208000000040000006879627269646372656174757265303200000000,65,65,100.00,0,0.00,0,0.00,0,0.00,0,0.00,39068934,65,39068934,114784,1588454,601060.52,0,,
content_prefix,524d563208000000040000006879627269646372656174757265303400000000,2,2,100.00,0,0.00,0,0.00,0,0.00,0,0.00,6625110,2,6625110,3069786,3555324,3312555.00,0,,
content_prefix,524d563208000000040000006879627269646372656174757265303700000000,6,6,100.00,0,0.00,0,0.00,0,0.00,0,0.00,7937590,6,7937590,831248,2040510,1322931.67,0,,
content_prefix,524d563208000000040000006879627269646372656174757265303800000000,1,1,100.00,0,0.00,0,0.00,0,0.00,0,0.00,1492042,1,1492042,1492042,1492042,1492042.00,0,,
content_prefix,524d563208000000040000006879627269646372656174757265303900000000,3,3,100.00,0,0.00,0,0.00,0,0.00,0,0.00,1866352,3,1866352,119300,1048208,622117.33,0,,
content_prefix,524d56320800000004000000696e736563743031000000000000000000000000,3,3,100.00,0,0.00,0,0.00,0,0.00,0,0.00,3913452,3,3913452,1233270,1392434,1304484.00,0,,
content_prefix,524d563208000000040000006c616e6473686970303200000000000000000000,1,1,100.00,0,0.00,0,0.00,0,0.00,0,0.00,4488026,1,4488026,4488026,4488026,4488026.00,0,,
content_prefix,524d563208000000040000006c6974746c6567726f6d30310000000000000000,1,1,100.00,0,0.00,0,0.00,0,0.00,0,0.00,1095324,1,1095324,1095324,1095324,1095324.00,0,,
content_prefix,524d563208000000040000006c697a6172643031000000000000000000000000,4,4,100.00,0,0.00,0,0.00,0,0.00,0,0.00,3717556,4,3717556,849590,1114996,929389.00,0,,
content_prefix,524d563208000000040000006c697a6172643032000000000000000000000000,2,2,100.00,0,0.00,0,0.00,0,0.00,0,0.00,6837810,2,6837810,3268874,3568936,3418905.00,0,,
content_prefix,524d563208000000040000006c6f636f6d6f7469766530310000000000000000,3,3,100.00,0,0.00,0,0.00,0,0.00,0,0.00,18160284,3,18160284,5407960,7253226,6053428.00,0,,
content_prefix,524d563208000000040000006c756d696e61726b303100000000000000000000,2,2,100.00,0,0.00,0,0.00,0,0.00,0,0.00,7873224,2,7873224,3934446,3938778,3936612.00,0,,
content_prefix,524d563208000000040000006e6f6e6500000000000000000000000000000000,3,3,100.00,0,0.00,0,0.00,0,0.00,0,0.00,581096,3,581096,158040,236896,193698.67,0,,
content_prefix,524d563208000000040000006f67726573686970303100000000000000000000,2,2,100.00,0,0.00,0,0.00,0,0.00,0,0.00,1368546,2,1368546,497638,870908,684273.00,0,,
content_prefix,524d563208000000040000006f78656e30310000000000000000000000000000,9,9,100.00,0,0.00,0,0.00,0,0.00,0,0.00,12927618,9,12927618,396832,2980256,1436402.00,0,,
content_prefix,524d56320800000004000000705f61726d30315f676830350000000000000000,1,1,100.00,0,0.00,0,0.00,0,0.00,0,0.00,193260,1,193260,193260,193260,193260.00,0,,
content_prefix,524d56320800000004000000705f61726d30315f687531630000000000000000,1,1,100.00,0,0.00,0,0.00,0,0.00,0,0.00,513658,1,513658,513658,513658,513658.00,0,,
content_prefix,524d56320800000004000000705f6178655f6875313262000000000000000000,1,1,100.00,0,0.00,0,0.00,0,0.00,0,0.00,268838,1,268838,268838,268838,268838.00,0,,
content_prefix,524d56320800000004000000705f62616e6e657230315f6875316a0000000000,1,1,100.00,0,0.00,0,0.00,0,0.00,0,0.00,298814,1,298814,298814,298814,298814.00,0,,
content_prefix,524d56320800000004000000705f626f6f6b30315f6875313400000000000000,1,1,100.00,0,0.00,0,0.00,0,0.00,0,0.00,60708,1,60708,60708,60708,60708.00,0,,
content_prefix,524d56320800000004000000705f626f7730315f687531650000000000000000,1,1,100.00,0,0.00,0,0.00,0,0.00,0,0.00,48688,1,48688,48688,48688,48688.00,0,,
content_prefix,524d56320800000004000000705f63656e73657230315f687531370000000000,3,3,100.00,0,0.00,0,0.00,0,0.00,0,0.00,525326,3,525326,141374,196410,175108.67,0,,
content_prefix,524d56320800000004000000705f63656e73657230325f687539620000000000,1,1,100.00,0,0.00,0,0.00,0,0.00,0,0.00,554840,1,554840,554840,554840,554840.00,0,,
content_prefix,524d56320800000004000000705f636f6e74726f6c735f6c65667430315f6c6f,2,2,100.00,0,0.00,0,0.00,0,0.00,0,0.00,270800,2,270800,135352,135448,135400.00,0,,
content_prefix,524d56320800000004000000705f636f6e74726f6c735f726967687430315f6c,2,2,100.00,0,0.00,0,0.00,0,0.00,0,0.00,256972,2,256972,128220,128752,128486.00,0,,
content_prefix,524d56320800000004000000705f63726f7373626f7730315f68753100000000,3,3,100.00,0,0.00,0,0.00,0,0.00,0,0.00,606824,3,606824,143588,292076,202274.67,0,,
content_prefix,524d56320800000004000000705f63726f7373626f7730315f68753165000000,3,3,100.00,0,0.00,0,0.00,0,0.00,0,0.00,568430,3,568430,137512,217944,189476.67,0,,
content_prefix,524d56320800000004000000705f63726f7373626f7730315f68753300000000,2,2,100.00,0,0.00,0,0.00,0,0.00,0,0.00,356394,2,356394,125496,230898,178197.00,0,,
content_prefix,524d56320800000004000000705f63726f7373626f773031625f687531640000,4,4,100.00,0,0.00,0,0.00,0,0.00,0,0.00,800104,4,800104,132388,318178,200026.00,0,,
content_prefix,524d56320800000004000000705f63726f7373626f775f736b79637574746572,2,2,100.00,0,0.00,0,0.00,0,0.00,0,0.00,232690,2,232690,49772,182918,116345.00,0,,
content_prefix,524d56320800000004000000705f64726561647175616b6562656c6c6f77735f,1,1,100.00,0,0.00,0,0.00,0,0.00,0,0.00,215648,1,215648,215648,215648,215648.00,0,,
content_prefix,524d56320800000004000000705f65796562616c6c30315f6875323200000000,2,2,100.00,0,0.00,0,0.00,0,0.00,0,0.00,179752,2,179752,64904,114848,89876.00,0,,
content_prefix,524d56320800000004000000705f66616e6174696362616c6c30315f68753500,2,2,100.00,0,0.00,0,0.00,0,0.00,0,0.00,315592,2,315592,82708,232884,157796.00,0,,
content_prefix,524d56320800000004000000705f666c6167315f626333000000000000000000,1,1,100.00,0,0.00,0,0.00,0,0.00,0,0.00,637646,1,637646,637646,637646,637646.00,0,,
content_prefix,524d56320800000004000000705f666c61696c30315f68753033000000000000,2,2,100.00,0,0.00,0,0.00,0,0.00,0,0.00,369706,2,369706,155752,213954,184853.00,0,,
content_prefix,524d56320800000004000000705f666c61696c30315f68753133000000000000,1,1,100.00,0,0.00,0,0.00,0,0.00,0,0.00,124306,1,124306,124306,124306,124306.00,0,,
content_prefix,524d56320800000004000000705f666c61696c30315f68753163000000000000,3,3,100.00,0,0.00,0,0.00,0,0.00,0,0.00,467840,3,467840,146806,161700,155946.67,0,,
content_prefix,524d56320800000004000000705f6775747330315f6263340000000000000000,1,1,100.00,0,0.00,0,0.00,0,0.00,0,0.00,43960,1,43960,43960,43960,43960.00,0,,
content_prefix,524d56320800000004000000705f68756d616e6f69643130635f61726d730000,4,4,100.00,0,0.00,0,0.00,0,0.00,0,0.00,1377788,4,1377788,255282,433612,344447.00,0,,
content_prefix,524d56320800000004000000705f6c6f6e67626f7730315f6875310000000000,4,4,100.00,0,0.00,0,0.00,0,0.00,0,0.00,345674,4,345674,46316,133872,86418.50,0,,
content_prefix,524d56320800000004000000705f6c6f6e67626f7730315f6875316400000000,1,1,100.00,0,0.00,0,0.00,0,0.00,0,0.00,36744,1,36744,36744,36744,36744.00,0,,
content_prefix,524d56320800000004000000705f6d6167676f7430315f626334000000000000,2,2,100.00,0,0.00,0,0.00,0,0.00,0,0.00,243930,2,243930,35480,208450,121965.00,0,,
content_prefix,524d56320800000004000000705f7061676530315f687531345f743100000000,2,2,100.00,0,0.00,0,0.00,0,0.00,0,0.00,57248,2,57248,28624,28624,28624.00,0,,
content_prefix,524d56320800000004000000705f706f6c6561786530315f6875313300000000,1,1,100.00,0,0.00,0,0.00,0,0.00,0,0.00,204172,1,204172,204172,204172,204172.00,0,,
content_prefix,524d56320800000004000000705f7269666c6530315f68753100000000000000,2,2,100.00,0,0.00,0,0.00,0,0.00,0,0.00,228830,2,228830,104020,124810,114415.00,0,,
content_prefix,524d56320800000004000000705f7269666c6530315f68753300000000000000,1,1,100.00,0,0.00,0,0.00,0,0.00,0,0.00,371396,1,371396,371396,371396,371396.00,0,,
content_prefix,524d56320800000004000000705f7363726f6c6c30315f687534640000000000,1,1,100.00,0,0.00,0,0.00,0,0.00,0,0.00,17908,1,17908,17908,17908,17908.00,0,,
content_prefix,524d56320800000004000000705f736576657265646865616430315f68753163,3,3,100.00,0,0.00,0,0.00,0,0.00,0,0.00,365118,3,365118,79400,172950,121706.00,0,,
content_prefix,524d56320800000004000000705f736869656c6430315f687531366300000000,1,1,100.00,0,0.00,0,0.00,0,0.00,0,0.00,202402,1,202402,202402,202402,202402.00,0,,
content_prefix,524d56320800000004000000705f73686f7274626f7730315f68753100000000,1,1,100.00,0,0.00,0,0.00,0,0.00,0,0.00,96474,1,96474,96474,96474,96474.00,0,,
content_prefix,524d56320800000004000000705f73686f7274626f7730315f68753500000000,1,1,100.00,0,0.00,0,0.00,0,0.00,0,0.00,54542,1,54542,54542,54542,54542.00,0,,
content_prefix,524d56320800000004000000705f736e616b6530315f68753162000000000000,1,1,100.00,0,0.00,0,0.00,0,0.00,0,0.00,110148,1,110148,110148,110148,110148.00,0,,
content_prefix,524d56320800000004000000705f737461666630315f68753130630000000000,1,1,100.00,0,0.00,0,0.00,0,0.00,0,0.00,185236,1,185236,185236,185236,185236.00,0,,
content_prefix,524d56320800000004000000705f7374616e6461726430315f68753100000000,1,1,100.00,0,0.00,0,0.00,0,0.00,0,0.00,310410,1,310410,310410,310410,310410.00,0,,
content_prefix,524d56320800000004000000705f74656c6573636f706530315f687531000000,1,1,100.00,0,0.00,0,0.00,0,0.00,0,0.00,137586,1,137586,137586,137586,137586.00,0,,
content_prefix,524d56320800000004000000705f746f6e67756530315f687531330000000000,1,1,100.00,0,0.00,0,0.00,0,0.00,0,0.00,34804,1,34804,34804,34804,34804.00,0,,
content_prefix,524d56320800000004000000705f7761726472756d5f736b696e000000000000,2,2,100.00,0,0.00,0,0.00,0,0.00,0,0.00,466924,2,466924,227312,239612,233462.00,0,,
content_prefix,524d56320800000004000000705f776865656c30315f68753033000000000000,1,1,100.00,0,0.00,0,0.00,0,0.00,0,0.00,92622,1,92622,92622,92622,92622.00,0,,
content_prefix,524d56320800000004000000705f7768697030315f6875310000000000000000,1,1,100.00,0,0.00,0,0.00,0,0.00,0,0.00,99060,1,99060,99060,99060,99060.00,0,,
content_prefix,524d56320800000004000000705f7768697030315f6875313000000000000000,1,1,100.00,0,0.00,0,0.00,0,0.00,0,0.00,188318,1,188318,188318,188318,188318.00,0,,
content_prefix,524d56320800000004000000705f7768697030315f6875316300000000000000,1,1,100.00,0,0.00,0,0.00,0,0.00,0,0.00,78210,1,78210,78210,78210,78210.00,0,,
content_prefix,524d56320800000004000000705f7768697030315f6875316400000000000000,3,3,100.00,0,0.00,0,0.00,0,0.00,0,0.00,393602,3,393602,130296,132924,131200.67,0,,
content_prefix,524d56320800000004000000705f7768697030315f6875320000000000000000,1,1,100.00,0,0.00,0,0.00,0,0.00,0,0.00,73494,1,73494,73494,73494,73494.00,0,,
content_prefix,524d56320800000004000000705f7768697030315f6875350000000000000000,1,1,100.00,0,0.00,0,0.00,0,0.00,0,0.00,73158,1,73158,73158,73158,73158.00,0,,
content_prefix,524d5632080000000400000070616c616e7175696e3031000000000000000000,4,4,100.00,0,0.00,0,0.00,0,0.00,0,0.00,13733816,4,13733816,1444476,6517844,3433454.00,0,,
content_prefix,524d5632080000000400000070756d707761676f6e3031000000000000000000,4,4,100.00,0,0.00,0,0.00,0,0.00,0,0.00,13416144,4,13416144,2892194,3756976,3354036.00,0,,
content_prefix,524d56320800000004000000726170746f723031000000000000000000000000,6,6,100.00,0,0.00,0,0.00,0,0.00,0,0.00,5022494,6,5022494,509108,1229740,837082.33,0,,
content_prefix,524d56320800000004000000726170746f723032000000000000000000000000,11,11,100.00,0,0.00,0,0.00,0,0.00,0,0.00,6153204,11,6153204,453340,710518,559382.18,0,,
content_prefix,524d56320800000004000000726170746f7230325f7465616d00000000000000,4,4,100.00,0,0.00,0,0.00,0,0.00,0,0.00,2708556,4,2708556,266896,1114724,677139.00,0,,
content_prefix,524d56320800000004000000726170746f723032620000000000000000000000,1,1,100.00,0,0.00,0,0.00,0,0.00,0,0.00,1275374,1,1275374,1275374,1275374,1275374.00,0,,
content_prefix,524d56320800000004000000726170746f723033000000000000000000000000,3,3,100.00,0,0.00,0,0.00,0,0.00,0,0.00,4513322,3,4513322,1146028,2085180,1504440.67,0,,
content_prefix,524d56320800000004000000726170746f723034000000000000000000000000,1,1,100.00,0,0.00,0,0.00,0,0.00,0,0.00,1607192,1,1607192,1607192,1607192,1607192.00,0,,
content_prefix,524d563208000000040000007261743031000000000000000000000000000000,3,3,100.00,0,0.00,0,0.00,0,0.00,0,0.00,5565702,3,5565702,1321242,2402386,1855234.00,0,,
content_prefix,524d5632080000000400000073636f7270696f6e303100000000000000000000,3,3,100.00,0,0.00,0,0.00,0,0.00,0,0.00,5873356,3,5873356,1953992,1962112,1957785.33,0,,
content_prefix,524d5632080000000400000073637261706c61756e6368657230310000000000,2,2,100.00,0,0.00,0,0.00,0,0.00,0,0.00,7882836,2,7882836,2893910,4988926,3941418.00,0,,
content_prefix,524d563208000000040000007365616d6f6e7374657230320000000000000000,2,2,100.00,0,0.00,0,0.00,0,0.00,0,0.00,2937406,2,2937406,1467152,1470254,1468703.00,0,,
content_prefix,524d563208000000040000007365656b657263686172696f7430310000000000,1,1,100.00,0,0.00,0,0.00,0,0.00,0,0.00,993312,1,993312,993312,993312,993312.00,0,,
content_prefix,524d56320800000004000000736b6172736e696b303100000000000000000000,2,2,100.00,0,0.00,0,0.00,0,0.00,0,0.00,1929092,2,1929092,720090,1209002,964546.00,0,,
content_prefix,524d56320800000004000000736b796375747465723031000000000000000000,8,8,100.00,0,0.00,0,0.00,0,0.00,0,0.00,8590024,8,8590024,269152,1913332,1073753.00,0,,
content_prefix,524d56320800000004000000736b796a756e6b30310000000000000000000000,2,2,100.00,0,0.00,0,0.00,0,0.00,0,0.00,6998940,2,6998940,1808992,5189948,3499470.00,0,,
content_prefix,524d56320800000004000000736c61616e65736870616c616365303100000000,1,1,100.00,0,0.00,0,0.00,0,0.00,0,0.00,1067410,1,1067410,1067410,1067410,1067410.00,0,,
content_prefix,524d56320800000004000000736c656430310000000000000000000000000000,1,1,100.00,0,0.00,0,0.00,0,0.00,0,0.00,2124976,1,2124976,2124976,2124976,2124976.00,0,,
content_prefix,524d56320800000004000000736c656430320000000000000000000000000000,1,1,100.00,0,0.00,0,0.00,0,0.00,0,0.00,2437580,1,2437580,2437580,2437580,2437580.00,0,,
content_prefix,524d56320800000004000000736c656430325f796f6b65303100000000000000,1,1,100.00,0,0.00,0,0.00,0,0.00,0,0.00,469922,1,469922,469922,469922,469922.00,0,,
content_prefix,524d56320800000004000000736e616b65303100000000000000000000000000,26,26,100.00,0,0.00,0,0.00,0,0.00,0,0.00,10412648,26,10412648,215452,705368,400486.46,0,,
content_prefix,524d56320800000004000000736e616b65303162000000000000000000000000,1,1,100.00,0,0.00,0,0.00,0,0.00,0,0.00,1530034,1,1530034,1530034,1530034,1530034.00,0,,
content_prefix,524d56320800000004000000736e616b65303200000000000000000000000000,5,5,100.00,0,0.00,0,0.00,0,0.00,0,0.00,6944780,5,6944780,1062228,1631620,1388956.00,0,,
content_prefix,524d56320800000004000000736e616b65303262000000000000000000000000,3,3,100.00,0,0.00,0,0.00,0,0.00,0,0.00,6161188,3,6161188,2036428,2062394,2053729.33,0,,
content_prefix,524d56320800000004000000736e616b65303263000000000000000000000000,7,7,100.00,0,0.00,0,0.00,0,0.00,0,0.00,9457028,7,9457028,288188,3989448,1351004.00,0,,
content_prefix,524d56320800000004000000736e616b65303300000000000000000000000000,3,3,100.00,0,0.00,0,0.00,0,0.00,0,0.00,4486918,3,4486918,1250100,1942162,1495639.33,0,,
content_prefix,524d56320800000004000000736e616b65303400000000000000000000000000,1,1,100.00,0,0.00,0,0.00,0,0.00,0,0.00,1865842,1,1865842,1865842,1865842,1865842.00,0,,
content_prefix,524d563208000000040000007370696465723031000000000000000000000000,12,12,100.00,0,0.00,0,0.00,0,0.00,0,0.00,5168504,12,5168504,132080,1367038,430708.67,0,,
content_prefix,524d563208000000040000007370696465723031620000000000000000000000,3,3,100.00,0,0.00,0,0.00,0,0.00,0,0.00,2905506,3,2905506,719980,1465546,968502.00,0,,
content_prefix,524d563208000000040000007374616730310000000000000000000000000000,19,19,100.00,0,0.00,0,0.00,0,0.00,0,0.00,11520638,19,11520638,494854,641670,606349.37,0,,
content_prefix,524d56320800000004000000737465616d74616e6b3031000000000000000000,5,5,100.00,0,0.00,0,0.00,0,0.00,0,0.00,9710566,5,9710566,66644,3457486,1942113.20,0,,
content_prefix,524d56320800000004000000737465616d74616e6b303163616e6e6f6e303100,2,2,100.00,0,0.00,0,0.00,0,0.00,0,0.00,208480,2,208480,59252,149228,104240.00,0,,
content_prefix,524d56320800000004000000737465616d74616e6b3031747572726574303100,2,2,100.00,0,0.00,0,0.00,0,0.00,0,0.00,491846,2,491846,239648,252198,245923.00,0,,
content_prefix,524d5632080000000400000074656e7461636c65303200000000000000000000,1,1,100.00,0,0.00,0,0.00,0,0.00,0,0.00,83986,1,83986,83986,83986,83986.00,0,,
content_prefix,524d563208000000040000007468726f6e653031000000000000000000000000,24,24,100.00,0,0.00,0,0.00,0,0.00,0,0.00,16380958,24,16380958,108860,1370130,682539.92,0,,
content_prefix,524d563208000000040000007468726f6e653032000000000000000000000000,1,1,100.00,0,0.00,0,0.00,0,0.00,0,0.00,2307240,1,2307240,2307240,2307240,2307240.00,0,,
content_prefix,524d56320800000004000000746972616e6f6363686172696f74303100000000,2,2,100.00,0,0.00,0,0.00,0,0.00,0,0.00,1528034,2,1528034,651950,876084,764017.00,0,,
content_prefix,524d56320800000004000000746f616430310000000000000000000000000000,3,3,100.00,0,0.00,0,0.00,0,0.00,0,0.00,2468952,3,2468952,814576,827752,822984.00,0,,
content_prefix,524d563208000000040000007472656500000000000000000000000000000000,133,133,100.00,0,0.00,0,0.00,0,0.00,0,0.00,70947184,133,70947184,23968,3440500,533437.47,0,,
content_prefix,524d563208000000040000007761676f6e303100000000000000000000000000,3,3,100.00,0,0.00,0,0.00,0,0.00,0,0.00,10453430,3,10453430,2122326,5473352,3484476.67,0,,
content_prefix,524d56320800000004000000776172636f6d7061737330310000000000000000,1,1,100.00,0,0.00,0,0.00,0,0.00,0,0.00,3333640,1,3333640,3333640,3333640,3333640.00,0,,
content_prefix,524d563208000000040000007761726472756d30310000000000000000000000,2,2,100.00,0,0.00,0,0.00,0,0.00,0,0.00,3341332,2,3341332,1654378,1686954,1670666.00,0,,
content_prefix,524d56320800000004000000776172736872696e653031000000000000000000,7,7,100.00,0,0.00,0,0.00,0,0.00,0,0.00,13213962,7,13213962,1008768,2334446,1887708.86,0,,
content_prefix,524d56320800000004000000776172736c656430310000000000000000000000,2,2,100.00,0,0.00,0,0.00,0,0.00,0,0.00,5035336,2,5035336,2506064,2529272,2517668.00,0,,
content_prefix,524d56320800000004000000776f6c6630310000000000000000000000000000,33,33,100.00,0,0.00,0,0.00,0,0.00,0,0.00,12181752,33,12181752,144420,694108,369144.00,0,,
content_prefix,524d56320800000004000000776f6c6663686172696f74303100000000000000,1,1,100.00,0,0.00,0,0.00,0,0.00,0,0.00,451682,1,451682,451682,451682,451682.00,0,,
content_prefix,524d563208000000040000007a657070656c696e303100000000000000000000,1,1,100.00,0,0.00,0,0.00,0,0.00,0,0.00,7061012,1,7061012,7061012,7061012,7061012.00,0,,
content_prefix,524d563208000000040000007a657070656c696e30315f626f6d625f6c656674,2,2,100.00,0,0.00,0,0.00,0,0.00,0,0.00,164140,2,164140,38508,125632,82070.00,0,,
content_prefix,524d563208000000040000007a657070656c696e30315f626f6d625f72696768,2,2,100.00,0,0.00,0,0.00,0,0.00,0,0.00,195776,2,195776,38508,157268,97888.00,0,,
content_prefix,524d563208000000040000007a657070656c696e30315f63616e6e6f6e000000,1,1,100.00,0,0.00,0,0.00,0,0.00,0,0.00,60492,1,60492,60492,60492,60492.00,0,,
content_prefix,524d563208000000040000007a657070656c696e30315f686172706f6f6e0000,1,1,100.00,0,0.00,0,0.00,0,0.00,0,0.00,62604,1,62604,62604,62604,62604.00,0,,
content_prefix,524d563208000000050000000000000000000000000000000000000000000000,397,397,100.00,0,0.00,0,0.00,0,0.00,0,0.00,116303496,397,116303496,13748,3011870,292955.91,0,,
content_prefix,524d563208000000050000006269726430320000000000000000000000000000,3,3,100.00,0,0.00,0,0.00,0,0.00,0,0.00,4090942,3,4090942,567224,2395044,1363647.33,0,,
content_prefix,524d563208000000050000006275696c64696e67000000000000000000000000,23,23,100.00,0,0.00,0,0.00,0,0.00,0,0.00,28344402,23,28344402,19842,3858624,1232365.30,0,,
content_prefix,524d5632080000000500000063616e6e6f6e3031000000000000000000000000,1,1,100.00,0,0.00,0,0.00,0,0.00,0,0.00,793744,1,793744,793744,793744,793744.00,0,,
content_prefix,524d56320800000005000000647261676f6e3031000000000000000000000000,2,2,100.00,0,0.00,0,0.00,0,0.00,0,0.00,8485118,2,8485118,3562500,4922618,4242559.00,0,,
content_prefix,524d56320800000005000000647261676f6e3031620000000000000000000000,2,2,100.00,0,0.00,0,0.00,0,0.00,0,0.00,10717144,2,10717144,4467358,6249786,5358572.00,0,,
content_prefix,524d563208000000050000006772756467657468726f77657230310000000000,1,1,100.00,0,0.00,0,0.00,0,0.00,0,0.00,718264,1,718264,718264,718264,718264.00,0,,
content_prefix,524d563208000000050000006779726f626f6d62657230310000000000000000,1,1,100.00,0,0.00,0,0.00,0,0.00,0,0.00,988256,1,988256,988256,988256,988256.00,0,,
content_prefix,524d563208000000050000006779726f636f7074657230310000000000000000,3,3,100.00,0,0.00,0,0.00,0,0.00,0,0.00,1075344,3,1075344,44560,926090,358448.00,0,,
content_prefix,524d563208000000050000006865617679717561647275706564303100000000,6,6,100.00,0,0.00,0,0.00,0,0.00,0,0.00,12607514,6,12607514,1827802,2556168,2101252.33,0,,
content_prefix,524d563208000000050000006879627269646372656174757265303200000000,2,2,100.00,0,0.00,0,0.00,0,0.00,0,0.00,1283112,2,1283112,641556,641556,641556.00,0,,
content_prefix,524d563208000000050000006c756d696e61726b303100000000000000000000,1,1,100.00,0,0.00,0,0.00,0,0.00,0,0.00,2820262,1,2820262,2820262,2820262,2820262.00,0,,
content_prefix,524d563208000000050000006e7572676c657368697030310000000000000000,2,2,100.00,0,0.00,0,0.00,0,0.00,0,0.00,2768956,2,2768956,1299676,1469280,1384478.00,0,,
content_prefix,524d563208000000050000006f7267616e67756e303100000000000000000000,1,1,100.00,0,0.00,0,0.00,0,0.00,0,0.00,1037240,1,1037240,1037240,1037240,1037240.00,0,,
content_prefix,524d56320800000005000000726170746f723033620000000000000000000000,4,4,100.00,0,0.00,0,0.00,0,0.00,0,0.00,8339482,4,8339482,1345888,2915218,2084870.50,0,,
content_prefix,524d56320800000005000000726f636b6c6f6262657230310000000000000000,1,1,100.00,0,0.00,0,0.00,0,0.00,0,0.00,1021984,1,1021984,1021984,1021984,1021984.00,0,,
content_prefix,524d56320800000005000000736c61616e657368736869703031000000000000,2,2,100.00,0,0.00,0,0.00,0,0.00,0,0.00,1813314,2,1813314,837588,975726,906657.00,0,,
content_prefix,524d563208000000050000007370696465723031000000000000000000000000,1,1,100.00,0,0.00,0,0.00,0,0.00,0,0.00,1037332,1,1037332,1037332,1037332,1037332.00,0,,
content_prefix,524d563208000000050000007472656500000000000000000000000000000000,91,91,100.00,0,0.00,0,0.00,0,0.00,0,0.00,40099436,91,40099436,49292,2061986,440653.14,0,,
content_prefix,524d56320800000005000000776f726d30320000000000000000000000000000,1,1,100.00,0,0.00,0,0.00,0,0.00,0,0.00,384828,1,384828,384828,384828,384828.00,0,,
content_prefix,524d563208000000060000006275696c64696e67000000000000000000000000,2,2,100.00,0,0.00,0,0.00,0,0.00,0,0.00,1733960,2,1733960,823686,910274,866980.00,0,,
content_prefix,524d56320800000006000000647261676f6e3031000000000000000000000000,1,1,100.00,0,0.00,0,0.00,0,0.00,0,0.00,5132572,1,5132572,5132572,5132572,5132572.00,0,,
content_prefix,524d56320800000006000000666c616d6563616e6e6f6e303100000000000000,1,1,100.00,0,0.00,0,0.00,0,0.00,0,0.00,894810,1,894810,894810,894810,894810.00,0,,
content_prefix,524d5632080000000600000068756d616e6f6964303400000000000000000000,1,1,100.00,0,0.00,0,0.00,0,0.00,0,0.00,2062172,1,2062172,2062172,2062172,2062172.00,0,,
content_prefix,524d563208000000060000007370696465723031000000000000000000000000,2,2,100.00,0,0.00,0,0.00,0,0.00,0,0.00,1587220,2,1587220,793610,793610,793610.00,0,,
